-- phpMyAdmin SQL Dump
-- version 4.6.6deb5ubuntu0.5
-- https://www.phpmyadmin.net/
--
-- Host: localhost:3306
-- Generation Time: May 13, 2021 at 07:46 AM
-- Server version: 5.7.33-0ubuntu0.18.04.1
-- PHP Version: 7.2.24-0ubuntu0.18.04.7

SET SQL_MODE = "NO_AUTO_VALUE_ON_ZERO";
SET time_zone = "+00:00";


/*!40101 SET @OLD_CHARACTER_SET_CLIENT=@@CHARACTER_SET_CLIENT */;
/*!40101 SET @OLD_CHARACTER_SET_RESULTS=@@CHARACTER_SET_RESULTS */;
/*!40101 SET @OLD_COLLATION_CONNECTION=@@COLLATION_CONNECTION */;
/*!40101 SET NAMES utf8mb4 */;

--
-- Database: `directoryappdev`
--

-- --------------------------------------------------------

--
-- Table structure for table `da_action`
--

CREATE TABLE `da_action` (
  `id` int(11) NOT NULL,
  `name` varchar(255) NOT NULL,
  `status` enum('Active','Inactive') NOT NULL DEFAULT 'Active'
) ENGINE=InnoDB DEFAULT CHARSET=latin1;

--
-- Dumping data for table `da_action`
--

INSERT INTO `da_action` (`id`, `name`, `status`) VALUES
(1, 'Add', 'Active'),
(2, 'Edit', 'Active'),
(3, 'Delete', 'Active'),
(4, 'Approved', 'Active'),
(5, 'Rejected', 'Active');

-- --------------------------------------------------------

--
-- Table structure for table `da_activities`
--

CREATE TABLE `da_activities` (
  `id` int(11) NOT NULL,
  `action_by` int(11) NOT NULL COMMENT 'userId who triggered the action',
  `management_id` int(11) NOT NULL,
  `action_id` int(11) NOT NULL,
  `action_for` int(11) NOT NULL COMMENT 'userId triggered the action for whom',
  `name_action_for` varchar(255) NOT NULL,
  `created_at` timestamp NULL DEFAULT NULL,
  `updated_at` timestamp NULL DEFAULT NULL
) ENGINE=InnoDB DEFAULT CHARSET=latin1;

--
-- Dumping data for table `da_activities`
--

INSERT INTO `da_activities` (`id`, `action_by`, `management_id`, `action_id`, `action_for`, `name_action_for`, `created_at`, `updated_at`) VALUES
(1, 168, 1, 1, 171, 'Sad', '2020-12-29 00:27:31', '2020-12-29 00:27:31'),
(2, 168, 1, 2, 166, 'Jess', '2020-12-29 00:30:39', '2020-12-29 00:30:39'),
(3, 168, 1, 3, 170, 'Shovan', '2020-12-29 00:34:37', '2020-12-29 00:34:37'),
(4, 168, 2, 2, 153, 'After Change TT', '2020-12-29 01:32:51', '2020-12-29 01:32:51'),
(5, 168, 2, 2, 151, 'Test Business Online', '2020-12-29 01:36:14', '2020-12-29 01:36:14'),
(6, 168, 2, 3, 152, 'Test', '2020-12-29 01:36:43', '2020-12-29 01:36:43'),
(7, 169, 3, 2, 93, 'democat45', '2020-12-29 05:00:33', '2020-12-29 05:00:33'),
(8, 169, 3, 3, 102, 'Test By Debnidhi', '2020-12-29 05:02:12', '2020-12-29 05:02:12'),
(9, 169, 3, 1, 103, 'Test By Debnidhi', '2020-12-29 05:02:26', '2020-12-29 05:02:26'),
(10, 168, 2, 3, 142, 'Test', '2020-12-29 05:06:18', '2020-12-29 05:06:18'),
(11, 168, 2, 2, 121, 'Planters Sale', '2020-12-29 05:06:57', '2020-12-29 05:06:57'),
(12, 168, 2, 2, 91, 'Test Business Online tagd', '2020-12-29 05:08:32', '2020-12-29 05:08:32'),
(13, 168, 2, 2, 69, 'my business', '2020-12-29 05:08:56', '2020-12-29 05:08:56'),
(14, 168, 2, 2, 9, 'Business New with db insert img', '2020-12-29 05:09:18', '2020-12-29 05:09:18'),
(15, 185, 1, 2, 191, 'Goti', '2020-12-31 10:26:40', '2020-12-31 10:26:40'),
(16, 185, 1, 2, 189, 'Sandyy', '2020-12-31 10:28:00', '2020-12-31 10:28:00'),
(17, 185, 1, 1, 192, 'Uttam', '2020-12-31 10:29:26', '2020-12-31 10:29:26'),
(18, 185, 1, 3, 14, 'Samar', '2020-12-31 10:34:28', '2020-12-31 10:34:28'),
(19, 185, 2, 2, 197, 'Test with', '2020-12-31 10:40:10', '2020-12-31 10:40:10'),
(20, 185, 2, 2, 187, 'Test Business Online', '2020-12-31 10:41:31', '2020-12-31 10:41:31'),
(21, 185, 2, 2, 192, 'test business23', '2020-12-31 10:41:48', '2020-12-31 10:41:48'),
(22, 185, 2, 2, 179, 'ABS Hair', '2020-12-31 10:42:21', '2020-12-31 10:42:21'),
(23, 185, 2, 2, 148, 'Test', '2020-12-31 10:42:43', '2020-12-31 10:42:43'),
(24, 185, 1, 2, 183, 'iOSv', '2020-12-31 10:43:14', '2020-12-31 10:43:14'),
(25, 185, 1, 2, 172, 'Surajit', '2020-12-31 10:43:26', '2020-12-31 10:43:26'),
(26, 185, 1, 2, 15, 'Samrit', '2020-12-31 10:45:29', '2020-12-31 10:45:29'),
(27, 185, 2, 3, 141, 'My Auto Mobile company training', '2020-12-31 10:46:04', '2020-12-31 10:46:04'),
(28, 186, 7, 4, 10, 'Test with crop image', '2020-12-31 11:37:45', '2020-12-31 11:37:45'),
(29, 186, 7, 5, 7, 'Grihini Business', '2020-12-31 11:37:58', '2020-12-31 11:37:58'),
(30, 185, 2, 4, 197, 'Test with', '2020-12-31 12:28:18', '2020-12-31 12:28:18'),
(31, 185, 2, 5, 195, 'Test Today', '2020-12-31 12:28:41', '2020-12-31 12:28:41'),
(32, 1, 2, 4, 209, 'A Cakes', '2021-01-06 06:45:15', '2021-01-06 06:45:15'),
(33, 1, 2, 4, 210, 'The Cookie Place', '2021-01-06 06:45:27', '2021-01-06 06:45:27'),
(34, 1, 2, 4, 207, 'Test_ios', '2021-01-06 06:45:58', '2021-01-06 06:45:58'),
(35, 1, 2, 4, 113, 'Hattelo', '2021-01-06 06:47:06', '2021-01-06 06:47:06'),
(36, 1, 2, 4, 206, 'Test_ios', '2021-01-06 06:47:30', '2021-01-06 06:47:30'),
(37, 1, 2, 4, 125, 'T Straps', '2021-01-06 06:48:27', '2021-01-06 06:48:27'),
(38, 1, 2, 4, 179, 'ABS Hair', '2021-01-06 06:48:33', '2021-01-06 06:48:33'),
(39, 1, 2, 4, 211, 'Test_ios_other', '2021-01-06 07:03:25', '2021-01-06 07:03:25'),
(40, 1, 2, 4, 204, 'Test for map', '2021-01-06 07:42:09', '2021-01-06 07:42:09'),
(41, 1, 2, 4, 212, 'Test_ios_Client', '2021-01-06 09:09:40', '2021-01-06 09:09:40'),
(42, 1, 2, 4, 213, 'Test_ios_Client', '2021-01-06 09:10:23', '2021-01-06 09:10:23'),
(43, 187, 3, 1, 102, 'Yo Yo GHGH', '2021-01-07 08:59:42', '2021-01-07 08:59:42'),
(44, 187, 3, 2, 102, 'yo yo ghgh', '2021-01-07 09:00:15', '2021-01-07 09:00:15'),
(45, 187, 3, 1, 103, 'Shovan', '2021-01-07 11:35:42', '2021-01-07 11:35:42'),
(46, 1, 1, 2, 196, 'Ash', '2021-01-11 07:33:26', '2021-01-11 07:33:26'),
(47, 1, 1, 2, 196, 'a', '2021-01-11 07:36:48', '2021-01-11 07:36:48'),
(48, 1, 1, 2, 196, 'a', '2021-01-11 07:37:11', '2021-01-11 07:37:11'),
(49, 1, 1, 2, 196, 'a', '2021-01-11 07:37:22', '2021-01-11 07:37:22'),
(50, 1, 1, 2, 196, 'a', '2021-01-11 07:39:08', '2021-01-11 07:39:08'),
(51, 1, 1, 2, 196, '@######', '2021-01-11 07:40:29', '2021-01-11 07:40:29'),
(52, 1, 1, 2, 196, 'Ash', '2021-01-11 07:41:28', '2021-01-11 07:41:28'),
(53, 1, 2, 2, 218, 'Manufacturing and industrial business', '2021-01-11 09:07:24', '2021-01-11 09:07:24'),
(54, 1, 2, 2, 218, 'Manufacturing and industrial business', '2021-01-11 09:07:46', '2021-01-11 09:07:46'),
(55, 1, 2, 4, 218, 'Manufacturing and industrial business', '2021-01-11 09:08:10', '2021-01-11 09:08:10'),
(56, 1, 7, 4, 17, 'Manufacturing and industrial business', '2021-01-11 09:33:11', '2021-01-11 09:33:11'),
(57, 1, 7, 4, 18, 'Manufacturing and industrial business', '2021-01-11 10:05:28', '2021-01-11 10:05:28'),
(58, 1, 2, 4, 219, 'ZENTECH Instruments Packmax packaging private limited', '2021-01-11 10:28:00', '2021-01-11 10:28:00'),
(59, 1, 2, 3, 220, 'h', '2021-01-11 11:19:49', '2021-01-11 11:19:49'),
(60, 1, 2, 4, 221, 'Why Your Brand Strategy Needs To Grow With Your Company', '2021-01-11 11:21:47', '2021-01-11 11:21:47'),
(61, 1, 7, 4, 19, 'Why Your Brand Strategy Needs To Grow With Your Company', '2021-01-11 11:36:03', '2021-01-11 11:36:03'),
(62, 1, 2, 2, 219, 'ZENTECH Instruments Packmax packaging private limited', '2021-01-11 13:10:32', '2021-01-11 13:10:32'),
(63, 1, 1, 3, 202, '#@@@#gbvcghhghhhhhggggghhhhhhhhhhhhhhhhhhggfffhhvvhhvvhhhgffghvccgcghccvvvggggggggghhgcbvcvjgghhghhhhhhhhhhhhhhh', '2021-01-12 04:28:27', '2021-01-12 04:28:27'),
(64, 1, 2, 2, 236, 'app', '2021-01-12 12:19:49', '2021-01-12 12:19:49'),
(65, 1, 1, 2, 203, 'a', '2021-01-13 06:48:36', '2021-01-13 06:48:36'),
(66, 1, 1, 2, 203, 'a', '2021-01-13 06:51:21', '2021-01-13 06:51:21'),
(67, 1, 1, 2, 203, 'adddddddddddddddddddddddddddddddddddddddddddddddddddddddddddddddddddddddddddddddddddddddddddddddddddddddddddddddddddddddddddddddddddddddddddddddddddddddddddddddddddddd', '2021-01-13 06:59:28', '2021-01-13 06:59:28'),
(68, 1, 1, 2, 203, 'a', '2021-01-13 07:00:35', '2021-01-13 07:00:35'),
(69, 1, 1, 2, 203, 'Chris', '2021-01-13 07:11:13', '2021-01-13 07:11:13'),
(70, 1, 1, 2, 201, 'Neelima', '2021-01-13 07:12:43', '2021-01-13 07:12:43'),
(71, 1, 1, 2, 201, 'Neelima', '2021-01-13 07:12:53', '2021-01-13 07:12:53'),
(72, 1, 1, 2, 203, 'Chris', '2021-01-13 07:26:26', '2021-01-13 07:26:26'),
(73, 1, 1, 1, 204, 'Admin', '2021-01-13 07:38:02', '2021-01-13 07:38:02'),
(74, 1, 1, 3, 204, 'Admin', '2021-01-13 07:40:53', '2021-01-13 07:40:53'),
(75, 1, 1, 1, 205, 'Admin', '2021-01-13 07:41:24', '2021-01-13 07:41:24'),
(76, 1, 1, 3, 205, 'Admin', '2021-01-13 07:41:53', '2021-01-13 07:41:53'),
(77, 1, 1, 1, 206, 'Admin', '2021-01-13 07:42:24', '2021-01-13 07:42:24'),
(78, 1, 2, 2, 241, 'admin business name', '2021-01-13 12:09:24', '2021-01-13 12:09:24'),
(79, 1, 2, 2, 242, 'Floriam', '2021-01-14 04:14:24', '2021-01-14 04:14:24'),
(80, 1, 2, 2, 242, 'admin', '2021-01-14 04:34:05', '2021-01-14 04:34:05'),
(81, 1, 2, 2, 242, 'admin', '2021-01-14 04:38:48', '2021-01-14 04:38:48'),
(82, 1, 2, 5, 242, 'admin', '2021-01-14 04:41:24', '2021-01-14 04:41:24'),
(83, 1, 2, 2, 243, 'test app', '2021-01-14 05:02:36', '2021-01-14 05:02:36'),
(84, 1, 2, 5, 243, 'test app', '2021-01-14 05:26:24', '2021-01-14 05:26:24'),
(85, 1, 2, 2, 244, 'a', '2021-01-14 06:54:01', '2021-01-14 06:54:01'),
(86, 1, 2, 2, 244, 'a', '2021-01-14 06:54:26', '2021-01-14 06:54:26'),
(87, 1, 2, 2, 244, 'kp', '2021-01-14 06:54:49', '2021-01-14 06:54:49'),
(88, 1, 2, 2, 244, 'kp', '2021-01-14 06:55:44', '2021-01-14 06:55:44'),
(89, 1, 2, 2, 244, 'kp', '2021-01-14 06:57:45', '2021-01-14 06:57:45'),
(90, 1, 2, 2, 244, 'kp', '2021-01-14 06:58:03', '2021-01-14 06:58:03'),
(91, 1, 2, 2, 244, 'kp', '2021-01-14 06:58:25', '2021-01-14 06:58:25'),
(92, 1, 2, 2, 244, 'kp', '2021-01-14 06:58:37', '2021-01-14 06:58:37'),
(93, 1, 2, 2, 244, 'kp', '2021-01-14 06:59:28', '2021-01-14 06:59:28'),
(94, 1, 2, 2, 244, 'kp', '2021-01-14 06:59:56', '2021-01-14 06:59:56'),
(95, 1, 2, 2, 244, 'kp', '2021-01-14 07:00:17', '2021-01-14 07:00:17'),
(96, 1, 2, 2, 244, 'kp', '2021-01-14 07:00:36', '2021-01-14 07:00:36'),
(97, 1, 1, 2, 6, 'Moris', '2021-01-14 07:01:17', '2021-01-14 07:01:17'),
(98, 1, 2, 2, 244, 'kp', '2021-01-14 07:09:57', '2021-01-14 07:09:57'),
(99, 1, 2, 2, 244, 'kp', '2021-01-14 07:10:22', '2021-01-14 07:10:22'),
(100, 1, 2, 2, 244, 'kp', '2021-01-14 07:10:38', '2021-01-14 07:10:38'),
(101, 1, 2, 3, 244, 'kp', '2021-01-14 07:21:03', '2021-01-14 07:21:03'),
(102, 1, 2, 2, 245, 'abc', '2021-01-14 08:18:14', '2021-01-14 08:18:14'),
(103, 1, 3, 1, 106, 'Test Icon CAt', '2021-01-14 08:40:00', '2021-01-14 08:40:00'),
(104, 1, 3, 3, 106, 'test icon cat', '2021-01-14 08:43:22', '2021-01-14 08:43:22'),
(105, 1, 3, 1, 107, 'Test Icon CAt', '2021-01-14 08:44:15', '2021-01-14 08:44:15'),
(106, 1, 3, 3, 107, 'test icon cat', '2021-01-14 08:46:36', '2021-01-14 08:46:36'),
(107, 1, 3, 1, 108, 'Test Icon Cat', '2021-01-14 08:47:10', '2021-01-14 08:47:10'),
(108, 1, 3, 3, 108, 'test icon cat', '2021-01-14 08:49:19', '2021-01-14 08:49:19'),
(109, 1, 3, 1, 109, 'Icon Test', '2021-01-14 08:49:40', '2021-01-14 08:49:40'),
(110, 1, 3, 2, 109, 'icon test', '2021-01-14 09:38:18', '2021-01-14 09:38:18'),
(111, 1, 3, 2, 109, 'icon test', '2021-01-14 09:38:39', '2021-01-14 09:38:39'),
(112, 1, 1, 3, 206, 'Admin', '2021-01-15 04:16:19', '2021-01-15 04:16:19'),
(113, 1, 1, 1, 207, 'Admin', '2021-01-15 04:22:06', '2021-01-15 04:22:06'),
(114, 1, 2, 4, 246, 'admin', '2021-01-15 04:24:44', '2021-01-15 04:24:44'),
(115, 1, 2, 4, 245, 'demo', '2021-01-15 04:30:20', '2021-01-15 04:30:20'),
(116, 1, 2, 3, 245, 'demo', '2021-01-15 04:40:37', '2021-01-15 04:40:37'),
(117, 1, 2, 3, 246, 'test', '2021-01-15 04:40:57', '2021-01-15 04:40:57'),
(118, 1, 2, 3, 219, 'ZENTECH Instruments Packmax packaging private limited', '2021-01-15 04:41:02', '2021-01-15 04:41:02'),
(119, 1, 2, 4, 247, 'test from app', '2021-01-15 04:46:58', '2021-01-15 04:46:58'),
(120, 1, 2, 4, 248, 'test from admin', '2021-01-15 05:05:16', '2021-01-15 05:05:16'),
(121, 1, 2, 2, 248, 'test from admin', '2021-01-15 05:21:35', '2021-01-15 05:21:35'),
(122, 1, 2, 2, 247, 'test from app', '2021-01-15 05:21:58', '2021-01-15 05:21:58'),
(123, 1, 3, 1, 110, 'Category Name:Category Name:Category Name:Category Name:Category Name:Category Name:Category Name:Category Name:Category Name:Category Name:Category Name:Category Name:Category Name:Category Name:Category Name:Category Name:Category Name:Category Name:Cat', '2021-01-15 10:29:18', '2021-01-15 10:29:18'),
(124, 1, 3, 3, 110, 'category name:category name:category name:category name:category name:category name:category name:category name:category name:category name:category name:category name:category name:category name:category name:category name:category name:category name:cat', '2021-01-15 10:29:28', '2021-01-15 10:29:28'),
(125, 1, 3, 1, 111, 'test', '2021-01-15 10:31:52', '2021-01-15 10:31:52'),
(126, 1, 3, 3, 111, 'test', '2021-01-15 10:38:04', '2021-01-15 10:38:04'),
(127, 1, 3, 1, 112, 'addd', '2021-01-15 10:38:23', '2021-01-15 10:38:23'),
(128, 1, 3, 3, 112, 'addd', '2021-01-15 10:39:40', '2021-01-15 10:39:40'),
(129, 1, 3, 1, 113, 'ddd', '2021-01-15 10:42:20', '2021-01-15 10:42:20'),
(130, 1, 3, 3, 113, 'ddd', '2021-01-15 10:44:04', '2021-01-15 10:44:04'),
(131, 1, 3, 1, 114, 'This website uses cookies and similar technologies to operate and offer the corresponding services, analytical cookies (its own and third parties) to understand and improve the user’s browsing experience, as well as profiling cookies (its own and third pa', '2021-01-15 10:58:42', '2021-01-15 10:58:42'),
(132, 1, 3, 3, 114, 'this website uses cookies and similar technologies to operate and offer the corresponding services, analytical cookies (its own and third parties) to understand and improve the user’s browsing experience, as well as profiling cookies (its own and third pa', '2021-01-15 10:59:19', '2021-01-15 10:59:19'),
(133, 1, 7, 3, 19, 'Why Your Brand Strategy Needs To Grow With Your Company', '2021-01-15 11:03:59', '2021-01-15 11:03:59'),
(134, 1, 2, 2, 258, 'Test IOS', '2021-01-15 12:02:56', '2021-01-15 12:02:56'),
(135, 1, 3, 3, 119, 'success app end others', '2021-01-18 07:37:04', '2021-01-18 07:37:04'),
(136, 1, 3, 3, 118, 'ppp', '2021-01-18 07:37:11', '2021-01-18 07:37:11'),
(137, 1, 3, 1, 121, 'validation Icon', '2021-01-19 11:39:50', '2021-01-19 11:39:50'),
(138, 1, 3, 1, 122, 'gh', '2021-01-19 11:52:53', '2021-01-19 11:52:53'),
(139, 1, 3, 2, 122, 'gh', '2021-01-19 11:53:20', '2021-01-19 11:53:20'),
(140, 1, 3, 2, 121, 'validation icon', '2021-01-19 12:04:10', '2021-01-19 12:04:10'),
(141, 1, 3, 2, 122, 'gh', '2021-01-20 05:54:34', '2021-01-20 05:54:34'),
(142, 1, 2, 4, 275, 'IOS7', '2021-01-20 09:10:06', '2021-01-20 09:10:06'),
(143, 1, 3, 2, 122, 'gh', '2021-01-20 12:06:43', '2021-01-20 12:06:43'),
(144, 1, 3, 3, 122, 'gh', '2021-01-20 12:07:08', '2021-01-20 12:07:08'),
(145, 1, 3, 1, 123, 'sdsd', '2021-01-20 12:07:54', '2021-01-20 12:07:54'),
(146, 1, 3, 2, 121, 'validation icon', '2021-01-20 12:13:18', '2021-01-20 12:13:18'),
(147, 1, 3, 2, 123, 'sdsd', '2021-01-20 13:00:01', '2021-01-20 13:00:01'),
(148, 1, 3, 2, 124, 'apple', '2021-01-20 13:00:48', '2021-01-20 13:00:48'),
(149, 1, 3, 2, 123, 'sdsd', '2021-01-20 13:02:46', '2021-01-20 13:02:46'),
(150, 1, 3, 2, 123, 'sdsd', '2021-01-20 13:10:07', '2021-01-20 13:10:07'),
(151, 1, 3, 2, 123, 'sdsd', '2021-01-20 13:13:14', '2021-01-20 13:13:14'),
(152, 1, 2, 5, 249, 'sharee', '2021-01-20 13:47:38', '2021-01-20 13:47:38'),
(153, 1, 3, 2, 1, 'Apparel Accessories', '2021-01-21 03:43:04', '2021-01-21 03:43:04'),
(154, 1, 3, 2, 15, 'Education', '2021-01-21 03:45:06', '2021-01-21 03:45:06'),
(155, 1, 3, 2, 28, 'Food Beverages', '2021-01-21 03:46:33', '2021-01-21 03:46:33'),
(156, 1, 3, 2, 5, 'Beauty', '2021-01-21 03:47:03', '2021-01-21 03:47:03'),
(157, 1, 3, 2, 17, 'Energy', '2021-01-21 03:47:56', '2021-01-21 03:47:56'),
(158, 1, 2, 4, 279, 'test', '2021-01-21 06:57:40', '2021-01-21 06:57:40'),
(159, 1, 2, 3, 279, 'test', '2021-01-21 07:06:49', '2021-01-21 07:06:49'),
(160, 1, 2, 5, 280, 'test', '2021-01-21 07:08:13', '2021-01-21 07:08:13'),
(161, 1, 1, 3, 197, 'John', '2021-01-21 10:36:27', '2021-01-21 10:36:27'),
(162, 1, 1, 3, 196, 'Ash', '2021-01-21 12:06:00', '2021-01-21 12:06:00'),
(163, 1, 1, 1, 216, 'John', '2021-01-21 12:06:59', '2021-01-21 12:06:59'),
(164, 215, 3, 1, 131, 'Sports', '2021-01-22 05:03:51', '2021-01-22 05:03:51'),
(165, 215, 7, 4, 21, 'music', '2021-01-22 05:04:27', '2021-01-22 05:04:27'),
(166, 215, 1, 1, 217, 'New user', '2021-01-22 05:08:20', '2021-01-22 05:08:20'),
(167, 215, 2, 3, 280, 'test', '2021-01-22 05:09:12', '2021-01-22 05:09:12'),
(168, 1, 1, 1, 218, 'test', '2021-01-22 05:31:01', '2021-01-22 05:31:01'),
(169, 1, 1, 1, 219, 'test', '2021-01-22 05:31:38', '2021-01-22 05:31:38'),
(170, 1, 1, 2, 219, 'test', '2021-01-22 05:35:59', '2021-01-22 05:35:59'),
(171, 1, 1, 2, 218, 'test', '2021-01-22 05:36:05', '2021-01-22 05:36:05'),
(172, 1, 1, 1, 220, 'KP', '2021-01-22 05:37:03', '2021-01-22 05:37:03'),
(173, 1, 1, 2, 220, 'KP', '2021-01-22 05:37:29', '2021-01-22 05:37:29'),
(174, 1, 2, 4, 281, 'new business', '2021-01-22 05:48:32', '2021-01-22 05:48:32'),
(175, 1, 3, 2, 131, 'sports', '2021-01-22 05:53:32', '2021-01-22 05:53:32'),
(176, 1, 2, 2, 281, 'new business opportunities for growth', '2021-01-22 07:04:25', '2021-01-22 07:04:25'),
(177, 1, 2, 2, 281, 'new business opportunities for growth', '2021-01-22 07:04:47', '2021-01-22 07:04:47'),
(178, 1, 2, 2, 281, 'new business opportunities for growth', '2021-01-22 07:05:02', '2021-01-22 07:05:02'),
(179, 1, 2, 2, 281, 'new business opportunities for growth', '2021-01-22 07:05:15', '2021-01-22 07:05:15'),
(180, 1, 2, 2, 281, 'A brand is a product, service, or concept that is publicly distinguished from other products, services, or concepts so that it can be easily communicated and usually marketed.', '2021-01-22 07:05:57', '2021-01-22 07:05:57'),
(181, 1, 1, 2, 207, 'Admin', '2021-01-22 07:42:55', '2021-01-22 07:42:55'),
(182, 1, 1, 2, 203, 'Chris', '2021-01-22 07:43:09', '2021-01-22 07:43:09'),
(183, 1, 1, 2, 209, 'KP', '2021-01-22 07:44:39', '2021-01-22 07:44:39'),
(184, 1, 1, 2, 215, 'john', '2021-01-22 07:45:25', '2021-01-22 07:45:25'),
(185, 1, 1, 2, 219, 'test', '2021-01-22 07:48:02', '2021-01-22 07:48:02'),
(186, 1, 1, 2, 18, 'Dinesh', '2021-01-22 11:32:35', '2021-01-22 11:32:35'),
(187, 1, 3, 3, 131, 'sports', '2021-01-22 12:28:26', '2021-01-22 12:28:26'),
(188, 1, 3, 1, 132, 'Sports', '2021-01-22 12:28:43', '2021-01-22 12:28:43'),
(189, 1, 2, 4, 284, 'Business 3', '2021-01-22 12:39:41', '2021-01-22 12:39:41'),
(190, 1, 2, 4, 283, 'Business 2', '2021-01-22 12:40:09', '2021-01-22 12:40:09'),
(191, 1, 2, 4, 282, 'Business 1', '2021-01-22 12:40:25', '2021-01-22 12:40:25'),
(192, 1, 1, 2, 222, 'John', '2021-01-25 05:03:06', '2021-01-25 05:03:06'),
(193, 1, 1, 2, 222, 'John', '2021-01-25 05:04:17', '2021-01-25 05:04:17'),
(194, 1, 1, 3, 222, 'John', '2021-01-25 05:06:35', '2021-01-25 05:06:35'),
(195, 1, 2, 4, 291, 'Business 10', '2021-01-25 07:29:20', '2021-01-25 07:29:20'),
(196, 1, 2, 4, 290, 'business 9', '2021-01-25 07:32:30', '2021-01-25 07:32:30'),
(197, 1, 1, 2, 223, 'Madam', '2021-01-25 07:32:42', '2021-01-25 07:32:42'),
(198, 1, 2, 4, 289, 'business 8', '2021-01-25 07:33:08', '2021-01-25 07:33:08'),
(199, 1, 2, 4, 288, 'business 7', '2021-01-25 07:33:21', '2021-01-25 07:33:21'),
(200, 1, 2, 4, 287, 'business 6', '2021-01-25 07:33:36', '2021-01-25 07:33:36'),
(201, 1, 2, 4, 286, 'business 5', '2021-01-25 07:33:49', '2021-01-25 07:33:49'),
(202, 1, 2, 4, 285, 'business 4', '2021-01-25 07:34:01', '2021-01-25 07:34:01'),
(203, 1, 2, 4, 292, 'Business 11', '2021-01-25 07:41:17', '2021-01-25 07:41:17'),
(204, 1, 2, 4, 293, 'Business12', '2021-01-25 09:03:13', '2021-01-25 09:03:13'),
(205, 1, 2, 2, 293, 'Business12', '2021-01-25 09:03:44', '2021-01-25 09:03:44'),
(206, 1, 2, 2, 293, 'Business12', '2021-01-25 09:05:05', '2021-01-25 09:05:05'),
(207, 1, 2, 2, 291, 'Business 10', '2021-01-25 09:05:18', '2021-01-25 09:05:18'),
(208, 1, 2, 4, 294, 'Business 13', '2021-01-25 09:07:02', '2021-01-25 09:07:02'),
(209, 1, 2, 4, 295, 'Business 14', '2021-01-25 09:15:23', '2021-01-25 09:15:23'),
(210, 1, 1, 2, 216, 'John', '2021-01-26 10:16:29', '2021-01-26 10:16:29'),
(211, 1, 1, 3, 221, 'John', '2021-01-26 10:17:33', '2021-01-26 10:17:33'),
(212, 1, 7, 4, 23, 'Business 14', '2021-01-26 10:24:45', '2021-01-26 10:24:45'),
(213, 1, 1, 1, 224, 'new', '2021-01-26 11:09:14', '2021-01-26 11:09:14'),
(214, 1, 1, 1, 225, 'John', '2021-01-26 11:11:35', '2021-01-26 11:11:35'),
(215, 1, 1, 2, 225, 'John', '2021-01-26 11:12:03', '2021-01-26 11:12:03'),
(216, 1, 1, 2, 218, 'test', '2021-01-26 11:12:29', '2021-01-26 11:12:29'),
(217, 1, 1, 1, 226, 'John', '2021-01-26 11:13:25', '2021-01-26 11:13:25'),
(218, 1, 1, 2, 207, 'Admin', '2021-01-26 11:15:21', '2021-01-26 11:15:21'),
(219, 1, 1, 2, 216, 'John', '2021-01-26 11:15:52', '2021-01-26 11:15:52'),
(220, 1, 1, 1, 227, 'Alaska', '2021-01-26 11:16:49', '2021-01-26 11:16:49'),
(221, 1, 1, 2, 225, 'John', '2021-01-26 11:17:35', '2021-01-26 11:17:35'),
(222, 1, 1, 2, 200, 'KP', '2021-01-26 11:19:16', '2021-01-26 11:19:16'),
(223, 1, 1, 2, 223, 'Madam', '2021-01-26 11:20:19', '2021-01-26 11:20:19'),
(224, 1, 1, 2, 223, 'Madam', '2021-01-26 11:20:44', '2021-01-26 11:20:44'),
(225, 1, 1, 2, 223, 'Madam', '2021-01-26 11:20:52', '2021-01-26 11:20:52'),
(226, 1, 2, 2, 295, 'Business 14', '2021-01-26 11:50:34', '2021-01-26 11:50:34'),
(227, 1, 2, 4, 298, 'business 17', '2021-01-26 12:08:26', '2021-01-26 12:08:26'),
(228, 1, 2, 4, 297, 'business 16', '2021-01-26 12:08:40', '2021-01-26 12:08:40'),
(229, 1, 2, 4, 296, 'business 15', '2021-01-26 12:08:58', '2021-01-26 12:08:58'),
(230, 1, 2, 4, 299, 'business 18', '2021-01-26 12:10:31', '2021-01-26 12:10:31'),
(231, 1, 2, 4, 301, 'business 20', '2021-01-26 12:12:55', '2021-01-26 12:12:55'),
(232, 1, 2, 4, 300, 'business 19', '2021-01-26 12:13:19', '2021-01-26 12:13:19'),
(233, 1, 2, 4, 302, 'business 21', '2021-01-26 12:14:51', '2021-01-26 12:14:51'),
(234, 1, 1, 2, 220, 'KP', '2021-01-27 09:40:40', '2021-01-27 09:40:40'),
(235, 1, 1, 2, 220, 'KP', '2021-01-27 09:45:25', '2021-01-27 09:45:25'),
(236, 1, 2, 4, 4, 'Business 4', '2021-01-27 13:01:32', '2021-01-27 13:01:32'),
(237, 1, 2, 4, 3, 'Business 3', '2021-01-27 13:01:44', '2021-01-27 13:01:44'),
(238, 1, 2, 4, 2, 'Business 2', '2021-01-27 13:01:57', '2021-01-27 13:01:57'),
(239, 1, 2, 4, 1, 'Business 1', '2021-01-27 13:02:01', '2021-01-27 13:02:01'),
(240, 1, 2, 4, 6, 'Business 6', '2021-01-27 13:20:15', '2021-01-27 13:20:15'),
(241, 1, 2, 4, 5, 'Business 5', '2021-01-27 13:20:19', '2021-01-27 13:20:19'),
(242, 1, 2, 4, 7, 'Business 7', '2021-01-27 14:30:11', '2021-01-27 14:30:11'),
(243, 1, 2, 4, 8, 'Business 8', '2021-01-27 14:30:19', '2021-01-27 14:30:19'),
(244, 1, 1, 2, 33, 'Saheli12', '2021-01-28 06:22:30', '2021-01-28 06:22:30'),
(245, 1, 1, 2, 201, 'Neelima', '2021-01-28 07:04:21', '2021-01-28 07:04:21'),
(246, 1, 1, 2, 201, 'Neelima', '2021-01-28 07:07:53', '2021-01-28 07:07:53'),
(247, 1, 1, 2, 201, 'Neelima', '2021-01-28 07:09:29', '2021-01-28 07:09:29'),
(248, 1, 1, 2, 179, 'Surajit', '2021-01-28 07:51:26', '2021-01-28 07:51:26'),
(249, 1, 1, 2, 227, 'Alaska', '2021-01-28 08:00:57', '2021-01-28 08:00:57'),
(250, 1, 1, 2, 227, 'Alaska', '2021-01-28 08:02:39', '2021-01-28 08:02:39'),
(251, 1, 3, 2, 95, 'Barber shop', '2021-01-28 09:45:05', '2021-01-28 09:45:05'),
(252, 1, 3, 2, 100, 'Accountancy Firm', '2021-01-28 09:45:48', '2021-01-28 09:45:48'),
(253, 1, 3, 2, 1, 'Apparel Accessories', '2021-01-28 09:46:34', '2021-01-28 09:46:34'),
(254, 1, 3, 2, 98, 'African Restaurant', '2021-01-28 09:47:04', '2021-01-28 09:47:04'),
(255, 1, 3, 2, 20, 'Event Planning', '2021-01-28 09:47:51', '2021-01-28 09:47:51'),
(256, 1, 2, 4, 10, 'Web Business', '2021-01-28 10:11:31', '2021-01-28 10:11:31'),
(257, 1, 1, 2, 216, 'John', '2021-01-28 11:05:19', '2021-01-28 11:05:19'),
(258, 1, 2, 2, 10, 'Web Business', '2021-01-28 11:10:26', '2021-01-28 11:10:26'),
(259, 1, 2, 2, 10, 'Web Business', '2021-01-28 11:10:37', '2021-01-28 11:10:37'),
(260, 1, 2, 2, 10, 'Web Business', '2021-01-28 11:10:51', '2021-01-28 11:10:51'),
(261, 1, 2, 2, 10, 'Web Business', '2021-01-28 11:11:03', '2021-01-28 11:11:03'),
(262, 1, 2, 2, 10, 'Web Business', '2021-01-28 11:11:18', '2021-01-28 11:11:18'),
(263, 1, 2, 2, 10, 'Web Business', '2021-01-28 11:11:36', '2021-01-28 11:11:36'),
(264, 1, 2, 2, 10, 'Web Business', '2021-01-28 11:11:52', '2021-01-28 11:11:52'),
(265, 1, 2, 2, 10, 'Web Business', '2021-01-28 11:12:20', '2021-01-28 11:12:20'),
(266, 1, 2, 2, 10, 'Web Business', '2021-01-28 11:17:34', '2021-01-28 11:17:34'),
(267, 1, 2, 5, 12, 'new', '2021-01-28 11:23:25', '2021-01-28 11:23:25'),
(268, 1, 1, 2, 226, 'John', '2021-01-28 14:30:35', '2021-01-28 14:30:35'),
(269, 1, 1, 2, 226, 'John', '2021-01-28 14:30:52', '2021-01-28 14:30:52'),
(270, 1, 1, 1, 236, 'Recommended', '2021-01-28 14:36:05', '2021-01-28 14:36:05'),
(271, 1, 1, 2, 236, 'Recommended', '2021-01-28 14:37:06', '2021-01-28 14:37:06'),
(272, 1, 1, 2, 236, 'Recommended', '2021-01-28 14:37:59', '2021-01-28 14:37:59'),
(273, 1, 1, 2, 236, 'Recommended', '2021-01-28 14:39:19', '2021-01-28 14:39:19'),
(274, 1, 2, 4, 13, 'Web business1', '2021-01-29 07:08:06', '2021-01-29 07:08:06'),
(275, 1, 1, 1, 237, 'c', '2021-01-29 09:05:59', '2021-01-29 09:05:59'),
(276, 1, 1, 3, 237, 'c', '2021-01-29 09:06:09', '2021-01-29 09:06:09'),
(277, 1, 2, 4, 19, 'Business14', '2021-01-29 09:44:47', '2021-01-29 09:44:47'),
(278, 1, 2, 4, 18, 'Business 13', '2021-01-29 09:44:50', '2021-01-29 09:44:50'),
(279, 1, 2, 4, 17, 'Business 12', '2021-01-29 09:44:53', '2021-01-29 09:44:53'),
(280, 1, 2, 4, 16, 'Business 11', '2021-01-29 09:44:56', '2021-01-29 09:44:56'),
(281, 1, 2, 4, 15, 'Business 10`', '2021-01-29 09:45:01', '2021-01-29 09:45:01'),
(282, 1, 2, 4, 14, 'Business 9', '2021-01-29 09:45:05', '2021-01-29 09:45:05'),
(283, 1, 2, 4, 26, 'Business 21', '2021-01-29 10:02:46', '2021-01-29 10:02:46'),
(284, 1, 2, 4, 25, 'Business 20', '2021-01-29 10:02:49', '2021-01-29 10:02:49'),
(285, 1, 2, 4, 24, 'Business 19', '2021-01-29 10:02:53', '2021-01-29 10:02:53'),
(286, 1, 2, 4, 23, 'Business 18', '2021-01-29 10:02:56', '2021-01-29 10:02:56'),
(287, 1, 2, 4, 22, 'Business 17', '2021-01-29 10:02:59', '2021-01-29 10:02:59'),
(288, 1, 2, 4, 21, 'Business 16', '2021-01-29 10:03:02', '2021-01-29 10:03:02'),
(289, 1, 2, 4, 20, 'Business 15`', '2021-01-29 10:03:07', '2021-01-29 10:03:07'),
(290, 1, 1, 2, 218, 'John', '2021-01-29 10:58:13', '2021-01-29 10:58:13'),
(291, 1, 1, 2, 236, 'Recommended', '2021-01-29 10:58:23', '2021-01-29 10:58:23'),
(292, 1, 3, 2, 1, 'Apparel', '2021-01-31 17:38:01', '2021-01-31 17:38:01'),
(293, 1, 3, 1, 121, 'FootWear', '2021-01-31 17:38:52', '2021-01-31 17:38:52'),
(294, 1, 3, 2, 121, 'footwear', '2021-01-31 17:40:56', '2021-01-31 17:40:56'),
(295, 1, 3, 1, 122, 'Personal Assistance', '2021-01-31 17:42:22', '2021-01-31 17:42:22'),
(296, 1, 3, 2, 101, 'Jewellery', '2021-01-31 17:43:22', '2021-01-31 17:43:22'),
(297, 1, 3, 1, 123, 'Spiritual Healers', '2021-01-31 17:44:18', '2021-01-31 17:44:18'),
(298, 1, 3, 2, 107, 'Mechanics', '2021-01-31 17:45:18', '2021-01-31 17:45:18'),
(299, 1, 3, 2, 37, 'Health & Wellness', '2021-01-31 17:47:20', '2021-01-31 17:47:20'),
(300, 1, 3, 2, 37, 'health & wellness', '2021-01-31 17:48:41', '2021-01-31 17:48:41'),
(301, 1, 3, 2, 122, 'Personal Assistance', '2021-01-31 17:49:20', '2021-01-31 17:49:20'),
(302, 1, 3, 2, 1, 'Apparel - Clothing', '2021-01-31 17:49:48', '2021-01-31 17:49:48'),
(303, 1, 3, 2, 101, 'Jewellery', '2021-01-31 17:50:12', '2021-01-31 17:50:12'),
(304, 1, 3, 2, 101, 'Jewellery', '2021-01-31 17:50:37', '2021-01-31 17:50:37'),
(305, 1, 3, 2, 123, 'Spiritual Healers', '2021-01-31 17:50:56', '2021-01-31 17:50:56'),
(306, 1, 2, 2, 25, 'Business 20', '2021-02-01 13:02:21', '2021-02-01 13:02:21'),
(307, 1, 1, 1, 238, 'Ranjan', '2021-02-02 07:15:02', '2021-02-02 07:15:02'),
(308, 1, 2, 4, 38, 'The corner shop', '2021-02-03 06:40:17', '2021-02-03 06:40:17'),
(309, 1, 2, 4, 37, 'Gift Shop', '2021-02-03 06:40:18', '2021-02-03 06:40:18'),
(310, 1, 2, 4, 36, 'Blue Bells', '2021-02-03 06:40:21', '2021-02-03 06:40:21'),
(311, 1, 2, 4, 35, 'kids klub', '2021-02-03 06:40:24', '2021-02-03 06:40:24'),
(312, 1, 2, 4, 34, 'Goodfind', '2021-02-03 06:40:27', '2021-02-03 06:40:27'),
(313, 1, 2, 4, 33, 'JustAsk', '2021-02-03 06:40:30', '2021-02-03 06:40:30'),
(314, 1, 2, 4, 32, 'Urban crew', '2021-02-03 06:40:33', '2021-02-03 06:40:33'),
(315, 1, 2, 4, 31, 'lyzoo', '2021-02-03 06:40:36', '2021-02-03 06:40:36'),
(316, 1, 2, 4, 30, 'Eversoft', '2021-02-03 06:40:39', '2021-02-03 06:40:39'),
(317, 1, 2, 4, 29, 'Test Business Image Issue', '2021-02-03 06:40:42', '2021-02-03 06:40:42'),
(318, 1, 2, 4, 39, 'Magc gift store', '2021-02-03 06:43:29', '2021-02-03 06:43:29'),
(319, 1, 2, 4, 41, 'New website business', '2021-02-04 05:38:31', '2021-02-04 05:38:31'),
(320, 1, 2, 5, 42, 'Web design', '2021-02-04 05:45:34', '2021-02-04 05:45:34'),
(321, 1, 2, 5, 43, 'Business management', '2021-02-04 05:47:25', '2021-02-04 05:47:25'),
(322, 1, 3, 1, 125, 'jjj', '2021-02-04 05:53:05', '2021-02-04 05:53:05'),
(323, 1, 3, 3, 125, 'jjj', '2021-02-04 05:53:17', '2021-02-04 05:53:17'),
(324, 1, 3, 1, 126, 'ff', '2021-02-04 05:53:31', '2021-02-04 05:53:31'),
(325, 1, 3, 2, 126, 'ff', '2021-02-04 05:53:54', '2021-02-04 05:53:54'),
(326, 1, 3, 3, 126, 'ff', '2021-02-04 05:53:59', '2021-02-04 05:53:59'),
(327, 1, 7, 4, 1, 'New website business', '2021-02-04 06:14:52', '2021-02-04 06:14:52'),
(328, 1, 7, 4, 2, 'Business 21', '2021-02-04 06:25:42', '2021-02-04 06:25:42'),
(329, 1, 1, 2, 241, 'John', '2021-02-04 06:26:49', '2021-02-04 06:26:49'),
(330, 1, 1, 2, 226, 'John', '2021-02-04 06:27:08', '2021-02-04 06:27:08'),
(331, 1, 7, 4, 3, 'New website business', '2021-02-04 06:32:40', '2021-02-04 06:32:40'),
(332, 1, 7, 4, 4, 'New website business', '2021-02-04 06:47:05', '2021-02-04 06:47:05'),
(333, 1, 7, 4, 5, 'New website business development consultant', '2021-02-04 09:22:15', '2021-02-04 09:22:15'),
(334, 1, 2, 4, 44, 'musical business', '2021-02-04 09:42:01', '2021-02-04 09:42:01'),
(335, 1, 7, 4, 6, 'Business 5', '2021-02-04 10:34:00', '2021-02-04 10:34:00'),
(336, 1, 2, 4, 46, 'Crown', '2021-02-04 10:43:15', '2021-02-04 10:43:15'),
(337, 1, 2, 4, 45, 'Crewz', '2021-02-04 10:43:18', '2021-02-04 10:43:18'),
(338, 1, 2, 4, 48, 'business 23', '2021-02-04 10:46:27', '2021-02-04 10:46:27'),
(339, 1, 2, 4, 47, 'business 22', '2021-02-04 10:46:31', '2021-02-04 10:46:31'),
(340, 1, 2, 4, 49, 'Zopart', '2021-02-04 10:50:23', '2021-02-04 10:50:23'),
(341, 1, 3, 2, 127, 'app category', '2021-02-04 10:51:35', '2021-02-04 10:51:35'),
(342, 1, 7, 4, 7, 'Zopart', '2021-02-04 11:04:24', '2021-02-04 11:04:24'),
(343, 1, 7, 4, 8, 'Zopart', '2021-02-04 11:06:11', '2021-02-04 11:06:11'),
(344, 1, 7, 4, 9, 'Zopart', '2021-02-04 11:07:53', '2021-02-04 11:07:53'),
(345, 1, 2, 2, 40, 'yard food', '2021-02-04 11:45:08', '2021-02-04 11:45:08'),
(346, 1, 1, 3, 8, 'Samir', '2021-02-04 12:07:49', '2021-02-04 12:07:49'),
(347, 1, 1, 3, 225, 'John', '2021-02-04 12:08:48', '2021-02-04 12:08:48'),
(348, 1, 3, 1, 128, 'g', '2021-02-04 12:11:15', '2021-02-04 12:11:15'),
(349, 1, 3, 2, 128, 'g', '2021-02-04 12:11:23', '2021-02-04 12:11:23'),
(350, 1, 3, 3, 128, 'g', '2021-02-04 12:11:29', '2021-02-04 12:11:29'),
(351, 1, 3, 3, 129, 'abc', '2021-02-04 12:17:49', '2021-02-04 12:17:49'),
(352, 1, 1, 3, 199, 'Mr. Jeorge', '2021-02-04 13:00:29', '2021-02-04 13:00:29'),
(353, 1, 7, 4, 12, 'Business 4', '2021-02-05 11:48:44', '2021-02-05 11:48:44'),
(354, 1, 2, 4, 50, 'mandir', '2021-02-05 11:57:53', '2021-02-05 11:57:53'),
(355, 1, 2, 4, 50, 'mandir', '2021-02-05 12:42:12', '2021-02-05 12:42:12'),
(356, 1, 2, 4, 50, 'mandir', '2021-02-05 12:50:04', '2021-02-05 12:50:04'),
(357, 1, 2, 5, 50, 'mandir', '2021-02-05 12:51:53', '2021-02-05 12:51:53'),
(358, 1, 1, 1, 253, 'Palash', '2021-02-05 13:04:59', '2021-02-05 13:04:59'),
(359, 1, 7, 4, 13, 'business 22', '2021-02-08 07:03:09', '2021-02-08 07:03:09'),
(360, 1, 2, 2, 82, 'GWS Consultancy', '2021-02-08 12:24:37', '2021-02-08 12:24:37'),
(361, 1, 2, 2, 81, 'Ultra Angel', '2021-02-08 12:25:31', '2021-02-08 12:25:31'),
(362, 1, 2, 2, 82, 'GWS Consultancy', '2021-02-08 12:26:45', '2021-02-08 12:26:45'),
(363, 1, 2, 2, 81, 'Ultra Angel', '2021-02-08 12:27:25', '2021-02-08 12:27:25'),
(364, 1, 2, 2, 80, 'Jungle Fruits', '2021-02-08 12:27:36', '2021-02-08 12:27:36'),
(365, 1, 2, 2, 79, 'TRENDY LIONESS COUTURE', '2021-02-08 12:27:49', '2021-02-08 12:27:49'),
(366, 1, 2, 2, 78, 'Earths Creation', '2021-02-08 12:28:02', '2021-02-08 12:28:02'),
(367, 1, 2, 2, 78, 'Earths Creation', '2021-02-08 12:29:48', '2021-02-08 12:29:48'),
(368, 1, 2, 2, 74, 'Nanny Sharz Ltd', '2021-02-08 12:33:37', '2021-02-08 12:33:37'),
(369, 1, 2, 2, 73, 'Hampersforu2', '2021-02-08 12:34:02', '2021-02-08 12:34:02'),
(370, 1, 2, 2, 72, 'NAILPOPZ', '2021-02-08 12:34:15', '2021-02-08 12:34:15'),
(371, 1, 2, 2, 71, 'Shansara Bouquets', '2021-02-08 12:34:28', '2021-02-08 12:34:28'),
(372, 1, 2, 2, 71, 'Shansara Bouquets', '2021-02-08 12:34:45', '2021-02-08 12:34:45'),
(373, 1, 2, 2, 70, 'AdZenture', '2021-02-08 12:36:03', '2021-02-08 12:36:03'),
(374, 1, 2, 2, 70, 'AdZenture', '2021-02-08 12:36:23', '2021-02-08 12:36:23'),
(375, 1, 2, 2, 70, 'AdZenture', '2021-02-08 12:36:45', '2021-02-08 12:36:45'),
(376, 1, 2, 2, 69, 'Melanin Travels Magic Ltd', '2021-02-08 12:36:57', '2021-02-08 12:36:57'),
(377, 1, 2, 2, 68, 'Daraki Essential (Daraki Designs)', '2021-02-08 12:37:25', '2021-02-08 12:37:25'),
(378, 1, 2, 2, 82, 'GWS Consultancy', '2021-02-08 12:38:34', '2021-02-08 12:38:34'),
(379, 1, 2, 2, 76, 'Yene\'s Daughter', '2021-02-08 12:42:23', '2021-02-08 12:42:23'),
(380, 1, 2, 2, 67, 'PrideRock', '2021-02-08 14:23:36', '2021-02-08 14:23:36'),
(381, 1, 2, 2, 75, 'Top Plumbing', '2021-02-08 14:33:13', '2021-02-08 14:33:13'),
(382, 1, 2, 2, 77, 'My Property ltd', '2021-02-08 14:34:21', '2021-02-08 14:34:21'),
(383, 1, 2, 2, 2, 'Business 2', '2021-02-08 15:56:40', '2021-02-08 15:56:40'),
(384, 1, 2, 2, 1, 'Business 1', '2021-02-09 04:34:37', '2021-02-09 04:34:37'),
(385, 1, 1, 2, 107, 'Debnidhi', '2021-02-09 08:51:20', '2021-02-09 08:51:20'),
(386, 1, 1, 1, 267, 'Pralay', '2021-02-09 08:56:29', '2021-02-09 08:56:29'),
(387, 1, 1, 1, 269, 'Malay', '2021-02-09 10:03:47', '2021-02-09 10:03:47'),
(388, 1, 2, 2, 82, 'GWS Consultancy', '2021-02-09 10:38:01', '2021-02-09 10:38:01'),
(389, 1, 2, 2, 82, 'GWS Consultancy', '2021-02-09 10:38:58', '2021-02-09 10:38:58'),
(390, 1, 2, 2, 82, 'GWS Consultancy', '2021-02-09 10:39:58', '2021-02-09 10:39:58'),
(391, 1, 1, 2, 107, 'Debnidhi', '2021-02-10 06:52:42', '2021-02-10 06:52:42'),
(392, 1, 1, 2, 107, 'Debnidhi', '2021-02-10 06:53:35', '2021-02-10 06:53:35'),
(393, 1, 1, 2, 107, 'Debnidhi', '2021-02-10 09:00:13', '2021-02-10 09:00:13'),
(394, 1, 1, 2, 107, 'Debnidhi', '2021-02-10 09:00:40', '2021-02-10 09:00:40'),
(395, 1, 1, 2, 107, 'Debnidhi', '2021-02-10 09:06:08', '2021-02-10 09:06:08'),
(396, 1, 1, 2, 107, 'Debnidhi', '2021-02-10 09:06:21', '2021-02-10 09:06:21'),
(397, 1, 1, 2, 107, 'Debnidhi', '2021-02-10 09:06:32', '2021-02-10 09:06:32'),
(398, 1, 2, 4, 87, 'Cookie Palace 2', '2021-02-10 12:25:52', '2021-02-10 12:25:52'),
(399, 1, 2, 4, 86, 'HMV_ios', '2021-02-10 12:26:09', '2021-02-10 12:26:09'),
(400, 1, 2, 4, 85, 'testsuk music', '2021-02-10 12:26:26', '2021-02-10 12:26:26'),
(401, 1, 7, 4, 14, 'HMV_ios', '2021-02-11 04:50:55', '2021-02-11 04:50:55'),
(402, 1, 1, 2, 248, 'ashi', '2021-02-11 08:24:17', '2021-02-11 08:24:17'),
(403, 1, 1, 2, 248, 'ashi', '2021-02-11 08:25:19', '2021-02-11 08:25:19'),
(404, 1, 1, 2, 248, 'ashi', '2021-02-11 08:33:53', '2021-02-11 08:33:53'),
(405, 1, 2, 5, 84, 'Test New', '2021-02-11 08:57:02', '2021-02-11 08:57:02'),
(406, 1, 2, 2, 47, 'business 22', '2021-02-11 09:03:29', '2021-02-11 09:03:29'),
(407, 1, 2, 2, 47, 'business 22', '2021-02-11 09:03:49', '2021-02-11 09:03:49'),
(408, 1, 2, 2, 47, 'business 22', '2021-02-11 09:04:16', '2021-02-11 09:04:16'),
(409, 1, 2, 2, 47, 'business 22', '2021-02-11 09:04:47', '2021-02-11 09:04:47'),
(410, 1, 2, 2, 67, 'PrideRock', '2021-02-11 12:05:48', '2021-02-11 12:05:48'),
(411, 1, 2, 2, 40, 'yard food', '2021-02-11 12:15:36', '2021-02-11 12:15:36'),
(412, 1, 2, 2, 40, 'yard food', '2021-02-11 12:56:57', '2021-02-11 12:56:57'),
(413, 1, 2, 2, 88, 'Lic India', '2021-02-19 07:02:57', '2021-02-19 07:02:57'),
(414, 1, 2, 2, 74, 'Nanny Sharz Ltd', '2021-02-19 13:42:57', '2021-02-19 13:42:57'),
(415, 1, 2, 2, 74, 'Nanny Sharz Ltd', '2021-02-19 13:48:40', '2021-02-19 13:48:40'),
(416, 1, 2, 2, 40, 'yard food', '2021-02-19 13:53:00', '2021-02-19 13:53:00'),
(417, 1, 2, 4, 92, 'business name', '2021-02-20 09:37:37', '2021-02-20 09:37:37'),
(418, 1, 2, 4, 88, 'Lic India', '2021-02-20 09:40:53', '2021-02-20 09:40:53'),
(419, 1, 2, 2, 74, 'Nanny Sharz Ltd', '2021-02-20 10:35:24', '2021-02-20 10:35:24'),
(420, 1, 2, 2, 74, 'Nanny Sharz Ltd', '2021-02-20 10:36:37', '2021-02-20 10:36:37'),
(421, 1, 2, 2, 82, 'GWS Consultancy', '2021-02-23 13:01:33', '2021-02-23 13:01:33'),
(422, 1, 2, 2, 81, 'Ultra Angel', '2021-02-23 13:07:09', '2021-02-23 13:07:09'),
(423, 1, 2, 2, 80, 'Jungle Fruits', '2021-02-23 13:08:01', '2021-02-23 13:08:01'),
(424, 1, 2, 2, 79, 'TRENDY LIONESS COUTURE', '2021-02-23 13:08:20', '2021-02-23 13:08:20'),
(425, 1, 2, 2, 78, 'Earths Creation', '2021-02-23 13:08:46', '2021-02-23 13:08:46'),
(426, 1, 2, 2, 77, 'My Property ltd', '2021-02-23 13:09:17', '2021-02-23 13:09:17'),
(427, 1, 2, 2, 76, 'Yene\'s Daughter', '2021-02-23 13:09:27', '2021-02-23 13:09:27'),
(428, 1, 2, 2, 75, 'Top Plumbing', '2021-02-23 13:09:37', '2021-02-23 13:09:37'),
(429, 1, 2, 2, 74, 'Nanny Sharz Ltd', '2021-02-23 13:09:48', '2021-02-23 13:09:48'),
(430, 1, 2, 2, 73, 'Hampersforu2', '2021-02-23 13:10:07', '2021-02-23 13:10:07'),
(431, 1, 2, 2, 67, 'PrideRock', '2021-02-23 13:11:12', '2021-02-23 13:11:12'),
(432, 1, 2, 2, 68, 'Daraki Essential (Daraki Designs)', '2021-02-23 13:11:27', '2021-02-23 13:11:27'),
(433, 1, 2, 2, 69, 'Melanin Travels Magic Ltd', '2021-02-23 13:11:37', '2021-02-23 13:11:37'),
(434, 1, 2, 2, 70, 'AdZenture', '2021-02-23 13:11:53', '2021-02-23 13:11:53'),
(435, 1, 2, 2, 71, 'Shansara Bouquets', '2021-02-23 13:12:04', '2021-02-23 13:12:04'),
(436, 1, 2, 2, 72, 'NAILPOPZ', '2021-02-23 13:12:22', '2021-02-23 13:12:22'),
(437, 1, 2, 2, 81, 'Ultra Angel', '2021-02-26 04:47:53', '2021-02-26 04:47:53'),
(438, 1, 2, 2, 1, 'Witty kiddies sydenham preschool', '2021-02-26 05:07:37', '2021-02-26 05:07:37'),
(439, 1, 2, 2, 1, 'Witty kiddies sydenham preschool', '2021-02-26 05:08:30', '2021-02-26 05:08:30'),
(440, 1, 2, 2, 24, 'Eloise beauty', '2021-02-26 05:14:07', '2021-02-26 05:14:07'),
(441, 1, 2, 2, 24, 'Eloise beauty', '2021-02-26 05:19:54', '2021-02-26 05:19:54'),
(442, 1, 2, 2, 25, 'Pastel Nail Supplies', '2021-02-26 05:22:47', '2021-02-26 05:22:47'),
(443, 1, 2, 2, 26, 'Melanin Minds', '2021-02-26 05:27:10', '2021-02-26 05:27:10'),
(444, 1, 2, 2, 26, 'Melanin Minds', '2021-02-26 05:30:10', '2021-02-26 05:30:10'),
(445, 1, 2, 2, 23, 'Rj Physiotherapist', '2021-02-26 05:33:50', '2021-02-26 05:33:50'),
(446, 1, 2, 2, 22, 'REFLECT Couture', '2021-02-26 05:39:12', '2021-02-26 05:39:12'),
(447, 1, 2, 2, 21, 'The Ringrose Home', '2021-02-26 05:48:40', '2021-02-26 05:48:40'),
(448, 1, 2, 2, 91, 'Your name', '2021-03-02 05:09:37', '2021-03-02 05:09:37'),
(449, 1, 2, 2, 89, 'company name', '2021-03-02 05:10:24', '2021-03-02 05:10:24'),
(450, 1, 2, 2, 91, 'Your name', '2021-03-02 05:37:55', '2021-03-02 05:37:55'),
(451, 1, 2, 4, 91, 'Your name', '2021-03-02 15:32:01', '2021-03-02 15:32:01'),
(452, 1, 2, 4, 90, 'your logo', '2021-03-02 15:32:14', '2021-03-02 15:32:14'),
(453, 1, 2, 4, 89, 'company name', '2021-03-02 15:32:29', '2021-03-02 15:32:29'),
(454, 1, 7, 4, 16, 'glow foods', '2021-03-03 07:48:48', '2021-03-03 07:48:48'),
(455, 1, 7, 4, 17, 'your logo', '2021-03-03 08:34:33', '2021-03-03 08:34:33'),
(456, 1, 2, 2, 23, 'Rj Physiotherapist', '2021-03-03 08:44:26', '2021-03-03 08:44:26'),
(457, 1, 2, 2, 23, 'Rj Physiotherapist', '2021-03-03 10:20:57', '2021-03-03 10:20:57'),
(458, 1, 2, 4, 93, 'Herbalist', '2021-03-03 12:10:30', '2021-03-03 12:10:30'),
(459, 1, 1, 3, 116, 'Naresh', '2021-03-18 09:48:57', '2021-03-18 09:48:57'),
(460, 1, 1, 2, 13, 'Naresh', '2021-03-18 09:51:22', '2021-03-18 09:51:22'),
(461, 1, 1, 3, 66, 'Sandipan', '2021-03-18 09:55:56', '2021-03-18 09:55:56'),
(462, 1, 1, 3, 65, 'Sandipan', '2021-03-18 09:56:12', '2021-03-18 09:56:12'),
(463, 1, 1, 3, 64, 'Sandipan', '2021-03-18 09:56:27', '2021-03-18 09:56:27'),
(464, 1, 1, 3, 122, 'Krishnendu', '2021-03-18 09:57:29', '2021-03-18 09:57:29'),
(465, 1, 1, 3, 121, 'Krishnendu', '2021-03-18 09:57:42', '2021-03-18 09:57:42'),
(466, 1, 1, 3, 159, 'Debabrata', '2021-03-18 09:57:51', '2021-03-18 09:57:51'),
(467, 1, 1, 3, 158, 'Test', '2021-03-18 09:58:06', '2021-03-18 09:58:06'),
(468, 1, 1, 3, 183, 'Surajit', '2021-03-18 09:58:58', '2021-03-18 09:58:58'),
(469, 1, 1, 2, 179, 'Surajit', '2021-03-18 09:59:30', '2021-03-18 09:59:30'),
(470, 1, 2, 4, 94, 'Test Pritam Music', '2021-03-18 10:01:18', '2021-03-18 10:01:18'),
(471, 1, 1, 3, 184, 'Test', '2021-03-18 10:04:56', '2021-03-18 10:04:56'),
(472, 1, 1, 3, 272, 'ios', '2021-03-18 10:05:10', '2021-03-18 10:05:10'),
(473, 1, 1, 3, 271, 'testvendor', '2021-03-18 10:05:20', '2021-03-18 10:05:20'),
(474, 1, 1, 3, 182, 'Arup', '2021-03-18 10:06:20', '2021-03-18 10:06:20'),
(475, 1, 1, 3, 164, 'Arup', '2021-03-18 10:06:48', '2021-03-18 10:06:48'),
(476, 1, 1, 3, 157, 'amit', '2021-03-18 10:06:58', '2021-03-18 10:06:58'),
(477, 1, 1, 3, 163, 'Arup', '2021-03-18 10:07:06', '2021-03-18 10:07:06'),
(478, 1, 1, 3, 162, 'Arup', '2021-03-18 10:07:15', '2021-03-18 10:07:15'),
(479, 1, 1, 3, 161, 'Arup', '2021-03-18 10:07:23', '2021-03-18 10:07:23'),
(480, 1, 1, 3, 160, 'Arup', '2021-03-18 10:07:31', '2021-03-18 10:07:31'),
(481, 1, 1, 3, 153, 'Adaita', '2021-03-18 10:07:42', '2021-03-18 10:07:42'),
(482, 1, 1, 3, 152, 'Adaita', '2021-03-18 10:07:49', '2021-03-18 10:07:49'),
(483, 1, 1, 3, 142, 'Arup', '2021-03-18 10:08:17', '2021-03-18 10:08:17'),
(484, 1, 1, 3, 143, 'Amit', '2021-03-18 10:08:26', '2021-03-18 10:08:26'),
(485, 1, 1, 3, 141, 'Arup', '2021-03-18 10:08:35', '2021-03-18 10:08:35'),
(486, 1, 1, 3, 140, 'Arup', '2021-03-18 10:08:41', '2021-03-18 10:08:41'),
(487, 1, 2, 4, 97, 'Test Show Public', '2021-03-20 18:02:12', '2021-03-20 18:02:12'),
(488, 1, 2, 4, 96, 'Pallab Test', '2021-03-20 18:29:44', '2021-03-20 18:29:44'),
(489, 1, 3, 2, 98, 'Restaurant', '2021-03-22 09:15:53', '2021-03-22 09:15:53'),
(490, 1, 7, 4, 18, 'company name', '2021-03-25 17:09:01', '2021-03-25 17:09:01'),
(491, 1, 7, 4, 19, 'Melanin Minds', '2021-03-25 17:09:14', '2021-03-25 17:09:14'),
(492, 1, 7, 4, 20, 'glow foods', '2021-03-25 17:09:23', '2021-03-25 17:09:23'),
(493, 1, 3, 1, 132, 'plumber', '2021-03-25 17:16:37', '2021-03-25 17:16:37'),
(494, 1, 2, 4, 99, 'Serampore Music Library', '2021-03-25 17:17:32', '2021-03-25 17:17:32'),
(495, 1, 3, 2, 132, 'Plumber', '2021-03-25 17:22:51', '2021-03-25 17:22:51'),
(496, 1, 3, 2, 132, 'Plumber', '2021-03-25 17:23:24', '2021-03-25 17:23:24'),
(497, 1, 2, 4, 100, 'Plumbers Asscociation', '2021-03-25 17:27:40', '2021-03-25 17:27:40'),
(498, 1, 2, 2, 100, 'Plumbers Asscociation', '2021-03-25 17:28:49', '2021-03-25 17:28:49'),
(499, 1, 3, 2, 132, 'plumber', '2021-03-26 17:57:28', '2021-03-26 17:57:28'),
(500, 1, 3, 2, 5, 'Beauty', '2021-03-26 18:08:23', '2021-03-26 18:08:23'),
(501, 1, 3, 2, 28, 'Food Beverages', '2021-03-26 18:48:37', '2021-03-26 18:48:37'),
(502, 1, 3, 2, 15, 'Education', '2021-03-26 18:49:57', '2021-03-26 18:49:57'),
(503, 1, 3, 2, 28, 'food beverages', '2021-03-26 18:53:06', '2021-03-26 18:53:06'),
(504, 1, 3, 2, 15, 'education', '2021-03-26 18:53:29', '2021-03-26 18:53:29'),
(505, 1, 3, 2, 100, 'accountancy firm', '2021-03-26 18:53:52', '2021-03-26 18:53:52'),
(506, 1, 3, 2, 95, 'barber shop', '2021-03-26 18:54:40', '2021-03-26 18:54:40'),
(507, 1, 3, 2, 54, 'Music', '2021-03-26 18:55:03', '2021-03-26 18:55:03'),
(508, 1, 3, 2, 37, 'health & wellness', '2021-03-26 18:59:21', '2021-03-26 18:59:21'),
(509, 1, 3, 2, 98, 'restaurant', '2021-03-26 19:00:07', '2021-03-26 19:00:07'),
(510, 1, 3, 2, 24, 'Fine Arts (Art, Dance, Theater)', '2021-03-26 19:00:34', '2021-03-26 19:00:34'),
(511, 1, 3, 2, 38, 'Health Information Management', '2021-03-26 19:00:53', '2021-03-26 19:00:53'),
(512, 1, 3, 2, 77, 'Travel', '2021-03-26 19:04:55', '2021-03-26 19:04:55'),
(513, 1, 3, 2, 99, 'Caribbean Restaurant', '2021-03-26 19:05:52', '2021-03-26 19:05:52'),
(514, 1, 2, 4, 101, 'body fitness', '2021-03-27 13:37:34', '2021-03-27 13:37:34'),
(515, 1, 2, 2, 75, 'Top Plumbing', '2021-03-27 13:44:23', '2021-03-27 13:44:23'),
(516, 1, 2, 2, 88, 'Lic India', '2021-03-27 14:44:59', '2021-03-27 14:44:59'),
(517, 1, 7, 4, 22, 'The Ringrose Home', '2021-03-27 14:52:05', '2021-03-27 14:52:05'),
(518, 1, 2, 2, 1, 'Witty kiddies sydenham preschool', '2021-03-28 07:40:35', '2021-03-28 07:40:35'),
(519, 1, 2, 2, 1, 'Witty kiddies sydenham preschool', '2021-03-28 07:41:07', '2021-03-28 07:41:07'),
(520, 1, 2, 2, 67, 'PrideRock', '2021-03-30 17:44:48', '2021-03-30 17:44:48'),
(521, 1, 2, 2, 67, 'PrideRock', '2021-03-30 17:46:14', '2021-03-30 17:46:14'),
(522, 1, 2, 2, 67, 'PrideRock', '2021-03-30 17:46:17', '2021-03-30 17:46:17'),
(523, 1, 2, 2, 75, 'Top Plumbing', '2021-03-30 17:47:38', '2021-03-30 17:47:38'),
(524, 1, 2, 2, 24, 'Eloise beauty', '2021-03-31 12:53:04', '2021-03-31 12:53:04'),
(525, 1, 2, 2, 50, 'mandir', '2021-04-05 05:54:19', '2021-04-05 05:54:19'),
(526, 1, 2, 2, 67, 'PrideRock', '2021-04-05 17:43:14', '2021-04-05 17:43:14'),
(527, 1, 2, 2, 67, 'PrideRock', '2021-04-05 17:44:31', '2021-04-05 17:44:31'),
(528, 1, 2, 2, 24, 'Eloise beauty', '2021-04-05 19:34:39', '2021-04-05 19:34:39'),
(529, 1, 2, 2, 75, 'Top Plumbing', '2021-04-06 20:15:51', '2021-04-06 20:15:51'),
(530, 1, 2, 4, 102, 'Mac donalds', '2021-04-07 12:38:34', '2021-04-07 12:38:34'),
(531, 1, 2, 4, 103, 'Mc Donalds', '2021-04-07 12:48:21', '2021-04-07 12:48:21'),
(532, 1, 2, 2, 75, 'Top Plumbing', '2021-04-07 12:52:29', '2021-04-07 12:52:29'),
(533, 1, 2, 2, 24, 'Eloise beauty', '2021-04-07 14:10:56', '2021-04-07 14:10:56'),
(534, 1, 2, 4, 104, 'Dominos', '2021-04-08 14:24:40', '2021-04-08 14:24:40'),
(535, 1, 2, 4, 105, 'Honda bike', '2021-04-09 07:30:32', '2021-04-09 07:30:32'),
(536, 1, 2, 2, 75, 'Top Plumbing', '2021-04-09 17:06:12', '2021-04-09 17:06:12'),
(537, 1, 2, 2, 102, 'Mac donalds', '2021-04-12 05:39:12', '2021-04-12 05:39:12'),
(538, 1, 2, 2, 102, 'Mac donalds', '2021-04-12 05:41:20', '2021-04-12 05:41:20'),
(539, 1, 2, 2, 78, 'Earths Creation', '2021-04-12 07:40:03', '2021-04-12 07:40:03'),
(540, 1, 2, 4, 107, 'More Shopping', '2021-04-12 16:01:59', '2021-04-12 16:01:59'),
(541, 1, 2, 5, 109, 'p2', '2021-04-12 18:41:49', '2021-04-12 18:41:49'),
(542, 1, 2, 3, 109, 'p2', '2021-04-12 18:41:54', '2021-04-12 18:41:54'),
(543, 1, 2, 3, 108, 'p1', '2021-04-12 18:41:58', '2021-04-12 18:41:58'),
(544, 1, 2, 4, 110, 'p3', '2021-04-12 18:46:55', '2021-04-12 18:46:55'),
(545, 1, 2, 4, 111, 'flame', '2021-04-12 19:57:16', '2021-04-12 19:57:16'),
(546, 1, 2, 2, 24, 'Eloise beauty', '2021-04-12 21:48:01', '2021-04-12 21:48:01'),
(547, 1, 2, 4, 112, 'b4', '2021-04-13 05:14:45', '2021-04-13 05:14:45'),
(548, 1, 2, 2, 75, 'Top Plumbing', '2021-04-13 10:21:32', '2021-04-13 10:21:32'),
(549, 1, 2, 2, 111, 'flame', '2021-04-13 17:50:10', '2021-04-13 17:50:10'),
(550, 1, 2, 3, 110, 'p3', '2021-04-13 17:52:26', '2021-04-13 17:52:26'),
(551, 1, 2, 4, 113, 'toogle', '2021-04-13 18:09:52', '2021-04-13 18:09:52'),
(552, 1, 2, 4, 114, 'hook test', '2021-04-13 18:21:19', '2021-04-13 18:21:19'),
(553, 1, 2, 4, 115, 'Morley’s Chicken', '2021-04-13 18:53:13', '2021-04-13 18:53:13'),
(554, 1, 2, 2, 115, 'Morley’s Chicken', '2021-04-13 19:03:40', '2021-04-13 19:03:40'),
(555, 1, 2, 4, 116, 'streets Ahead', '2021-04-13 19:21:49', '2021-04-13 19:21:49'),
(556, 1, 2, 2, 115, 'Morley’s Chicken', '2021-04-14 17:26:22', '2021-04-14 17:26:22'),
(557, 1, 2, 2, 75, 'Top Plumbing', '2021-04-15 20:06:05', '2021-04-15 20:06:05'),
(558, 1, 2, 2, 75, 'Top Plumbing', '2021-04-15 20:08:23', '2021-04-15 20:08:23'),
(559, 1, 2, 2, 75, 'Top Plumbing', '2021-04-15 20:09:49', '2021-04-15 20:09:49'),
(560, 1, 2, 2, 75, 'Top Plumbing', '2021-04-15 20:11:22', '2021-04-15 20:11:22'),
(561, 1, 2, 4, 117, 'flames', '2021-04-15 20:30:54', '2021-04-15 20:30:54'),
(562, 1, 2, 4, 118, 'bullet', '2021-04-16 06:45:50', '2021-04-16 06:45:50'),
(563, 1, 2, 2, 40, 'yard food', '2021-04-18 09:37:28', '2021-04-18 09:37:28'),
(564, 1, 2, 4, 119, 'music', '2021-04-18 09:55:52', '2021-04-18 09:55:52'),
(565, 1, 2, 2, 119, 'black rob', '2021-04-18 10:05:12', '2021-04-18 10:05:12'),
(566, 1, 2, 2, 119, 'black rob', '2021-04-18 10:59:08', '2021-04-18 10:59:08'),
(567, 1, 2, 4, 120, 'p-business', '2021-04-18 16:33:53', '2021-04-18 16:33:53'),
(568, 1, 2, 4, 121, 'bagel king', '2021-04-19 17:09:21', '2021-04-19 17:09:21'),
(569, 1, 2, 2, 119, 'black rob', '2021-04-19 17:16:02', '2021-04-19 17:16:02'),
(570, 1, 2, 2, 119, 'black rob', '2021-04-19 17:19:14', '2021-04-19 17:19:14'),
(571, 1, 2, 2, 75, 'Top Plumbing', '2021-04-19 17:21:41', '2021-04-19 17:21:41'),
(572, 1, 2, 2, 121, 'bagel king', '2021-04-19 17:31:30', '2021-04-19 17:31:30'),
(573, 1, 2, 2, 121, 'bagel king', '2021-04-20 05:06:24', '2021-04-20 05:06:24'),
(574, 1, 2, 4, 122, 'testing cbi', '2021-04-20 06:18:40', '2021-04-20 06:18:40'),
(575, 1, 2, 4, 123, 'rework test', '2021-04-21 14:19:01', '2021-04-21 14:19:01'),
(576, 1, 2, 2, 121, 'bagel king', '2021-04-21 19:21:45', '2021-04-21 19:21:45'),
(577, 1, 2, 2, 89, 'company name', '2021-04-21 19:50:43', '2021-04-21 19:50:43'),
(578, 1, 2, 4, 124, 'test live', '2021-04-22 07:05:10', '2021-04-22 07:05:10'),
(579, 1, 2, 4, 125, 'salmon hut', '2021-04-22 07:21:22', '2021-04-22 07:21:22'),
(580, 1, 2, 2, 91, 'Your name', '2021-04-22 08:59:01', '2021-04-22 08:59:01'),
(581, 1, 2, 2, 91, 'Your name', '2021-04-22 09:00:18', '2021-04-22 09:00:18'),
(582, 1, 2, 4, 126, 'Amazon boxers', '2021-04-22 19:15:23', '2021-04-22 19:15:23');

-- --------------------------------------------------------

--
-- Table structure for table `da_advertises`
--

CREATE TABLE `da_advertises` (
  `id` int(11) NOT NULL,
  `advertise_image` varchar(255) NOT NULL,
  `created_by` int(11) NOT NULL,
  `user_name` varchar(255) NOT NULL,
  `start_date` timestamp NOT NULL DEFAULT CURRENT_TIMESTAMP ON UPDATE CURRENT_TIMESTAMP,
  `end_date` timestamp NOT NULL DEFAULT CURRENT_TIMESTAMP,
  `weblink` varchar(255) NOT NULL,
  `contact` varchar(255) NOT NULL,
  `min_age` int(11) NOT NULL,
  `max_age` int(11) NOT NULL,
  `gender` varchar(255) NOT NULL,
  `city` int(11) NOT NULL,
  `status` int(11) NOT NULL,
  `payment_status` int(11) NOT NULL,
  `transaction_id` varchar(255) DEFAULT NULL,
  `transaction_amount` varchar(255) DEFAULT NULL,
  `transaction_date` varchar(255) DEFAULT NULL,
  `duration` int(11) NOT NULL,
  `created_at` timestamp NULL DEFAULT NULL,
  `updated_at` timestamp NULL DEFAULT NULL
) ENGINE=InnoDB DEFAULT CHARSET=latin1;

--
-- Dumping data for table `da_advertises`
--

INSERT INTO `da_advertises` (`id`, `advertise_image`, `created_by`, `user_name`, `start_date`, `end_date`, `weblink`, `contact`, `min_age`, `max_age`, `gender`, `city`, `status`, `payment_status`, `transaction_id`, `transaction_amount`, `transaction_date`, `duration`, `created_at`, `updated_at`) VALUES
(5, 'gh.png', 238, 'Ranjan Bera', '2021-02-02 07:17:02', '2021-02-09 18:30:00', 'www.ff.com', '8520125478', 18, 25, 'Male', 7, 1, 0, NULL, NULL, NULL, 0, '2021-02-01 03:56:25', '2021-02-01 03:56:25'),
(6, '	 image_1612172564.png', 238, 'Ranjan Bera', '2021-02-02 07:17:08', '2021-02-02 03:47:32', 'www.fgf.com', '1111111111', 21, 29, 'Male', 9, 1, 0, NULL, NULL, NULL, 0, '2021-02-01 04:13:03', '2021-02-01 23:48:04'),
(7, 'image_1612172564.png', 238, 'Ranjan Bera', '2021-02-02 07:29:00', '2021-02-08 18:30:00', 'www.username.com', '1010101010', 30, 35, 'Female', 8, 1, 0, NULL, NULL, NULL, 0, '2021-02-01 23:35:58', '2021-02-01 23:35:58'),
(8, 'image_1612172564.png', 238, 'Ranjan Bera', '2021-02-02 08:00:13', '2021-02-09 00:00:00', 'www.username.com', '1010101010', 30, 40, 'Female', 8, 1, 0, NULL, NULL, NULL, 0, '2021-02-02 07:21:18', '2021-02-02 08:00:13'),
(9, 'image_1612172564.png', 238, 'Ranjan Bera', '2021-02-02 00:00:00', '2021-02-09 00:00:00', 'www.username.com', '1010101010', 30, 35, 'Female', 8, 0, 0, NULL, NULL, NULL, 0, '2021-02-02 07:55:32', '2021-02-02 07:55:32'),
(10, 'image_1612172564.png', 13, 'Naresh Majumdar', '2021-02-02 00:00:00', '2021-02-09 00:00:00', 'www.username.com', '1010101010', 20, 23, 'Male', 8, 0, 0, NULL, NULL, NULL, 0, '2021-02-03 07:40:20', '2021-02-03 07:40:20'),
(11, 'image_1612172564.png', 13, 'Naresh Majumdar', '2021-02-02 00:00:00', '2021-02-09 00:00:00', 'www.username.com', '1010101010', 21, 25, 'Male', 9, 0, 0, NULL, NULL, NULL, 0, '2021-02-03 07:56:14', '2021-02-03 07:56:14');

-- --------------------------------------------------------

--
-- Table structure for table `da_appsettings`
--

CREATE TABLE `da_appsettings` (
  `id` int(11) NOT NULL,
  `from_email` varchar(255) DEFAULT NULL,
  `from_email_name` varchar(255) DEFAULT NULL,
  `contact_email` varchar(255) DEFAULT NULL,
  `career_email` varchar(255) DEFAULT NULL,
  `site_address` varchar(255) DEFAULT NULL,
  `site_fax_no` varchar(50) DEFAULT NULL,
  `site_contact_no` varchar(50) DEFAULT NULL,
  `footer_logo_text` varchar(255) DEFAULT NULL,
  `facebook_url` varchar(255) DEFAULT NULL,
  `twitter_url` varchar(255) DEFAULT NULL,
  `instagram_url` varchar(255) DEFAULT NULL,
  `linkedin_url` varchar(255) DEFAULT NULL
) ENGINE=InnoDB DEFAULT CHARSET=utf8;

--
-- Dumping data for table `da_appsettings`
--

INSERT INTO `da_appsettings` (`id`, `from_email`, `from_email_name`, `contact_email`, `career_email`, `site_address`, `site_fax_no`, `site_contact_no`, `footer_logo_text`, `facebook_url`, `twitter_url`, `instagram_url`, `linkedin_url`) VALUES
(1, 'support@da.com', 'Directory App', 'support@da.com', 'support@da.com', 'Site Address', '222222', '111111', 'Dummy Content - Lorem ipsum dolor sit amet, mattis consectetuer adipiscing suspendisse et justo. Praesent mattis ugue.', 'http://facebook.com', 'http://twitter.com', NULL, 'http://linkedIn.com');

-- --------------------------------------------------------

--
-- Table structure for table `da_businesses`
--

CREATE TABLE `da_businesses` (
  `id` int(11) NOT NULL,
  `user_id` int(11) NOT NULL,
  `business_name` varchar(255) NOT NULL,
  `business_email` varchar(255) NOT NULL,
  `business_phone` varchar(255) NOT NULL,
  `business_category` varchar(255) DEFAULT NULL,
  `business_subcategory` varchar(255) DEFAULT NULL,
  `business_website` varchar(255) DEFAULT NULL,
  `facebook_link` varchar(255) DEFAULT NULL,
  `twitter_link` varchar(255) DEFAULT NULL,
  `instagram_link` varchar(255) DEFAULT NULL,
  `city` int(11) NOT NULL,
  `area` int(11) DEFAULT '425',
  `search_tag` varchar(255) DEFAULT NULL,
  `status` enum('Active','Inactive') NOT NULL DEFAULT 'Active',
  `description` text,
  `added_by` text,
  `origin` int(11) DEFAULT NULL,
  `featured` tinyint(1) NOT NULL DEFAULT '0',
  `top_clicked` int(11) DEFAULT NULL,
  `approved_by_admin` enum('0','1','2') NOT NULL DEFAULT '0',
  `business_type` int(11) DEFAULT NULL COMMENT '1=Online Only & 2=On Site & 3=Service',
  `radius` varchar(255) DEFAULT NULL,
  `address` varchar(255) DEFAULT NULL,
  `latitude` varchar(255) DEFAULT NULL,
  `longitude` varchar(255) DEFAULT NULL,
  `post_code` varchar(255) DEFAULT NULL,
  `show_public` enum('0','1') DEFAULT '0' COMMENT '0=not-show & 1=show ',
  `created_at` timestamp NULL DEFAULT NULL,
  `updated_at` timestamp NULL DEFAULT NULL
) ENGINE=InnoDB DEFAULT CHARSET=latin1;

--
-- Dumping data for table `da_businesses`
--

INSERT INTO `da_businesses` (`id`, `user_id`, `business_name`, `business_email`, `business_phone`, `business_category`, `business_subcategory`, `business_website`, `facebook_link`, `twitter_link`, `instagram_link`, `city`, `area`, `search_tag`, `status`, `description`, `added_by`, `origin`, `featured`, `top_clicked`, `approved_by_admin`, `business_type`, `radius`, `address`, `latitude`, `longitude`, `post_code`, `show_public`, `created_at`, `updated_at`) VALUES
(1, 220, 'Witty kiddies sydenham preschool', 'sydenham@wittykiddies.co.uk', '+447772304312', '15', '29', 'Wittykiddies.co.uk', 'Witty kiddies sydenham', NULL, NULL, 26, NULL, '[\"15hoursfunding\",\"30hoursfunding\",\"care\",\"childcare\",\"children\",\"daycare\",\"earlyyears\",\"education\",\"kids\",\"nursery\",\"preschool\",\"school\",\"sydenham\",\"wittykiddies\"]', 'Active', NULL, 'vendor', 1, 1, 27, '1', 2, '1', 'Sydenham tennis court  Lawrie park road,UK', '51.4217796', '-0.0596611', 'SE26 6ET', '1', '2021-01-27 12:55:38', '2021-04-12 16:40:10'),
(2, 220, 'Business 2', 'business@gmail.com', '9523452356', '100', '126', 'https://www.website.com', 'https://www.website.com', 'https://www.website.com', 'https://www.website.com', 26, NULL, '[\"sustainable\"]', 'Active', 'loreum ipsum', 'vendor', 1, 1, 6, '1', 1, '0', 'hapania, nagarukhra haringhata nadia', '22.9494416', '88.6102652', '741257', '1', '2021-01-27 12:57:17', '2021-04-12 16:48:59'),
(3, 220, 'Business 3', 'business@gmail.com', '9523456323', '98', '124', 'https://www.website.com', 'https://www.website.com', 'https://www.website.com', 'https://www.website.com', 26, NULL, '[\"vegan\"]', 'Active', 'loreum ipsum', 'vendor', 1, 1, 15, '1', 3, '4', 'city palace', '38.7388911', '-77.5211949', '313001', '1', '2021-01-27 12:59:23', '2021-03-27 13:15:24'),
(4, 220, 'Business 4', 'business@gmail.com', '9', '95', '121', 'https://www.website.com', 'https://www.website.com', 'https://www.website.com', 'https://www.website.com', 8, NULL, '[]', 'Active', 'loreum ipsum', 'vendor', 1, 1, 52, '1', 1, '0', 'Staff Quarters Road, P.O+P.S Habra, 24 North Parganas', '22.8220892', '88.6485863', '743263', '1', '2021-01-27 13:01:12', '2021-04-19 04:00:29'),
(5, 13, 'Business 5', 'business@gmail.com', '9523563256', '100', '126', 'https://www.website.com', 'https://www.website.com', 'https://www.website.com', 'https://www.website.com', 26, NULL, '[\"sportswear\"]', 'Active', 'test', 'vendor', 1, 1, 24, '1', 1, '0', 'Hapania, Nagarukhra Haringhata Nadia', '22.9494416', '88.6102652', '741257', '1', '2021-01-27 13:18:14', '2021-04-12 16:49:06'),
(6, 13, 'Business 6 abc acd', 'abc@gmail.com', '9523563256', '95', '121', NULL, NULL, NULL, NULL, 9, 1, '[\"eco-friendly\"]', 'Active', 'test', 'vendor', 1, 1, 5, '1', 1, '0', 'Hapania, Nagarukhra Haringhata Nadia', '22.9494416', '88.6102652', '741257', '0', '2021-01-27 13:19:52', '2021-03-27 14:38:50'),
(7, 183, 'Business 7', 'business@gmail.com', '9525255555', '95', '121', 'http://www.website.com', 'http://www.website.com', 'http://www.website.com', 'http://www.website.com', 26, NULL, '[\"vegan\"]', 'Active', 'test', 'vendor', 1, 1, 95, '1', 1, '0', 'Jagatnagar,Singur, Hooghly', '22.7783398', '88.2205557', '712409', '1', '2021-01-27 14:23:30', '2021-04-21 15:38:39'),
(8, 183, 'Business development at association member', 'business@gmail.com', '9525254525', '20', '35', 'http://www.website.com', 'http://www.website.com', 'http://www.website.com', 'http://www.website.com', 26, NULL, '[\"beauty\"]', 'Active', 'test', 'vendor', 1, 1, 23, '1', 2, '0', 'Jagatnagar,Singur, Hooghly', '22.7783398', '88.2205557', '712409', '1', '2021-01-27 14:25:44', '2021-04-12 11:55:01'),
(10, 220, 'Web Business', 'neelima.bmsf@gmail.com', '999999999', '98', '121', 'http://www.website.com', 'http://www.website.com', 'http://www.website.com', 'http://www.website.com', 8, NULL, '[\"organics\"]', 'Active', 'test', 'vendor', 1, 1, 6, '1', 3, '13', 'university, udaipur', '24.5943801', '73.7317596', '313001', '0', '2021-01-28 10:11:01', '2021-02-08 13:29:31'),
(13, 220, 'Web business1', 'neelima.bms@gmail.com', '09098789098', '100', '126', NULL, NULL, NULL, NULL, 8, NULL, '[\"jewellery\"]', 'Active', '“LivePlan made an overwhelming task easy. LivePlan is incredibly easy to use. LivePlan\'s web-based nature allows me to log in anywhere (for me it was with my Mac Book Pro or iPad). At times writing a business plan can be a overwhelming task, especially when it comes to formatting and layout. LivePlan has made it easy to focus on putting your business ideas and goals on paper instead of fussing with all the other pesky stuff. I really liked how each section is defined and gives examples of what a quality business plan should look like.”“LivePlan made an overwhelming task easy. LivePlan is incredibly easy to use. LivePlan\'s web-based nature allows me to log in anywhere (for me it was with my Mac Book Pro or iPad). At times writing a business plan can be a overwhelming task, especially when it comes to formatting and layout. LivePlan has made it easy to focus on putting your business ideas and goals on paper instead of fussing with all the other pesky stuff. I really liked how each section is defined and gives examples of what a quality business plan should look like.”“LivePlan made an overwhelming task easy. LivePlan is incredibly easy to use. LivePlan\'s web-based nature allows me to log in anywhere (for me it was with my Mac Book Pro or iPad). At times writing a business plan can be a overwhelming task, especially when it comes to formatting and layout. LivePlan has made it easy to focus on putting your business ideas and goals on paper instead of fussing with all the other pesky stuff. I really liked how each section is defined and gives examples of what a quality business plan should look like.”“LivePlan made an overwhelming task easy. LivePlan is incredibly easy to use. LivePlan\'s web-based nature allows me to log in anywhere (for me it was with my Mac Book Pro or iPad). At times writing a business plan can be a overwhelming task, especially when it comes to formatting and layout. LivePlan has made it easy to focus on putting your business ideas and goals on paper', 'vendor', 1, 1, 6, '1', 1, '0', '44\r\n184 Main Rd E, St Albans VIC 3021, Australia', '-37.7456374', '144.8137714', 'WA394', '0', '2021-01-29 07:07:36', '2021-04-12 16:49:13'),
(14, 220, 'Business 9', 'neelima.bms@outlook.com', '09098789098', '100', '126', NULL, NULL, NULL, NULL, 8, NULL, '[\"jewellery\"]', 'Active', '“Most people are intimidated by the financials, but LivePlan made planning simple, saved me so much time and just knowing that the calculations are correct makes this tool worth every penny!”“Most people are intimidated by the financials, but LivePlan made planning simple, saved me so much time and just knowing that the calculations are correct makes this tool worth every penny!”', 'vendor', 1, 1, 2, '1', 1, '0', 'University, Udaipur', '24.5943801', '73.7317596', '313001', '0', '2021-01-29 09:41:11', '2021-02-03 14:30:24'),
(15, 220, 'Business 10`', 'neelima.bms@gmail.com', '09098789098', '96', '171', NULL, NULL, NULL, NULL, 8, NULL, '[\"stockings\"]', 'Active', '“Most people are intimidated by the financials, but LivePlan made planning simple, saved me so much time and just knowing that the calculations are correct makes this tool worth every penny!”“Most people are intimidated by the financials, but LivePlan made planning simple, saved me so much time and just knowing that the calculations are correct makes this tool worth every penny!”', 'vendor', 1, 0, NULL, '1', 1, '0', 'University, udaipur', '24.5943801', '73.7317596', '313001', '0', '2021-01-29 09:42:00', '2021-02-04 10:39:35'),
(16, 220, 'Business 11', 'neelima.bms@gmail.com', '09098789098', '15', '29', NULL, NULL, NULL, NULL, 8, NULL, '[\"suspenders\"]', 'Active', '“Most people are intimidated by the financials, but LivePlan made planning simple, saved me so much time and just knowing that the calculations are correct makes this tool worth every penny!”“Most people are intimidated by the financials, but LivePlan made planning simple, saved me so much time and just knowing that the calculations are correct makes this tool worth every penny!”', 'vendor', 1, 1, NULL, '1', 2, '0', 'University, udaipur', '24.5943801', '73.7317596', '313001', '0', '2021-01-29 09:42:39', '2021-01-29 09:47:12'),
(17, 220, 'Business 12', 'neelima.bms@gmail.com', '09098789098', '56', '102', NULL, NULL, NULL, NULL, 8, NULL, '[\"eco-friendly\"]', 'Active', '“Most people are intimidated by the financials, but LivePlan made planning simple, saved me so much time and just knowing that the calculations are correct makes this tool worth every penny!”“Most people are intimidated by the financials, but LivePlan made planning simple, saved me so much time and just knowing that the calculations are correct makes this tool worth every penny!”“Most people are intimidated by the financials, but LivePlan made planning simple, saved me so much time and just knowing that the calculations are correct makes this tool worth every penny!”', 'vendor', 1, 1, NULL, '1', 1, '0', 'University, udaipur', '24.5943801', '73.7317596', '313001', '0', '2021-01-29 09:43:17', '2021-01-29 09:46:56'),
(18, 220, 'Business 13', 'neelima.bms@gmail.com', '09098789098', '102', '128', NULL, NULL, NULL, NULL, 8, NULL, '[\"detox\"]', 'Active', '“Most people are intimidated by the financials, but LivePlan made planning simple, saved me so much time and just knowing that the calculations are correct makes this tool worth every penny!”“Most people are intimidated by the financials, but LivePlan made planning simple, saved me so much time and just knowing that the calculations are correct makes this tool worth every penny!”', 'vendor', 1, 1, NULL, '1', 1, '0', 'University, udaipur', '24.5943801', '73.7317596', '313001', '0', '2021-01-29 09:43:50', '2021-01-29 09:46:45'),
(19, 220, 'Business14', 'neelima.bms@gmail.com', '09098789098', '77', '103', NULL, NULL, NULL, NULL, 8, NULL, '[\"acne\"]', 'Active', '“Most people are intimidated by the financials, but LivePlan made planning simple, saved me so much time and just knowing that the calculations are correct makes this tool worth every penny!”“Most people are intimidated by the financials, but LivePlan made planning simple, saved me so much time and just knowing that the calculations are correct makes this tool worth every penny!”', 'vendor', 1, 1, 1, '1', 1, '0', 'University, udaipur', '24.5943801', '73.7317596', '313001', '0', '2021-01-29 09:44:32', '2021-02-24 10:24:59'),
(20, 220, 'Business 15`', 'neelima.bms@gmail.com', '09098789098', '96', '171', NULL, NULL, NULL, NULL, 8, NULL, '[\"health\"]', 'Active', '“Most people are intimidated by the financials, but LivePlan made planning simple, saved me so much time and just knowing that the calculations are correct makes this tool worth every penny!”“Most people are intimidated by the financials, but LivePlan made planning simple, saved me so much time and just knowing that the calculations are correct makes this tool worth every penny!”', 'vendor', 1, 1, 1, '1', 1, '0', 'University, udaipur', '24.5943801', '73.7317596', '313001', '0', '2021-01-29 09:49:10', '2021-02-04 10:40:13'),
(21, 220, 'The Ringrose Home', 'welcometo@theringrosehome.com', '07588284632', '105', '139', 'www.theringrosehome.com', 'www.facebook.com/theringrosehome', NULL, 'www.instagram.com/theringrosehome', 26, NULL, '[\"home\",\"candles\"]', 'Active', 'Making your home feel boujie & smell exquisite.’\r\nLuxury Candles & Reed Diffusers', 'vendor', 1, 1, 47, '1', 1, '1', '38 helperby road,UK', '51.5457063', '-0.2533008', 'Nw10 9ds', '0', '2021-01-29 09:57:13', '2021-04-17 17:36:50'),
(22, 220, 'REFLECT Couture', 'info@reflectcouture.com', '07886128809', '29', '70', 'http://www.reflectcouture.com', 'http://www.facebook.com/reflectcouture', 'http://www.twitter.com/reflectcouture', 'https://www.instagram.com/reflectcouture', 26, NULL, '[\"children\",\"clothing\",\"kids\",\"adult\",\"bag\",\"cultural\",\"Hoodies\",\"rompersuit\",\"Rucksack\",\"Tops\",\"Tracksuit\"]', 'Active', 'WE are REFLECT Couture: Specialising in Quality Children’s and Adult’s Clothing & Apparel.', 'vendor', 1, 1, 24, '1', 1, '1', '56,UK', '51.4241296', '-0.1553521', 'SW17 9BT', '0', '2021-01-29 09:57:56', '2021-04-05 17:30:33'),
(23, 220, 'Rj Physiotherapist', 'rj.physiotherapist@gmail.com', '07476444194', '37', '72', NULL, 'Rj.Physiotherapist', NULL, 'Rj.physiotherapist', 2, NULL, '[\"injuries\",\"injury\",\"mobility\",\"physiotherapist\"]', 'Active', 'Providing therapy for:\r\nMuscles pains\r\nBack issues\r\nShort and long term injuries\r\nPosture misalignment/ assessment \r\nJoint issues \r\nPre & post event massage', 'vendor', 1, 1, NULL, '1', 3, '20', 'Birmingham,Great Barr,UK', '52.5335415', '-1.9175376', 'B42 1LR', '0', '2021-01-29 10:00:10', '2021-03-03 10:20:57'),
(24, 220, 'Eloise beauty', 'info@eloisebeauty.com', '07949023162', '5', '15', 'www.eloisebeauty.com', 'https://www.facebook.com/eloisebeautyuk/', 'https://twitter.com/eloisebeautyuk', 'https://www.instagram.com/eloisebeauty/', 26, NULL, '[\"beauty\",\"beautyclinic\"]', 'Active', NULL, 'vendor', 1, 1, 14, '1', 1, '1', '4 manchester drive southern row london,UK', '51.524748', '-0.2123217', 'W105BB', '0', '2021-01-29 10:00:47', '2021-04-14 17:28:38'),
(25, 220, 'Pastel Nail Supplies', 'ameley@pastelnailsupplies.com', '07710651723', '5', '13', 'www.pastelnailsupplies.com', NULL, NULL, 'http://www.instagram.com/PastelNailSupplies', 26, NULL, NULL, 'Active', 'Online nail supply store selling Nail Art, Essentials, Nail Decals, Sticker and Charms', 'vendor', 1, 1, 12, '1', 1, '1', 'London,UK', '51.611397', '-0.156398', 'N11 3DH', '0', '2021-01-29 10:01:24', '2021-04-13 18:34:18'),
(26, 220, 'Melanin Minds', 'hello@melaninminds.com', '07908424299', '113', '149', 'http://www.wakuda.co.uk/store/melaninminds', 'https://www.facebook.com/MelaninMindsMM/', 'https://mobile.twitter.com/MelaninMindsMM', 'https://instagram.com/melaninminds', 6, NULL, '[\"blackmentalhealth\",\"eco-friendly\",\"giftbox\",\"gifts\",\"mentalhealthinthecommunity\"]', 'Active', 'Raising Awareness for BAME mental health.\r\n\r\nHandmade Caribbean inspired candles that promote self-care.', 'vendor', 1, 1, 26, '1', 1, '1', '61 Bridge Street Kington Herefordshire,UK', '52.2036175', '-3.0286453', 'HR5 3DJ', '0', '2021-01-29 10:02:24', '2021-03-29 19:04:57'),
(27, 220, 'business development', 'ff@gmail.com', '85856555', '99', '125', NULL, NULL, NULL, NULL, 26, NULL, '[]', 'Active', NULL, 'vendor', 1, 0, NULL, '0', 2, '0', 'xv', '42.3583231', '-71.0619297', 'ffg', '0', '2021-01-29 10:40:20', '2021-02-05 12:00:08'),
(29, 13, 'Test Business Image Issue', 'nareshsir@gmail.com', '7602748118', '20', '35', NULL, NULL, NULL, NULL, 18, 425, '[\"stockings\"]', 'Active', 'test', 'vendor', 1, 0, 2, '1', 2, '0', 'Hapania, Nagarukhra, Haringhata, Nadia', '22.9494416', '88.6102652', '741257', '1', '2021-01-29 11:42:16', '2021-02-10 06:37:06'),
(30, 183, 'Eversoft', 'sdsurajit21@gmail.com', '9523563265', '24', '46', NULL, NULL, NULL, NULL, 8, NULL, '[\"eco-friendly\"]', 'Active', 'loreum ipsum', 'vendor', 1, 1, 41, '1', 1, '0', 'Jagatnagar, singur,hooghly', '22.7783398', '88.2205557', '712409', '1', '2021-02-03 06:22:24', '2021-04-12 10:14:04'),
(31, 183, 'lyzoo', 'business@gmail.com', '1234567890', '24', '47', NULL, NULL, NULL, NULL, 8, 1, '[\"health\"]', 'Active', 'loreum ipsum', 'vendor', 1, 1, 25, '1', 1, '0', 'Serampore,Hooghly', '22.7505213', '88.3405772', '712201', '1', '2021-02-03 06:23:49', '2021-03-26 17:39:04'),
(32, 183, 'Urban crew', 'business@gmail.com', '1234567890', '24', '48', NULL, NULL, NULL, NULL, 8, NULL, '[\"health\"]', 'Active', 'loreum ipsum', 'vendor', 1, 1, 6, '1', 2, '0', 'Jagatnagar, singur,hooghly', '22.7783398', '88.2205557', '712409', '1', '2021-02-03 06:25:26', '2021-04-05 19:40:26'),
(33, 183, 'JustAsk', 'business@gmail.com', '1234567890', '28', '55', NULL, NULL, NULL, NULL, 8, NULL, '[\"health\"]', 'Active', 'loreum ipsum', 'vendor', 1, 1, 6, '1', 3, '9', 'Jagatnagar, singur,hooghly', '22.7783398', '88.2205557', '712409', '1', '2021-02-03 06:26:38', '2021-04-07 16:54:30'),
(34, 183, 'Goodfind', 'business@gmail.com', '1234567890', '28', '56', NULL, NULL, NULL, NULL, 8, NULL, '[\"health\"]', 'Active', 'loreum ipsum', 'vendor', 1, 1, 5, '1', 3, '10', 'Jagatnagar, singur,hooghly', '22.7783398', '88.2205557', '712409', '1', '2021-02-03 06:30:09', '2021-04-12 11:25:53'),
(35, 183, 'kids klub', 'business@gmail.com', '1234567890', '28', '58', NULL, NULL, NULL, NULL, 8, 1, '[\"health\"]', 'Active', 'kids toys and simple product , baby product', 'vendor', 1, 1, 18, '1', 2, '0', 'Chandannagar, chandannagar ,hooghly', '22.867114', '88.3674381', '712101', '1', '2021-02-03 06:35:10', '2021-03-27 14:39:11'),
(36, 183, 'Blue Bells', 'business@gmail.com', '1234567890', '38', '87', NULL, NULL, NULL, NULL, 8, 1, '[\"healthy\"]', 'Active', 'loreum ipsum', 'vendor', 1, 1, 16, '1', 1, '0', 'Mosat , singur,hooghly', '22.7371236', '88.1922909', '712701', '1', '2021-02-03 06:36:25', '2021-04-05 19:41:41'),
(37, 183, 'Gift Shop', 'business@gmail.com', '123456780', '38', '88', NULL, NULL, NULL, NULL, 8, 1, '[\"health\"]', 'Active', 'loreum ipsum', 'vendor', 1, 1, 19, '1', 3, '20', 'Haripal, haripal,hooghly', '22.8172172', '88.1047287', '712403', '1', '2021-02-03 06:38:09', '2021-03-22 15:23:11'),
(38, 183, 'The corner shop', 'business@gmail.com', '1234567890', '112', '148', NULL, NULL, NULL, NULL, 8, 1, 'odd1', 'Active', 'All school item and students favourite shipping are available', 'vendor', 1, 1, 22, '1', 1, '1', 'Janairoad, chanditala,hooghly', '22.6894929', '88.2668009', '712304', '1', '2021-02-03 06:39:39', '2021-05-08 05:55:58'),
(39, 183, 'Magic gift store', 'business@gmail.com', '1234567890', '78', '105', NULL, NULL, NULL, NULL, 8, 1, 'odd1,odd2', 'Active', 'it is gift house and very fancy items are available here', 'vendor', 1, 1, 10, '1', 3, '20', 'Baruipara, Hooghly', '22.762214', '88.2436844', '712306', '1', '2021-02-03 06:43:17', '2021-04-05 16:43:52'),
(40, 115, 'yard food', 'houseofdreamsent@yahoo.com', '07808065559', '28', '62', NULL, NULL, NULL, NULL, 26, 1, '[\"rice\",\"dumpling\",\"oxtail\",\"jerkchicken\",\"jamaican\",\"patty\",\"yellow\",\"black\",\"gold\",\"purple\",\"cow\",\"soup\"]', 'Active', 'Restaurant', 'vendor', 1, 1, 17, '1', 2, '1', '2 Vauxhall grove', '51.4850853', '-0.1204036', 'sw8 1td', '0', '2021-02-03 13:17:42', '2021-04-22 16:38:01'),
(41, 220, 'New website business development consultant', 'neelima.bms@outlook.com', '98754555', '1', '7', NULL, NULL, NULL, NULL, 8, NULL, '[\"jewellery\"]', 'Active', 'loreum ipsum', 'vendor', 1, 1, 19, '1', 1, '0', 'university,udaipur', '24.5943801', '73.7317596', '313001', '1', '2021-02-04 05:38:18', '2021-02-08 13:32:08'),
(42, 220, 'Web design', 'neelima.bms@outlook.com', '94455555555', '111', '146', NULL, NULL, NULL, NULL, 8, 425, '[\"stockings\"]', 'Active', 'loreum ipsum', 'vendor', 1, 0, NULL, '2', 1, '0', 'university, udaipur', '24.5943801', '73.7317596', '313001', '1', '2021-02-04 05:45:25', '2021-02-04 05:45:33'),
(43, 220, 'Business management', 'test@business.com', '89886885688', '87', '113', NULL, NULL, NULL, NULL, 8, NULL, '[]', 'Active', NULL, 'vendor', 1, 1, NULL, '2', 2, '0', 'university, Udaipur', '24.5943801', '73.7317596', '313001', '1', '2021-02-04 05:47:12', '2021-02-04 05:47:24'),
(44, 13, 'musical business', 'sdsurajit21@gmail.com', '9007778090', '54', '171', 'www.music.com', NULL, NULL, NULL, 8, 1, '[]', 'Active', 'All musicians and musical instruments are available here', 'vendor', 1, 1, 45, '1', 3, '19', 'Nasibpur , Hooghly, Singur', '22.8086023', '88.2643681', '712223', '1', '2021-02-04 09:29:34', '2021-04-07 16:10:38'),
(45, 220, 'Crewz', 'crew@gmail.com', '5877788888', '127', '171', NULL, NULL, NULL, NULL, 8, NULL, '[]', 'Active', NULL, 'vendor', 1, 1, NULL, '1', 2, '0', 'university, Udaipur', '24.5943801', '73.7317596', '313001', '1', '2021-02-04 10:41:59', '2021-02-04 10:43:17'),
(46, 220, 'Crown', 'c@gmail.com', '857785785', '127', '171', NULL, NULL, NULL, NULL, 8, NULL, '[]', 'Active', NULL, 'vendor', 1, 1, 1, '1', 2, '0', 'university, Udaipur', '24.5943801', '73.7317596', '313001', '1', '2021-02-04 10:43:04', '2021-02-11 09:43:08'),
(47, 220, 'business 22', 'dew@gmail.com', '88888888', '15', '136', NULL, NULL, NULL, NULL, 63, NULL, NULL, 'Active', 'test', 'vendor', 1, 1, 8, '1', 2, '0', 'university, Udaipur', '24.5943801', '73.7317596', '313002', '1', '2021-02-04 10:45:04', '2021-03-27 14:36:16'),
(49, 13, 'Zopart', 'zopart@gmail.com', '7878888885', '95', '121', NULL, NULL, NULL, NULL, 8, NULL, '[]', 'Active', NULL, 'vendor', 1, 1, 18, '1', 2, '0', 'university, Udaipur', '24.5943801', '73.7317596', '313001', '1', '2021-02-04 10:50:09', '2021-03-27 14:38:47'),
(50, 252, 'mandir', 'test@gmail.com', '1234567890', '15', '138', NULL, NULL, NULL, NULL, 63, NULL, '[\"school\"]', 'Active', 'testing', 'vendor', 1, 1, 80, '1', 1, '1', 'I. c. road rahara, 24 pgs North, West Bengal,700118', '22.7251255', '88.385751', '700118', '1', '2021-02-05 11:57:02', '2021-04-12 16:59:16'),
(67, 307, 'PrideRock', 'info@priderockltd.com', '07380890720', '130', '174', 'www.priderock.uk', NULL, '__priderock', 'Priderockltd', 26, 425, NULL, 'Active', 'We are a home improvement firm based in East London we specialise in absolutely everything that makes your house a home. Countact us now!', 'vendor', 1, 1, 50, '1', 3, '20', '4 mapledene Estate mapledene Road,UK', '51.5419757', '-0.0648506', 'E8 3ln', '0', '2021-02-01 12:31:05', '2021-04-12 16:53:02'),
(68, 309, 'Daraki Essential (Daraki Designs)', 'darakidesigns@gmail.com', '07784920714', '37', '86', 'https://www.etsy.com/uk/shop/DarakiDesigns', 'https://www.facebook.com/darakidesigns', 'https://twitter.com/darakidesigns', 'https://www.instagram.com/darakidesigns', 31, 425, '[\"Anti-flammatory\",\"business\",\"health\",\"well-being\"]', 'Active', 'I\'m a scientist, Certified Aromatherapist in training and well rounded creative! The idea of the face mask inhaler (FMI) stemmed from worrying about my mom, who suffers from sinus congestion, wearing the masks for extended periods. After giving my mom, other persons grew interested, and that was the beginning of Daraki Designs. Aside from the FMI, I create personalised lithophane keychains and hope to start creating different essential oil products.', 'vendor', 1, 1, 4, '1', 1, '1', '76 Avocet Way Bicester,UK', '51.890466', '-1.13553', 'OX26 6YP', '0', '2021-02-02 12:57:13', '2021-04-08 04:19:19'),
(69, 310, 'Melanin Travels Magic Ltd', 'info@melanintravelsmagic.com', '07818471515', '77', '104', 'http://www.melanintravelsmagic.co.uk', 'https://www.facebook.com/melanintravelsmagic', NULL, 'https://www.instagram.com/melanintravelsmagic/', 26, 425, NULL, 'Active', 'MTM is a black-owned travel agency that connects black travelers to exciting traveling destinations. It also aims to expand your knowledge; your experiences and to facilitate the discovery of other black cultures worldwide.\r\n?\r\nFind out more:\r\nDM us on Instagram @melanintravelsmagic\r\nVisit our website: https://lnkd.in/deX82Db\r\n\r\nContact us by email for Enquiries & Bookings: melanintravelsmagic@gmail.com\r\n#travel #tourism #Blackbusinessmatters #deal #culture #holiday', 'vendor', 1, 1, 40, '1', 1, '1', 'West Hampstead,UK', '51.5502584', '-0.192615', 'NW6 1BA', '0', '2021-02-02 13:33:21', '2021-04-14 17:28:21'),
(70, 311, 'AdZenture', 'info@adzenture.co.uk', '07306499756', '37', '86', NULL, 'https://m.facebook.com/AdZentureUK/', NULL, 'https://instagram.com/adzentureuk?igshid=6rniqjux8tct', 12, 425, '[\"massage\"]', 'Active', '~ Professional Massages\r\n~ Beauty Services [coming soon]\r\n~ Beauty Products [coming soon]', 'vendor', 1, 1, NULL, '1', 3, '20', '81 Auckland Road Smethwick West Midlands,UK', '52.4930605', '-1.9792696', 'B67 7AT', '0', '2021-02-02 14:54:20', '2021-02-23 13:11:53'),
(71, 312, 'Shansara Bouquets', 'shansarabouquets@gmail.com', '07983990961', '28', '55', NULL, NULL, NULL, 'https://www.instagram.com/shansarabouquets/', 26, 425, NULL, 'Active', 'Specialising in Chocolate Strawberry Bouquets for all occasions...\r\n\r\nWe are \"For The Memories\" and would love for you to be apart of ours as well as us being a part of yours...', 'vendor', 1, 1, 40, '1', 3, '20', '15 Malham Terrace,Dysons Road,UK', '51.6096992', '-0.0547658', 'N18 2BB', '0', '2021-02-02 16:07:34', '2021-04-13 20:38:58'),
(72, 313, 'NAILPOPZ', 'contact@nailpopz.com', '00000000000', '5', '21', 'www.nailpopz.com', NULL, NULL, 'https://instagram.com/nailpopz?igshid=1qiirl0p0yll', 26, 425, '[\"gifts\",\"nails\"]', 'Active', 'Take the hassle out of the salon and change your style in minutes with reusable, hand painted press on nails. Get in touch for something custom or shop ready to ship sets on the site', 'vendor', 1, 0, 4, '1', 1, '1', '1234 street London,UK', '51.5073509', '-0.1277583', 'A12 3BC', '0', '2021-02-03 15:55:32', '2021-04-14 06:41:03'),
(73, 315, 'Hampersforu2', 'hampers4u2@gmail.com', '07946310913', '5', '15', NULL, NULL, NULL, NULL, 26, 425, '[\"women\"]', 'Active', 'Customised hampers for all occasions', 'vendor', 1, 1, 19, '1', 1, '1', 'Blackheath,UK', '51.4695218', '-0.0104312', 'SE13 7PT', '0', '2021-02-04 10:17:20', '2021-04-12 17:42:48'),
(74, 318, 'Nanny Sharz Ltd', 'info@nannysharz.co.uk', '02034885726', '15', '29', 'www.nannysharz.com', 'https://m.facebook.com/NannySharzOfficial/', 'www.twitter.com/nannysharz', 'www.instagram.com/nannysharz', 26, 425, '[\"childcare\",\"children\",\"education\",\"preschool\",\"school\"]', 'Active', 'Shada Lambert also known as Nanny Sharz is a Forbes featured Childcare Expert, International Nanny and Speaker, Entrepreneur, Parent Coach, Sleep Consultant, Potty Training Specialist and Nanny Mentor with over 17+ years in the childcare industry.\r\n\r\nI offer a range of online and in house services such as:\r\n\r\nPotty Training/Consultancy\r\nSleep Training/Consultancy\r\nParent Coaching\r\nTemporary Nanny\r\nTravel Nanny\r\nHoliday Nanny\r\nHotel Nanny\r\nEvent Nanny\r\nSpeaking Engagements\r\nTailored Plans and Routines\r\nChildcare advice and support\r\nMentoring and Coaching \r\n \r\nMy nanny career has seen me work for HNWI and celebrities all over the world in countries such as Scotland, Middle East, UK, USA, Nigeria, Spain, Greece, Italy and many more.\r\n\r\nI am passionate about raising independent, confident children and supporting Parents and Nannies. \r\nworldwide.', 'vendor', 1, 1, 58, '1', 3, '20', 'South East London,UK', '51.4711622', '-0.0195844', 'SE13 7RW', '1', '2021-02-04 18:41:16', '2021-04-13 18:35:04'),
(75, 319, 'Top Plumbing', 'info@top-plumbing.com', '07421457401', '131', '175', 'www.topplumbingltd.co.uk', 'www.Facebook.com/Topplumbing16', NULL, 'www.Instagram.com/topplumbing', 26, 425, '[\"blockage\",\"drains\",\"flood\",\"pipes\",\"plumber\",\"repair\",\"service\",\"sink\",\"plumbing\"]', 'Active', 'With more than 10 years of experience in the field, we know our industry like the back of our hands. There’s no challenge too big or too small and we dedicate our utmost energy to every job we take on. We offer high quality, extensive range of professional services at an affordable rate. If you have any queries please feel free to get in touch with us – we will be more than happy to help.\r\n\r\nWith so many years working in the trade, we are happy to answer any queries and provide quotes for any work that you are looking to have done. If you are in need of any work in London or the surrounding areas, then give Top Plumbing Ltd a call on 07421457401, or send us a message through our contact page', 'vendor', 1, 1, 53, '1', 3, '5', 'Droop street,UK', '51.5284719', '-0.2141433', 'W10 4DA', '0', '2021-02-04 21:27:54', '2021-04-19 17:21:41'),
(76, 320, 'Yene\'s Daughter', 'yenesdaughter@gmail.com', '00000000', '5', '13', 'Http://www.yenesdaughter.com', NULL, 'Http://www.yeneddaughter.com', 'Http://www.instsgram.com/Yenesdaughter', 26, 425, NULL, 'Active', 'Handmade crochet passion twists and butterfly locs', 'vendor', 1, 1, 19, '1', 1, '1', 'Elephant and castle,UK', '51.4959129', '-0.1004748', 'SE172NY', '0', '2021-02-04 21:46:16', '2021-04-12 17:42:46'),
(77, 321, 'My Property ltd', 'info@mypropertyltd.com', '07939615095', '130', '174', 'www.mypropertyltd.com', NULL, NULL, 'Mypropertyltd', 26, 425, '[\"home\"]', 'Active', NULL, 'vendor', 1, 1, 41, '1', 3, '20', '24 Grasmere road,South Norwood,London,UK', '51.3904008', '-0.0643282', 'Se25 4rq', '0', '2021-02-05 00:49:07', '2021-04-12 16:50:26'),
(78, 322, 'Earths Creation', 'onfo@itallife.co.uk', '07400258411', '37', '79', 'Www.itallife.co.uk', 'Itallifeherbs', NULL, NULL, 26, 425, NULL, 'Active', NULL, 'vendor', 1, 0, 15, '1', 2, '1', '23A High Street,South Norwood,London,UK', '51.3993737', '-0.0750304', 'SE25 6EZ', '1', '2021-02-05 12:06:45', '2021-04-17 19:27:17'),
(79, 324, 'TRENDY LIONESS COUTURE', 'trendylionesscouture@gmail.com', '3406438969', '1', '10', 'https://trendylionesscouture.company.site/', 'http://www.facebook.com/roaryal.abeba', 'http://www.twitter.com/roaryalabeba', 'http://www.instagram.com/trendylionesscouture', 44, 425, '[\"hair\"]', 'Active', 'TRENDY LIONESS COUTURE \r\n#TRENDY #LUXE #CHIC\r\nT-SHIRTS FOR ALL OCCASSIONS!!!!!\r\nROARYAL ABEBA?TRENDY LIONESS\r\nSt. John, USVI\r\n#DESIGNER\r\n#BRANDINFLUENCER\r\n#VEGANCHEF\r\n#TRAVELAGENT\r\n#2021\'s #Hottest #Fashions\r\nhttps://bit.ty/trendylionesscouture\r\nROARYALT.redbubble.com \r\nhttps://www.aliveshoes.com/brand/roaryalt-trendylionesscouture\r\nFURDELAWHOLESALE340:\r\nhttps://bit.ly/3owSFr6\r\nSocial Media Accounts Connect Today:\r\nFacebook:\r\nfb.me/roaryal.abeba\r\nInstagram: Instagram.com/trendylionesscouture\r\nTwitter: @roaryalabeba', 'vendor', 1, 1, 1, '1', 1, '1', 'P.O. BOX 482,St John, VI,UK', '18.3304399', '-64.7929727', '00831', '0', '2021-02-06 19:09:13', '2021-03-21 11:17:24'),
(80, 327, 'Jungle Fruits', 'hello@junglefruits.co.uk', '07474941820', '28', '61', 'http://www.junglefruits.co.uk', 'https://www.facebook.com/Jungle-Fruits-640987116518988', 'https://twitter.com/Jungle_Fruits', 'https://www.instagram.com/jungle_fruit/', 26, 425, '[\"fruit\"]', 'Active', 'We are a dried fruit snack brand that don\'t mess around when it comes to food! We think nature got it right the first time. Which is why we pick the most exotic fruits dry them and leave them be just the way nature intended no sugar, no sulphates just 100% natural fruit', 'vendor', 1, 0, 3, '1', 1, '1', 'The Enterprise Hub, 5 Whitefriars St, Coventry,UK', '52.4067002', '-1.50441', 'CV1 2DS', '1', '2021-02-07 00:30:53', '2021-04-09 09:22:51'),
(81, 325, 'Ultra Angel', 'support@ultra-angel.com', '447425365528', '5', '17', 'Ultra-angel.com', NULL, 'https://twitter.com/ultraangel_?lang=en', 'https://www.instagram.com/ultraangel_/', 26, 425, '[\"bodycare\",\"bodyoil\",\"hair\",\"haircare\",\"hairgel\",\"hailoil\",\"hairpolish\",\"hairspray\",\"hairstyling\",\"oil\",\"slickstick\",\"waxstic\"]', 'Active', 'Easy-to-use hair styling essentials, infused with rich oils, formed for a transformation. Proven results.', 'vendor', 1, 1, 31, '1', 1, '1', 'London,UK', '51.5280043', '-0.18519', 'W9', '0', '2021-02-07 01:24:07', '2021-04-16 06:13:41'),
(82, 329, 'GWS Consultancy', 'gwsconsultancy.1@gmail.com', '07983952078', '49', '92', NULL, NULL, NULL, 'https://www.instagram.com/gws_consultancy/', 26, 425, '[\"socialmediamarketing\"]', 'Active', 'Marketing & branding support for your business growth and development', 'vendor', 1, 1, 59, '1', 3, '20', 'London,UK', '51.4247848', '-0.1560889', 'SW17 9PY', '0', '2021-02-07 13:10:42', '2021-04-12 16:50:18'),
(83, 233, 'Test', 'tt@gmail.com', '2020202020', '11', '27', NULL, NULL, NULL, NULL, 26, 425, '[\"jewellery\"]', 'Active', 'Test', 'vendor', 1, 0, NULL, '0', 1, '0', 'Test Address', NULL, NULL, '777777', '1', '2021-02-08 10:46:37', '2021-02-08 10:49:28'),
(84, 233, 'Test New', 'testnew@gmail.com', '3030303030', '113', '149', NULL, NULL, NULL, NULL, 15, 425, 'null', 'Active', 'Test Description', 'vendor', 1, 0, NULL, '2', 1, '0', 'test Address', NULL, NULL, '405050', '0', '2021-02-08 10:48:28', '2021-02-11 08:57:00'),
(85, 271, 'testsuk music', 'test@gmail.com', '1234567890', '106', '140', NULL, NULL, NULL, NULL, 63, NULL, '[\"book\"]', 'Active', 'testing music', 'vendor', 1, 1, 48, '1', 3, '20', 'kolkata', '22.572646', '88.363895', '700118', '0', '2021-02-10 12:23:39', '2021-03-29 17:01:36'),
(86, 271, 'HMV_ios', 'testios@gmail.com', '9997778888', '54', '101', 'www.music.com', 'fb.com', 'twt.com', 'insta.com', 63, NULL, '[]', 'Active', 'Musical instruments are available. All goods are of good quality.', 'vendor', 1, 1, 123, '1', 3, '10', 'Baruipara, Hooghly', '22.762214', '88.2436844', '712306', '0', '2021-02-10 12:23:42', '2021-04-07 16:50:09'),
(87, 159, 'Cookie Palace 2', 'debabratantss@gmail.com', '9064861471', '28', '55', 'www.google.com', 'www.facebook.com', 'www.twitter.com', 'www.instagram', 63, NULL, '[\"test\"]', 'Active', 'cookie palace 2 description.', 'vendor', 1, 1, 57, '1', 3, '14', 'Habra, North 24 Paraganas.', '22.8408094', '88.6535105', '743263', '1', '2021-02-10 12:24:12', '2021-03-27 14:39:02'),
(88, 107, 'Lic India', 'debnidhi.kuila@gmail.com', '9732942512', '106', '140', NULL, NULL, NULL, NULL, 2, NULL, '[\"yyyy\",\"plumber\"]', 'Active', 'test', 'vendor', 1, 1, 8, '1', 1, '1', 'Victoria Wharf', '51.4878751', '-0.0346024', 'SE8 3NW', '0', '2021-02-19 06:45:41', '2021-04-20 05:11:22'),
(89, 115, 'company name', 'r@gmail.com', '07808065559', '26', '52', NULL, NULL, NULL, NULL, 2, 1, '[\"fitness\",\"protein\",\"weights\",\"brolic\",\"sweat\",\"rope\"]', 'Active', NULL, 'vendor', 1, 1, 9, '1', 3, '20', 'PureGym Birmingham Snow Hill Plaza', '52.4848759', '-1.8983517', 'B4 6hy', '1', '2021-02-19 16:26:09', '2021-04-22 11:02:01'),
(90, 115, 'Trim', 'h@gmail.com', '0760967689', '95', '121', NULL, NULL, NULL, NULL, 5, 1, '[\"hair cut\",\"relaxer\",\"clipper\",\"spray \",\"dye\"]', 'Active', NULL, 'vendor', 1, 1, 10, '1', 3, '20', 'The Old Council House, Corn Street, Bristol, BS1 1JG.', '51.4549709', '-2.5932683', 'BS1 1JG.', '0', '2021-02-19 16:33:34', '2021-04-22 19:07:49'),
(91, 115, 'Your name', 'g@gmail.com', '07808065559', '99', '125', NULL, NULL, NULL, NULL, 26, 1, '[\"goat\",\"chicken\",\"lamb\",\"meat\",\"curry\",\"squid\",\"fish\",\"beef\"]', 'Active', NULL, 'vendor', 1, 0, 3, '1', 2, '1', '33 white horse lane \r\nLondon', '51.3983354', '-0.0909914', 'se25 6rd', '0', '2021-02-19 16:37:36', '2021-04-22 09:00:18'),
(92, 115, 'glow foods', 'k@gmail.com', '07808065559', '98', '124', NULL, NULL, NULL, NULL, 26, 1, '[\"igbo\",\"yoruba\",\"french\",\"snail\"]', 'Active', NULL, 'vendor', 1, 1, 35, '1', 2, '1', '228 Lewisham high street', '51.4592014', '-0.0125543', 'se13 6ju', '1', '2021-02-19 16:46:48', '2021-04-22 18:58:28'),
(93, 114, 'Herbalist', 'arethasolanke@yahoo.co.uk', '07984021611', '37', '74', NULL, NULL, NULL, NULL, 16, NULL, 'health ,herballife ,food,healing', 'Active', 'Herbalist and healthy living specialist', 'vendor', 1, 1, 3, '1', 3, '20', 'Stocker Road', '50.7358653', '-3.5341323', 'EX4 4PY', '1', '2021-03-03 12:08:42', '2021-03-19 20:45:56'),
(94, 287, 'Test Pritam Music', 'pdasgupta1993@gmail.com', '8479906042', '54', '101', NULL, NULL, NULL, NULL, 6, NULL, '[\"music\"]', 'Active', 'This is a testing music hub', 'vendor', 1, 1, NULL, '1', 1, '1', 'Test', '22.7484312', '88.3482188', '712201', '0', '2021-03-18 09:59:25', '2021-03-19 16:00:06'),
(95, 287, 'test footwear', 'tintinscorpion@gmail.com', '+918479906042', '121', '157', NULL, NULL, NULL, NULL, 6, NULL, '[\"footwear\"]', 'Active', 'just a testing footwear', 'vendor', 1, 1, NULL, '0', 1, '1', 'test Serampore', '22.7505213', '88.3405772', 'CB3', '0', '2021-03-19 15:20:33', '2021-03-19 15:20:33'),
(96, 287, 'Pallab Test', 'pallab@mailinator.com', '9877889977', '88', '114', NULL, NULL, NULL, NULL, 6, NULL, '[\"junk food\"]', 'Active', NULL, 'vendor', 1, 0, NULL, '1', 3, '20', 'Howrah,', '22.5738343', '88.1779182', '711302', '1', '2021-03-19 15:51:47', '2021-04-08 14:19:33'),
(97, 107, 'Test Show Public', 'latlong11c@gmail.com', '1010101010', '5', '18', NULL, NULL, NULL, NULL, 2, NULL, '[]', 'Active', 'Vendor Busines', 'vendor', 1, 1, 37, '1', 1, '1', 'E2/3, EP & GP Block, 5th Floor,Stesalit Tower, Sector V, Saltlake, Kolkata, West Bengal 700091', '22.5686659', '88.4355162', '102030', '0', '2021-03-19 16:36:06', '2021-04-12 17:44:43'),
(98, 287, 'Test gaana music', 'tintinscorpion@gmail.com', '8479906042', '54', '101', NULL, NULL, NULL, NULL, 6, NULL, '[\"music\"]', 'Active', 'Testing Music library hub', 'vendor', 1, 0, 1, '0', 1, '1', 'Serampore,Hooghly', '22.7505213', '88.3405772', 'CB1 0EN', '0', '2021-03-21 06:15:39', '2021-03-25 03:24:21'),
(99, 287, 'Serampore Music Library', 'tintinscorpion@gmail.com', '8479906042', '54', '101', NULL, NULL, NULL, NULL, 6, NULL, '[\"Music\"]', 'Active', 'Testing Music Hub for music lovers', 'vendor', 1, 0, 2, '1', 1, '1', NULL, '40.4237054', '-86.9211946', NULL, '0', '2021-03-23 04:43:38', '2021-04-18 10:31:19'),
(100, 287, 'Plumbers Asscociation', 'tintinscorpion@gmail.com', '8479906042', '132', '177', NULL, NULL, NULL, NULL, 6, NULL, '[\"plumber\",\"plumbers\"]', 'Active', 'Provide service in cambridge on any plumber works', 'vendor', 1, 1, 4, '1', 3, '20', 'University of Cambridge, UK', '52.2042666', '0.1149085', 'CB1', '1', '2021-03-25 17:27:14', '2021-04-13 10:24:40'),
(101, 115, 'body fitness', 'customblackindex@gmail.com', '00000000000', '26', '52', NULL, NULL, NULL, NULL, 27, 1, '[\"abs\",\"rope\",\"legs\",\"ball\",\"protein\",\"6pack\"]', 'Active', NULL, 'vendor', 1, 1, NULL, '1', 2, '1', 'Unit 4a Piccadilly place', '53.4779955', '-2.2336078', 'm1 3BN', '0', '2021-03-27 13:37:06', '2021-04-22 18:52:27'),
(102, 115, 'Mac donalds', 'dennynathan41@gmail.com', '000000000', '28', '56', NULL, NULL, NULL, NULL, 51, 1, '[\"beef\",\"cheese\",\"Ronald \",\"loving it \"]', 'Active', NULL, 'vendor', 1, 1, NULL, '1', 3, '20', 'Monks Cross, Monks Cross Dr, North, Huntington, York', '53.9869773', '-1.0475998', 'YO32 9GW', '0', '2021-04-07 12:37:21', '2021-04-22 17:42:38'),
(103, 115, 'Mc Donalds', 'denny@gmail.com', '000000000000', '28', '62', NULL, NULL, NULL, NULL, 50, 1, '[\"yellow\",\"happy\",\"arch \",\"nuggets \",\"pony \"]', 'Active', NULL, 'vendor', 1, 1, 1, '1', 2, '1', 'Parking lot, Blackpole Rd, Worcester', '52.210055', '-2.200605', 'WR3 8SE', '0', '2021-04-07 12:47:45', '2021-04-22 17:53:25'),
(104, 287, 'Dominos', 'tintinscorpion@gmail.com', '8000421365', '28', '62', NULL, NULL, NULL, NULL, 6, NULL, '[\"bevearages\",\"junk food\"]', 'Active', NULL, 'vendor', 1, 1, 1, '1', 1, '1', 'default', '46.7841752', '-92.1023622', NULL, '0', '2021-04-08 14:24:00', '2021-04-08 16:49:22'),
(105, 107, 'Honda bike', 'debnidhi.kuila@gmail.com', '9732942512', '26', '52', NULL, NULL, NULL, NULL, 51, NULL, '[\"below\",\"moppy\",\"mandolin\",\"mop\",\"motor\",\"bike\"]', 'Active', 'test', 'vendor', 1, 1, 1, '1', 2, '1', 'north huntinggon, uk', '53.9889827', '-1.0491417', 'YO329GW', '1', '2021-04-09 07:26:46', '2021-04-22 08:28:58'),
(106, 291, 'P business', 'pallab1@mailinator.com', '9876543210', '100', '126', NULL, NULL, NULL, NULL, 26, NULL, 'plumber,accountant,firm', 'Active', NULL, 'vendor', 1, 0, NULL, '0', 1, '1', NULL, '40.4237054', '-86.9211946', NULL, '0', '2021-04-12 07:03:43', '2021-04-12 07:03:43'),
(107, 287, 'More Shopping', 'tintinscorpion@gmail.com', '8479906042', '113', '149', NULL, NULL, NULL, NULL, 0, NULL, '[\"bracelet\",\"designerclothes\",\"music\",\"food\"]', 'Active', NULL, 'vendor', 1, 1, 1, '1', 1, '1', NULL, '41.1455594', '-81.3392883', NULL, '0', '2021-04-12 16:01:20', '2021-04-22 11:38:34'),
(112, 291, 'b4', 'ghh@hhh.oh', '6788987654', '100', '126', NULL, NULL, NULL, NULL, 26, NULL, '[\"iOS\",\"pop\"]', 'Active', NULL, 'vendor', 1, 0, 1, '1', 1, '1', NULL, '41.1455594', '-81.3392883', NULL, '0', '2021-04-13 05:11:55', '2021-04-13 05:22:56'),
(113, 291, 'toogle', 'tintinscorpion@gmail.com', '0000000000', '95', '121', NULL, NULL, NULL, NULL, 26, 1, '[\"mop\",\"water\",\"ios\",\"bucket\",\"hygeine\",\"Kolkata\"]', 'Active', NULL, 'vendor', 1, 0, NULL, '1', 1, '1', NULL, '41.1455594', '-81.3392883', NULL, '0', '2021-04-13 18:09:30', '2021-04-15 18:20:22'),
(114, 287, 'hook test', 'tintinscorpion@gmail.com', '0000000000', '95', '121', NULL, NULL, NULL, NULL, 0, NULL, '[\"hygeine\",\"bucket\",\"mop\",\"water\"]', 'Active', NULL, 'vendor', 1, 1, 2, '1', 1, '1', NULL, '41.1455594', '-81.3392883', NULL, '0', '2021-04-13 18:20:53', '2021-04-14 09:11:29'),
(115, 114, 'Morley’s Chicken', 'aretha@yahoo.co.Uk', '0101010101', '28', '62', NULL, NULL, NULL, NULL, 26, 1, '[\"chicken\",\"tasty\",\"fried\"]', 'Active', 'Tasty fried chicken', 'vendor', 1, 1, NULL, '1', 2, '1', '43 Bellegrove Road Welling', '51.4627251', '0.1049158', 'DA16 3PB', '1', '2021-04-13 18:44:35', '2021-04-14 17:26:22'),
(116, 114, 'streets Ahead', 'arethasolanke@gmail.com', '0101010101010101', '102', '128', 'www.streetsahead.info/branch/south-Norwood/', NULL, NULL, NULL, 26, NULL, '[\"estate agent\",\"house\",\"property \",\"rent\"]', 'Active', NULL, 'vendor', 1, 1, 1, '1', 2, '1', '25 high street', '51.3995037', '-0.0748964', 'SE25 6EZ', '0', '2021-04-13 19:18:21', '2021-04-13 20:37:59'),
(117, 115, 'flames', 'g@gmail.com', '010101010', '11', '27', NULL, NULL, NULL, NULL, 26, 1, '[\"stain\",\"mop\",\"clean\",\"floor\",\"maid\",\"bleach\",\"dirty\",\"dirt\",\"hoover\"]', 'Active', NULL, 'vendor', 1, 0, 1, '1', 3, '20', 'Vauxhall Underground Station, London Underground Ltd., Vauxhall Cross, Londo', '51.4859839', '-0.1238397', 'SW8 1SS', '0', '2021-04-15 20:23:33', '2021-04-22 15:15:59'),
(118, 115, 'bullet', 'g@gmail.com', '0101010101010', '19', '32', NULL, NULL, NULL, NULL, 26, 1, '[\"gun\",\"shoot\",\"shot\",\"blood\",\"dance\",\"arrest\",\"police\",\"ops\"]', 'Active', NULL, 'vendor', 1, 1, NULL, '1', 2, '1', 'Oval station', '51.4820241', '-0.1127835', 'SE11 4PP', '0', '2021-04-16 06:45:19', '2021-04-22 17:44:40'),
(119, 115, 'black rob', 'g@gmail.com', '0101010101010', '54', '101', NULL, NULL, NULL, NULL, 26, 1, '[\"beat\",\"freestyle\",\"gold\",\"hiphop\",\"mc\",\"mic\",\"performer\",\"record\",\"hat\",\"Grammy\",\"Brixton\",\"durag\"]', 'Active', NULL, 'vendor', 1, 0, NULL, '1', 2, '1', 'Berridge Road Community Church', '51.4250647', '-0.0887519', 'SE19 1EF', '0', '2021-04-18 09:55:33', '2021-04-22 15:14:30'),
(120, 291, 'p-business', 'pallab@mail.com', '987555666777', '100', '126', NULL, NULL, NULL, NULL, 26, 1, '[\"ant\",\"eye\",\"tank\",\"rat\",\"dog\",\"hoody\"]', 'Active', NULL, 'vendor', 1, 0, NULL, '1', 1, '1', NULL, '41.1455594', '-81.3392883', NULL, '0', '2021-04-18 16:29:39', '2021-04-19 17:53:23'),
(121, 115, 'bagel king', 'kjoshua@gmail.com', '1111111111', '28', '62', NULL, NULL, NULL, NULL, 26, 1, '[\"oxtail\",\"patty\",\"vegan\",\"custard\",\"walworth\",\"wheat\",\"gluten\",\"beef\",\"meat\",\"peas\",\"cow\",\"pig\"]', 'Active', NULL, 'vendor', 1, 1, NULL, '1', 2, '1', '280 Walworth Rd, Walworth, London', '51.4873064', '-0.0956162', 'SE17 2TE', '0', '2021-04-19 17:08:29', '2021-04-22 15:12:58'),
(122, 287, 'testing cbi', 'tintinscorpion@gmail.com', '0000000000', '54', '101', NULL, NULL, NULL, NULL, 26, 1, '[\"zoom\",\"fork\",\"yak\",\"mountain\",\"snow\",\"library\",\"keyboard\",\"mouse\",\"desktop\"]', 'Active', NULL, 'vendor', 1, 0, NULL, '1', 2, '1', 'Serampore Hooghly', '22.7484312', '88.3482188', '712201', '0', '2021-04-20 06:18:04', '2021-04-22 07:15:58'),
(123, 287, 'rework test', 'tintinscorpion@gmail.com', '0000000000', '19', '33', NULL, NULL, NULL, NULL, 26, NULL, '[\"book\",\"hook\",\"opera\",\"popra\",\"acoustic guitar\"]', 'Active', NULL, 'vendor', 1, 1, NULL, '1', 2, '1', 'Thakurdas Babu Lane, Serampore Hooghly', '22.7568233', '88.3400962', '712201', '1', '2021-04-21 14:18:44', '2021-04-21 18:37:56'),
(124, 287, 'test live', 'tintinscorpion@gmail.com', '0000000000', '19', '33', NULL, NULL, NULL, NULL, 26, 1, '[\"rock\",\"pop\",\"jazz\",\"opera\",\"metal\",\"growl\",\"melody\"]', 'Active', NULL, 'vendor', 1, 1, NULL, '1', 2, '1', 'Thakurdas Babu Lane, Serampore', '22.7568233', '88.3400962', '712201', '0', '2021-04-22 07:04:30', '2021-04-22 15:43:19'),
(125, 115, 'salmon hut', 'lemon@gmail.com', '0101010101', '28', '60', NULL, NULL, NULL, NULL, 26, 1, '[\"fish\",\"chips\",\"peas\",\"lemon\",\"honey\",\"sea\",\"squid\",\"pig\",\"cow\",\"handbag\",\"curry\",\"salmon\"]', 'Active', NULL, 'vendor', 1, 1, NULL, '1', 2, '1', 'Brixton station', '51.4625849', '-0.1145158', 'SW9 8HE', '0', '2021-04-22 07:20:59', '2021-04-23 03:38:28'),
(126, 115, 'Amazon boxers', 'boxers@gmail.com', '01010101010', '1', '5', NULL, NULL, NULL, NULL, 26, 1, '[\"boxers\",\"versace\",\"gold\",\"black\",\"underwear \",\"shorts\"]', 'Active', NULL, 'vendor', 1, 1, NULL, '1', 2, '1', 'Stockwell station', '51.47218', '-0.12262', 'sw9 9bf', '0', '2021-04-22 19:14:56', '2021-04-22 19:26:26');

-- --------------------------------------------------------

--
-- Table structure for table `da_business_favorites`
--

CREATE TABLE `da_business_favorites` (
  `id` int(11) NOT NULL,
  `user_id` int(11) NOT NULL,
  `business_id` int(11) NOT NULL,
  `favorite_status` enum('1','0') NOT NULL COMMENT '''1''=favorite,''0''=notfavorite',
  `created_at` timestamp NOT NULL DEFAULT CURRENT_TIMESTAMP ON UPDATE CURRENT_TIMESTAMP,
  `updated_at` timestamp NOT NULL DEFAULT '0000-00-00 00:00:00'
) ENGINE=MyISAM DEFAULT CHARSET=latin1;

--
-- Dumping data for table `da_business_favorites`
--

INSERT INTO `da_business_favorites` (`id`, `user_id`, `business_id`, `favorite_status`, `created_at`, `updated_at`) VALUES
(15, 284, 7, '1', '2021-03-25 03:48:43', '2021-03-25 03:48:43'),
(6, 183, 86, '1', '2021-02-11 09:06:23', '2021-02-11 09:06:23'),
(7, 183, 50, '1', '2021-02-11 09:06:56', '2021-02-11 09:06:56'),
(8, 183, 44, '1', '2021-02-11 09:06:58', '2021-02-11 09:06:58'),
(10, 285, 86, '1', '2021-03-07 13:33:23', '2021-03-07 13:33:23');

-- --------------------------------------------------------

--
-- Table structure for table `da_business_images`
--

CREATE TABLE `da_business_images` (
  `id` int(11) NOT NULL,
  `business_id` int(11) NOT NULL,
  `image` varchar(255) NOT NULL,
  `created_at` timestamp NULL DEFAULT NULL,
  `updated_at` timestamp NULL DEFAULT NULL
) ENGINE=InnoDB DEFAULT CHARSET=latin1;

--
-- Dumping data for table `da_business_images`
--

INSERT INTO `da_business_images` (`id`, `business_id`, `image`, `created_at`, `updated_at`) VALUES
(5, 5, 'image_1611753395.png', '2021-01-27 13:18:14', '2021-01-27 13:18:14'),
(25, 4, 'image_1611828490.png', '2021-01-28 10:09:20', '2021-01-28 10:09:20'),
(35, 3, 'image_1611752248.png', '2021-01-28 11:21:02', '2021-01-28 11:21:02'),
(42, 7, 'image_1611757268.png', '2021-01-28 13:23:02', '2021-01-28 13:23:02'),
(43, 8, 'image_1611757427.png', '2021-01-28 13:25:53', '2021-01-28 13:25:53'),
(46, 13, 'image_1611912545.png', '2021-01-29 09:29:29', '2021-01-29 09:29:29'),
(47, 19, 'image_1611913582.png', '2021-01-29 09:46:32', '2021-01-29 09:46:32'),
(48, 18, 'image_1611913601.png', '2021-01-29 09:46:45', '2021-01-29 09:46:45'),
(49, 17, 'image_1611913614.png', '2021-01-29 09:46:56', '2021-01-29 09:46:56'),
(50, 16, 'image_1611913629.png', '2021-01-29 09:47:12', '2021-01-29 09:47:12'),
(51, 14, 'image_1611913645.png', '2021-01-29 09:47:29', '2021-01-29 09:47:29'),
(55, 23, 'image_1611914753.png', '2021-01-29 10:05:56', '2021-01-29 10:05:56'),
(61, 10, 'image_1611835678.png', '2021-01-29 10:40:48', '2021-01-29 10:40:48'),
(68, 30, 'image_1612333185.png', '2021-02-03 06:22:24', '2021-02-03 06:22:24'),
(70, 32, 'image_1612333436.png', '2021-02-03 06:25:26', '2021-02-03 06:25:26'),
(71, 33, 'image_1612333538.png', '2021-02-03 06:26:38', '2021-02-03 06:26:38'),
(72, 34, 'image_1612333633.png', '2021-02-03 06:30:09', '2021-02-03 06:30:09'),
(91, 43, 'image_1612417575.png', '2021-02-04 05:47:12', '2021-02-04 05:47:12'),
(116, 6, 'image_1611753512.png', '2021-02-04 09:24:49', '2021-02-04 09:24:49'),
(127, 25, 'image_1611914666.png', '2021-02-04 10:38:52', '2021-02-04 10:38:52'),
(129, 15, 'image_1612435171.png', '2021-02-04 10:39:54', '2021-02-04 10:39:54'),
(131, 20, 'image_1611914813.png', '2021-02-04 10:40:41', '2021-02-04 10:40:41'),
(132, 45, 'image_1612435269.png', '2021-02-04 10:41:59', '2021-02-04 10:41:59'),
(133, 46, 'image_1612435335.png', '2021-02-04 10:43:04', '2021-02-04 10:43:04'),
(153, 49, 'image_1612435755.png', '2021-02-05 08:43:37', '2021-02-05 08:43:37'),
(154, 44, 'image_1612430759.png', '2021-02-05 08:54:17', '2021-02-05 08:54:17'),
(155, 44, 'image_1612430792.png', '2021-02-05 08:54:17', '2021-02-05 08:54:17'),
(157, 36, 'image_1612334125.png', '2021-02-05 09:01:22', '2021-02-05 09:01:22'),
(158, 31, 'image_1612333368.png', '2021-02-05 09:04:54', '2021-02-05 09:04:54'),
(160, 35, 'image_1612333818.png', '2021-02-05 09:09:30', '2021-02-05 09:09:30'),
(161, 50, 'image_1612526071.png', '2021-02-05 11:57:02', '2021-02-05 11:57:02'),
(164, 41, 'image_1612417171.png', '2021-02-05 11:58:50', '2021-02-05 11:58:50'),
(165, 41, 'image_1612417180.png', '2021-02-05 11:58:50', '2021-02-05 11:58:50'),
(166, 41, 'image_1612417188.png', '2021-02-05 11:58:50', '2021-02-05 11:58:50'),
(167, 41, 'image_1612417196.png', '2021-02-05 11:58:50', '2021-02-05 11:58:50'),
(168, 41, 'image_1612417203.png', '2021-02-05 11:58:50', '2021-02-05 11:58:50'),
(169, 27, 'image_1611916796.png', '2021-02-05 12:00:08', '2021-02-05 12:00:08'),
(382, 84, '16127812302133202867.png', '2021-02-08 10:48:28', '2021-02-08 10:48:28'),
(383, 84, '16127812432095511591.png', '2021-02-08 10:48:28', '2021-02-08 10:48:28'),
(384, 83, '16127811361530147922.png', '2021-02-08 10:49:28', '2021-02-08 10:49:28'),
(385, 83, '1612781355395422853.png', '2021-02-08 10:49:28', '2021-02-08 10:49:28'),
(387, 82, 'image_1612867075.png', '2021-02-09 10:37:55', '2021-02-09 10:37:55'),
(388, 82, 'image_1612867134.png', '2021-02-09 10:38:54', '2021-02-09 10:38:54'),
(389, 82, 'image_1612867195.png', '2021-02-09 10:39:55', '2021-02-09 10:39:55'),
(390, 81, 'image_1612932941.png', '2021-02-10 04:55:41', '2021-02-10 04:55:41'),
(391, 81, 'image_1612933035.png', '2021-02-10 04:57:15', '2021-02-10 04:57:15'),
(392, 81, 'image_1612933066.png', '2021-02-10 04:57:46', '2021-02-10 04:57:46'),
(393, 81, 'image_1612933098.png', '2021-02-10 04:58:18', '2021-02-10 04:58:18'),
(394, 81, 'image_1612933120.png', '2021-02-10 04:58:40', '2021-02-10 04:58:40'),
(395, 80, 'image_1612933187.png', '2021-02-10 04:59:47', '2021-02-10 04:59:47'),
(396, 79, 'image_1612933285.png', '2021-02-10 05:01:25', '2021-02-10 05:01:25'),
(397, 79, 'image_1612933308.png', '2021-02-10 05:01:48', '2021-02-10 05:01:48'),
(398, 79, 'image_1612933330.png', '2021-02-10 05:02:10', '2021-02-10 05:02:10'),
(399, 79, 'image_1612933352.png', '2021-02-10 05:02:32', '2021-02-10 05:02:32'),
(400, 79, 'image_1612933372.png', '2021-02-10 05:02:52', '2021-02-10 05:02:52'),
(401, 78, 'image_1612933443.jpg', '2021-02-10 05:04:03', '2021-02-10 05:04:03'),
(402, 78, 'image_1612933461.jpg', '2021-02-10 05:04:21', '2021-02-10 05:04:21'),
(403, 78, 'image_1612933480.jpg', '2021-02-10 05:04:40', '2021-02-10 05:04:40'),
(405, 74, 'image_1612933659.png', '2021-02-10 05:07:39', '2021-02-10 05:07:39'),
(406, 73, 'image_1612933719.png', '2021-02-10 05:08:39', '2021-02-10 05:08:39'),
(407, 72, 'image_1612933810.png', '2021-02-10 05:10:10', '2021-02-10 05:10:10'),
(408, 72, 'image_1612933843.png', '2021-02-10 05:10:43', '2021-02-10 05:10:43'),
(409, 72, 'image_1612933871.png', '2021-02-10 05:11:11', '2021-02-10 05:11:11'),
(410, 72, 'image_1612933894.png', '2021-02-10 05:11:34', '2021-02-10 05:11:34'),
(411, 72, 'image_1612933921.png', '2021-02-10 05:12:01', '2021-02-10 05:12:01'),
(412, 71, 'image_1612934014.png', '2021-02-10 05:13:34', '2021-02-10 05:13:34'),
(413, 71, 'image_1612934048.png', '2021-02-10 05:14:08', '2021-02-10 05:14:08'),
(414, 71, 'image_1612934071.png', '2021-02-10 05:14:31', '2021-02-10 05:14:31'),
(415, 71, 'image_1612934093.png', '2021-02-10 05:14:53', '2021-02-10 05:14:53'),
(416, 70, 'image_1612934199.png', '2021-02-10 05:16:39', '2021-02-10 05:16:39'),
(417, 70, 'image_1612934224.png', '2021-02-10 05:17:04', '2021-02-10 05:17:04'),
(418, 70, 'image_1612934246.png', '2021-02-10 05:17:26', '2021-02-10 05:17:26'),
(419, 70, 'image_1612934269.png', '2021-02-10 05:17:49', '2021-02-10 05:17:49'),
(420, 70, 'image_1612934296.png', '2021-02-10 05:18:16', '2021-02-10 05:18:16'),
(421, 69, 'image_1612934498.png', '2021-02-10 05:21:38', '2021-02-10 05:21:38'),
(422, 69, 'image_1612934525.png', '2021-02-10 05:22:05', '2021-02-10 05:22:05'),
(423, 69, 'image_1612934581.png', '2021-02-10 05:23:01', '2021-02-10 05:23:01'),
(424, 69, 'image_1612934605.png', '2021-02-10 05:23:25', '2021-02-10 05:23:25'),
(425, 69, 'image_1612934640.png', '2021-02-10 05:24:00', '2021-02-10 05:24:00'),
(426, 68, 'image_1612934761.png', '2021-02-10 05:26:01', '2021-02-10 05:26:01'),
(427, 68, 'image_1612934788.png', '2021-02-10 05:26:28', '2021-02-10 05:26:28'),
(428, 68, 'image_1612934811.png', '2021-02-10 05:26:51', '2021-02-10 05:26:51'),
(429, 68, 'image_1612934854.png', '2021-02-10 05:27:34', '2021-02-10 05:27:34'),
(430, 68, 'image_1612934881.png', '2021-02-10 05:28:01', '2021-02-10 05:28:01'),
(431, 67, 'image_1612934972.png', '2021-02-10 05:29:32', '2021-02-10 05:29:32'),
(432, 67, 'image_1612934993.png', '2021-02-10 05:29:53', '2021-02-10 05:29:53'),
(433, 67, 'image_1612935018.png', '2021-02-10 05:30:18', '2021-02-10 05:30:18'),
(434, 67, 'image_1612935041.png', '2021-02-10 05:30:41', '2021-02-10 05:30:41'),
(435, 67, 'image_1612935063.png', '2021-02-10 05:31:03', '2021-02-10 05:31:03'),
(442, 47, 'image_1612435456.png', '2021-02-10 10:17:01', '2021-02-10 10:17:01'),
(444, 85, 'image_1612959590.png', '2021-02-10 12:23:39', '2021-02-10 12:23:39'),
(450, 47, 'image_1613034208.jpg', '2021-02-11 09:03:28', '2021-02-11 09:03:28'),
(464, 87, 'image_1612959569.png', '2021-02-18 13:06:32', '2021-02-18 13:06:32'),
(465, 87, 'image_1612959581.png', '2021-02-18 13:06:32', '2021-02-18 13:06:32'),
(492, 2, 'image_1614075685.jpg', '2021-02-23 10:21:25', '2021-02-23 10:21:25'),
(493, 2, 'image_1614075894.jpg', '2021-02-23 10:24:54', '2021-02-23 10:24:54'),
(505, 38, 'image_1612334303.png', '2021-02-24 12:30:57', '2021-02-24 12:30:57'),
(523, 1, 'image_1614316109.jpg', '2021-02-26 05:08:29', '2021-02-26 05:08:29'),
(524, 24, 'image_1614316483.png', '2021-02-26 05:14:43', '2021-02-26 05:14:43'),
(525, 24, 'image_1614316522.png', '2021-02-26 05:15:22', '2021-02-26 05:15:22'),
(526, 24, 'image_1614316547.png', '2021-02-26 05:15:47', '2021-02-26 05:15:47'),
(527, 24, 'image_1614316577.png', '2021-02-26 05:16:17', '2021-02-26 05:16:17'),
(528, 26, 'image_1614317301.png', '2021-02-26 05:28:21', '2021-02-26 05:28:21'),
(529, 26, 'image_1614317335.png', '2021-02-26 05:28:55', '2021-02-26 05:28:55'),
(530, 26, 'image_1614317362.png', '2021-02-26 05:29:22', '2021-02-26 05:29:22'),
(531, 26, 'image_1614317395.png', '2021-02-26 05:29:55', '2021-02-26 05:29:55'),
(532, 22, 'image_1614318017.png', '2021-02-26 05:40:17', '2021-02-26 05:40:17'),
(533, 22, 'image_1614318074.png', '2021-02-26 05:41:14', '2021-02-26 05:41:14'),
(534, 22, 'image_1614318151.png', '2021-02-26 05:42:31', '2021-02-26 05:42:31'),
(535, 22, 'image_1614318234.png', '2021-02-26 05:43:54', '2021-02-26 05:43:54'),
(536, 21, 'image_1614318548.png', '2021-02-26 05:49:08', '2021-02-26 05:49:08'),
(543, 37, 'image_1612334214.png', '2021-03-02 14:06:36', '2021-03-02 14:06:36'),
(544, 39, 'image_1612334474.png', '2021-03-02 14:06:43', '2021-03-02 14:06:43'),
(549, 93, 'image_1614773018.png', '2021-03-03 12:08:42', '2021-03-03 12:08:42'),
(552, 95, 'image_1616167218.png', '2021-03-19 15:20:33', '2021-03-19 15:20:33'),
(553, 95, 'image_1616167229.png', '2021-03-19 15:20:33', '2021-03-19 15:20:33'),
(555, 94, 'image_1616061560.png', '2021-03-19 16:00:06', '2021-03-19 16:00:06'),
(556, 94, 'image_1616061543.png', '2021-03-19 16:00:06', '2021-03-19 16:00:06'),
(560, 97, 'image_1616262745.png', '2021-03-20 17:53:15', '2021-03-20 17:53:15'),
(561, 97, 'www.png', '2021-03-20 17:53:15', '2021-03-20 17:53:15'),
(562, 97, 'xyz.png', '2021-03-20 17:53:15', '2021-03-20 17:53:15'),
(570, 98, 'image_1616307166.png', '2021-03-23 04:31:14', '2021-03-23 04:31:14'),
(571, 98, 'image_1616307180.png', '2021-03-23 04:31:14', '2021-03-23 04:31:14'),
(572, 99, 'image_1616474531.png', '2021-03-23 04:43:38', '2021-03-23 04:43:38'),
(573, 99, 'image_1616474520.png', '2021-03-23 04:43:38', '2021-03-23 04:43:38'),
(574, 86, 'image_1616691965.jpg', '2021-03-25 17:06:05', '2021-03-25 17:06:05'),
(575, 100, 'image_1616693204.png', '2021-03-25 17:27:14', '2021-03-25 17:27:14'),
(576, 100, 'image_1616693225.png', '2021-03-25 17:27:14', '2021-03-25 17:27:14'),
(596, 75, 'image_1617740148.jpeg', '2021-04-06 20:15:48', '2021-04-06 20:15:48'),
(606, 96, 'image_1616169101.png', '2021-04-08 14:19:33', '2021-04-08 14:19:33'),
(609, 104, 'image_1617891831.png', '2021-04-08 14:27:30', '2021-04-08 14:27:30'),
(610, 104, 'image_1617891836.png', '2021-04-08 14:27:30', '2021-04-08 14:27:30'),
(617, 106, 'image_1618211020.png', '2021-04-12 07:03:43', '2021-04-12 07:03:43'),
(620, 108, 'image_1618250943.png', '2021-04-12 18:09:12', '2021-04-12 18:09:12'),
(621, 109, 'image_1618252774.png', '2021-04-12 18:40:06', '2021-04-12 18:40:06'),
(622, 110, 'image_1618253008.png', '2021-04-12 18:43:56', '2021-04-12 18:43:56'),
(633, 112, 'image_1618290654.png', '2021-04-13 05:11:55', '2021-04-13 05:11:55'),
(656, 115, 'image_1618339151.png', '2021-04-13 18:56:11', '2021-04-13 18:56:11'),
(657, 115, 'image_1618339159.png', '2021-04-13 18:56:11', '2021-04-13 18:56:11'),
(658, 116, 'image_1618341275.png', '2021-04-13 19:18:21', '2021-04-13 19:18:21'),
(659, 116, 'image_1618341288.png', '2021-04-13 19:18:21', '2021-04-13 19:18:21'),
(660, 107, 'image_1618243268.png', '2021-04-14 08:03:38', '2021-04-14 08:03:38'),
(661, 107, 'image_1618243276.png', '2021-04-14 08:03:38', '2021-04-14 08:03:38'),
(662, 114, 'image_1618337938.png', '2021-04-14 09:11:29', '2021-04-14 09:11:29'),
(663, 114, 'image_1618337948.png', '2021-04-14 09:11:29', '2021-04-14 09:11:29'),
(664, 113, 'image_1618337263.png', '2021-04-15 18:20:22', '2021-04-15 18:20:22'),
(665, 113, 'image_1618337280.png', '2021-04-15 18:20:22', '2021-04-15 18:20:22'),
(714, 120, 'image_1618763374.png', '2021-04-19 17:53:23', '2021-04-19 17:53:23'),
(715, 88, 'image_1613717010.png', '2021-04-20 05:11:22', '2021-04-20 05:11:22'),
(716, 88, 'image_1613716989.png', '2021-04-20 05:11:22', '2021-04-20 05:11:22'),
(725, 123, 'image_1619014572.png', '2021-04-21 18:37:56', '2021-04-21 18:37:56'),
(730, 122, 'image_1618899479.png', '2021-04-22 07:15:58', '2021-04-22 07:15:58'),
(743, 89, 'image_1613751745.png', '2021-04-22 07:32:43', '2021-04-22 07:32:43'),
(760, 105, 'image_1617953082.png', '2021-04-22 08:28:58', '2021-04-22 08:28:58'),
(765, 91, 'image_1613752443.png', '2021-04-22 08:52:11', '2021-04-22 08:52:11'),
(768, 121, 'image_1618851483.png', '2021-04-22 15:12:58', '2021-04-22 15:12:58'),
(770, 119, 'image_1618739485.png', '2021-04-22 15:14:30', '2021-04-22 15:14:30'),
(771, 117, 'image_1618518110.png', '2021-04-22 15:15:59', '2021-04-22 15:15:59'),
(772, 124, 'image_1619074962.png', '2021-04-22 15:43:19', '2021-04-22 15:43:19'),
(778, 102, 'image_1617798710.png', '2021-04-22 17:42:38', '2021-04-22 17:42:38'),
(779, 118, 'image_1618555367.png', '2021-04-22 17:44:40', '2021-04-22 17:44:40'),
(785, 103, 'image_1617799632.png', '2021-04-22 17:53:25', '2021-04-22 17:53:25'),
(799, 101, 'image_1616852066.png', '2021-04-22 18:52:27', '2021-04-22 18:52:27'),
(808, 92, 'image_1614249903.png', '2021-04-22 18:58:28', '2021-04-22 18:58:28'),
(809, 92, 'image_1614249686.png', '2021-04-22 18:58:28', '2021-04-22 18:58:28'),
(810, 92, 'image_1614249709.png', '2021-04-22 18:58:28', '2021-04-22 18:58:28'),
(811, 92, 'image_1614249792.png', '2021-04-22 18:58:28', '2021-04-22 18:58:28'),
(812, 90, 'image_1613752114.png', '2021-04-22 19:07:49', '2021-04-22 19:07:49'),
(818, 126, 'image_1619118700.png', '2021-04-22 19:26:26', '2021-04-22 19:26:26'),
(819, 125, 'image_1619074978.png', '2021-04-23 03:38:28', '2021-04-23 03:38:28'),
(820, 40, 'image_1612358233.png', '2021-04-23 03:44:02', '2021-04-23 03:44:02'),
(821, 40, 'image_1612358247.png', '2021-04-23 03:44:02', '2021-04-23 03:44:02');

-- --------------------------------------------------------

--
-- Table structure for table `da_business_reviews`
--

CREATE TABLE `da_business_reviews` (
  `id` int(11) NOT NULL,
  `user_id` int(11) NOT NULL,
  `first_name` varchar(255) DEFAULT NULL,
  `last_name` varchar(255) DEFAULT NULL,
  `business_id` int(11) NOT NULL,
  `business_name` varchar(255) DEFAULT NULL,
  `star_marks` int(11) NOT NULL,
  `comment` text NOT NULL,
  `status` int(11) NOT NULL DEFAULT '0' COMMENT '0=Pending,1=Approved,2=Rejected',
  `created_at` timestamp NULL DEFAULT NULL,
  `updated_at` timestamp NULL DEFAULT NULL
) ENGINE=InnoDB DEFAULT CHARSET=latin1;

--
-- Dumping data for table `da_business_reviews`
--

INSERT INTO `da_business_reviews` (`id`, `user_id`, `first_name`, `last_name`, `business_id`, `business_name`, `star_marks`, `comment`, `status`, `created_at`, `updated_at`) VALUES
(1, 216, 'John', 'Martin', 41, 'New website business', 3, 'test1', 1, '2021-02-04 06:14:01', '2021-02-04 06:14:52'),
(2, 216, 'John', 'Martin', 26, 'Business 21', 2, 'test', 1, '2021-02-04 06:23:02', '2021-02-04 06:25:42'),
(3, 244, 'Jeorge', 'k', 41, 'New website business', 4, 'new customer', 1, '2021-02-04 06:28:25', '2021-02-04 06:32:40'),
(4, 245, 'K', 'M', 41, 'New website business', 5, 'loreum ipsum', 1, '2021-02-04 06:46:53', '2021-02-04 06:47:05'),
(5, 246, 'A', 'K', 41, 'New website business development consultant', 1, 'Business development', 1, '2021-02-04 09:13:05', '2021-02-04 09:22:15'),
(6, 107, 'Debnidhi', 'Kuila', 5, 'Business 5', 5, 'nice business', 1, '2021-02-04 10:33:43', '2021-02-04 10:34:00'),
(7, 246, 'A', 'K', 49, 'Zopart', 3, 'test', 1, '2021-02-04 11:03:51', '2021-02-04 11:04:24'),
(8, 247, 'JK', 'trimuour', 49, 'Zopart', 1, 'test', 1, '2021-02-04 11:05:47', '2021-02-04 11:06:11'),
(9, 216, 'John', 'Martin', 49, 'Zopart', 5, 'test', 1, '2021-02-04 11:07:37', '2021-02-04 11:07:53'),
(10, 250, 'cu', 'android', 5, 'Business 5', 5, 'nice', 0, '2021-02-05 07:29:50', '2021-02-05 07:29:50'),
(11, 179, 'Surajit', 'Dhara', 44, 'musical business', 4, 'Hi this is great', 0, '2021-02-05 11:09:11', '2021-02-05 11:09:11'),
(12, 251, 'sukannya', 'halder', 4, 'Business 4', 4, 'thanks', 1, '2021-02-05 11:48:16', '2021-02-05 11:48:44'),
(13, 246, 'A', 'K', 47, 'business 22', 3, 'EXPORT PORTAL\n\nExport Portal is hyper-focused on security, verifying all our users to create a trustworthy space for all businesses to easily complete global trade transactions.\n\n?\n\nBUYERSSELLERSMANUFACTURERSFREIGHT FORWARDERS\n\n?\n\nFeatured items\n\nView mor', 1, '2021-02-08 06:55:17', '2021-02-08 07:03:09'),
(14, 179, 'Surajit', 'Dhara', 86, 'HMV_ios', 2, 'Hi very good effort so far. All CDs and Audio MP3 collections are very rare and good quality. Price is reasonable. Ok please continue', 1, '2021-02-11 04:46:28', '2021-02-11 04:50:55'),
(15, 272, 'ios', 'user', 86, 'HMV_ios', 4, 'IOS user comment', 0, '2021-02-11 06:17:14', '2021-02-11 06:17:14'),
(16, 249, 'Aretha', 'Solanke', 92, 'glow foods', 4, 'This restaurant is fantastic! The fools is delicious and the service is excellent', 1, '2021-03-03 07:47:01', '2021-03-03 07:48:48'),
(17, 249, 'Aretha', 'Solanke', 90, 'your logo', 4, 'Excellent barbers ! And great service', 1, '2021-03-03 08:07:41', '2021-03-03 08:34:33'),
(18, 284, 'Pritam', 'Dasgupta', 89, 'company name', 5, 'testing', 1, '2021-03-18 09:40:06', '2021-03-25 17:09:01'),
(19, 284, 'Pritam', 'Dasgupta', 26, 'Melanin Minds', 5, 'testing', 1, '2021-03-18 09:42:04', '2021-03-25 17:09:14'),
(20, 284, 'Pritam', 'Dasgupta', 92, 'glow foods', 5, 'test', 1, '2021-03-18 09:51:58', '2021-03-25 17:09:23'),
(21, 285, 'pallab', 'maiti', 7, 'Business 7', 0, 'My review', 0, '2021-03-21 07:57:43', '2021-03-21 07:57:43'),
(22, 249, 'Aretha', 'Solanke', 21, 'The Ringrose Home', 5, 'These guys were professional friendly and very helpful. I would definitely recommend', 1, '2021-03-27 14:51:19', '2021-03-27 14:52:05');

-- --------------------------------------------------------

--
-- Table structure for table `da_categories`
--

CREATE TABLE `da_categories` (
  `id` int(11) NOT NULL,
  `category_name` varchar(255) NOT NULL,
  `cat_icon` varchar(255) DEFAULT NULL,
  `created_at` timestamp NULL DEFAULT NULL,
  `updated_at` timestamp NULL DEFAULT NULL
) ENGINE=InnoDB DEFAULT CHARSET=latin1;

--
-- Dumping data for table `da_categories`
--

INSERT INTO `da_categories` (`id`, `category_name`, `cat_icon`, `created_at`, `updated_at`) VALUES
(1, 'apparel - clothing', 'image_1611827194.png', '2020-11-03 19:07:19', '2021-01-31 17:49:48'),
(5, 'beauty', 'image_1616782103.png', '2020-11-03 19:07:19', '2021-03-26 18:08:23'),
(11, 'Cleaning', NULL, '2020-11-03 19:07:19', NULL),
(15, 'education', 'image_1616784809.png', '2020-11-03 19:07:19', '2021-03-26 18:53:29'),
(17, 'Energy', NULL, '2020-11-03 19:07:19', NULL),
(19, 'Entertainment', NULL, '2020-11-03 19:07:19', NULL),
(20, 'event planning', 'image_1611827271.png', '2020-11-06 19:07:53', '2021-01-28 09:47:51'),
(21, 'Event Venue', NULL, '2020-11-10 19:07:59', NULL),
(23, 'Financial Services', NULL, '2020-11-10 19:07:59', NULL),
(24, 'fine arts (art, dance, theater)', 'image_1616785234.png', '2020-11-10 19:07:59', '2021-03-26 19:00:34'),
(25, 'Firearms', NULL, '2020-11-10 19:07:59', NULL),
(26, 'Fitness', NULL, '2020-11-12 19:08:16', NULL),
(28, 'food beverages', 'image_1616784786.png', '2020-11-12 19:08:16', '2021-03-26 18:53:06'),
(29, 'For Kids', NULL, '2020-11-12 19:08:16', NULL),
(37, 'health & wellness', 'image_1616785161.png', '2020-11-12 19:08:16', '2021-03-26 18:59:21'),
(38, 'health information management', 'image_1616785253.png', '2020-11-12 19:08:16', '2021-03-26 19:00:53'),
(41, 'Home Improvement & Installations', NULL, '2020-11-12 19:08:16', NULL),
(49, 'Marketing', NULL, '2020-11-12 19:08:16', NULL),
(50, 'Mass Media', NULL, '2020-11-12 19:08:16', NULL),
(54, 'music', 'image_1616784903.png', '2020-11-12 19:08:16', '2021-03-26 18:55:03'),
(56, 'Office Goods', NULL, '2020-11-12 19:08:16', NULL),
(77, 'travel', 'image_1616785495.png', '2020-11-13 19:08:54', '2021-03-26 19:04:55'),
(78, 'Waste Management', NULL, '2020-11-13 19:08:54', NULL),
(79, 'Writing', NULL, '2020-11-13 19:08:54', NULL),
(87, 'IT Software Development', NULL, '2020-11-13 19:08:54', NULL),
(88, 'IT Software', NULL, '2020-11-13 19:08:54', NULL),
(95, 'barber shop', 'image_1616784880.png', '2020-11-16 19:09:21', '2021-03-26 18:54:40'),
(96, 'Corner Store', NULL, '2020-11-16 19:09:21', NULL),
(97, 'Off License', NULL, '2020-11-16 19:09:21', NULL),
(98, 'restaurant', 'image_1616785207.png', '2020-11-16 19:09:21', '2021-03-26 19:00:07'),
(99, 'caribbean restaurant', 'image_1616785552.png', '2020-11-16 19:09:21', '2021-03-26 19:05:52'),
(100, 'accountancy firm', 'image_1616784832.png', '2020-11-16 19:09:21', '2021-03-26 18:53:52'),
(101, 'jewellery', NULL, '2020-12-24 12:03:53', '2021-01-31 17:43:22'),
(102, 'Property Management', NULL, '2020-11-16 19:09:21', NULL),
(105, 'Legal Services', NULL, NULL, NULL),
(106, 'Author', NULL, NULL, NULL),
(107, 'mechanics', NULL, NULL, '2021-01-31 17:45:18'),
(108, 'Graphic Design', NULL, NULL, NULL),
(109, 'Driving education', NULL, NULL, NULL),
(110, 'Stationery', NULL, NULL, NULL),
(111, 'Removals', NULL, NULL, NULL),
(112, 'Personal Communication Connection Coach', NULL, NULL, NULL),
(113, 'E-Commerce', NULL, NULL, NULL),
(120, 'android cat 1', NULL, '2021-01-29 10:23:39', NULL),
(121, 'footwear', NULL, '2021-01-31 17:38:52', '2021-01-31 17:38:52'),
(122, 'personal assistance', NULL, '2021-01-31 17:42:22', '2021-01-31 17:42:22'),
(123, 'spiritual healers', NULL, '2021-01-31 17:44:18', '2021-01-31 17:44:18'),
(124, 'gift shops', NULL, '2021-02-03 06:42:15', NULL),
(127, 'app category', 'image_1612435895.jpg', '2021-02-04 10:37:19', '2021-02-04 10:51:35'),
(130, 'renovation', NULL, '2021-02-08 14:23:36', '2021-02-08 14:23:36'),
(131, 'tradesman', NULL, '2021-02-08 14:33:12', '2021-02-08 14:33:12'),
(132, 'plumber', NULL, '2021-03-25 17:16:37', '2021-03-25 17:16:37');

-- --------------------------------------------------------

--
-- Table structure for table `da_cities`
--

CREATE TABLE `da_cities` (
  `id` int(11) NOT NULL,
  `city_name` varchar(255) NOT NULL,
  `created_at` timestamp NULL DEFAULT NULL,
  `updated_at` timestamp NULL DEFAULT NULL
) ENGINE=InnoDB DEFAULT CHARSET=latin1;

--
-- Dumping data for table `da_cities`
--

INSERT INTO `da_cities` (`id`, `city_name`, `created_at`, `updated_at`) VALUES
(1, 'Bath ', NULL, NULL),
(2, 'Birmingham ', NULL, NULL),
(3, 'Bradford', NULL, NULL),
(4, 'Brighton & Hove ', NULL, NULL),
(5, 'Bristol ', NULL, NULL),
(6, 'Cambridge ', NULL, NULL),
(7, 'Canterbury', NULL, NULL),
(8, 'Carlisle', NULL, NULL),
(9, 'Chelmsford ', NULL, NULL),
(10, 'Chester ', NULL, NULL),
(11, 'Chichester ', NULL, NULL),
(12, 'Coventry ', NULL, NULL),
(13, 'Derby ', NULL, NULL),
(14, 'Durham', NULL, NULL),
(15, 'Ely', NULL, NULL),
(16, 'Exeter', NULL, NULL),
(17, 'Gloucester ', NULL, NULL),
(18, 'Hereford ', NULL, NULL),
(19, 'Kingston-Upon-Hull', NULL, NULL),
(20, 'Lancaster ', NULL, NULL),
(21, 'Leeds ', NULL, NULL),
(22, 'Leicester ', NULL, NULL),
(23, 'Lichfield ', NULL, NULL),
(24, 'Lincoln ', NULL, NULL),
(25, 'Liverpool ', NULL, NULL),
(26, 'London ', NULL, NULL),
(27, 'Manchester ', NULL, NULL),
(28, 'Newcastle-Upon-Tyne', NULL, NULL),
(29, 'Norwich ', NULL, NULL),
(30, 'Nottingham', NULL, NULL),
(31, 'Oxford ', NULL, NULL),
(32, 'Peterborough', NULL, NULL),
(33, 'Plymouth', NULL, NULL),
(34, 'Portsmouth', NULL, NULL),
(35, 'Preston ', NULL, NULL),
(36, 'Ripon ', NULL, NULL),
(37, 'Salford ', NULL, NULL),
(38, 'Salisbury ', NULL, NULL),
(39, 'Sheffield ', NULL, NULL),
(40, 'Southampton ', NULL, NULL),
(41, 'St Albans ', NULL, NULL),
(42, 'Stoke-on-Trent ', NULL, NULL),
(43, 'Sunderland', NULL, NULL),
(44, 'Truro', NULL, NULL),
(45, 'Wakefield', NULL, NULL),
(46, 'Wells ', NULL, NULL),
(47, 'City Of Westminister ', NULL, NULL),
(48, 'Winchester', NULL, NULL),
(49, 'Wolverhampton', NULL, NULL),
(50, 'Worcester', NULL, NULL),
(51, 'York ', NULL, NULL),
(63, 'Cardiff', '2021-01-03 22:05:29', '2021-01-03 22:05:29');

-- --------------------------------------------------------

--
-- Table structure for table `da_cms`
--

CREATE TABLE `da_cms` (
  `id` int(11) NOT NULL,
  `slug` varchar(100) NOT NULL,
  `page_name` varchar(100) DEFAULT NULL,
  `content` text NOT NULL,
  `meta_title` varchar(255) DEFAULT NULL,
  `meta_description` varchar(512) NOT NULL,
  `meta_keywords` varchar(512) NOT NULL,
  `created_at` timestamp NULL DEFAULT NULL,
  `updated_at` timestamp NULL DEFAULT NULL,
  `deleted_at` timestamp NULL DEFAULT NULL
) ENGINE=InnoDB DEFAULT CHARSET=utf8;

--
-- Dumping data for table `da_cms`
--

INSERT INTO `da_cms` (`id`, `slug`, `page_name`, `content`, `meta_title`, `meta_description`, `meta_keywords`, `created_at`, `updated_at`, `deleted_at`) VALUES
(1, 'home', 'Home', '', 'Directory App', 'Directory App', 'Directory App', '2019-04-24 07:30:00', '2020-09-24 07:42:45', NULL),
(2, 'aboutus', 'About Us', '', 'About Us', 'about-us', 'about-us', '2020-02-18 11:45:42', '2020-02-18 06:52:33', NULL),
(3, 'connectus', 'Connect Us', '', NULL, '', '', '2020-02-18 11:47:21', '2020-02-18 11:47:21', NULL),
(4, 'faq', 'FAQ', 'Lorem Ipsum is simply dummy text of the printing and typesetting industry. Lorem Ipsum has been the industry\'s standard dummy', NULL, '', '', NULL, NULL, NULL),
(5, 'terms', 'Terms & Conditions', '', 'terms-and-conditions', 'terms-and-conditions', 'terms-and-conditions', '2020-11-10 00:00:00', '2020-11-10 00:00:00', NULL),
(6, 'privacy', 'Privacy & Policy', 'Lorem Ipsum is simply dummy text of the printing and typesetting industry. Lorem Ipsum has been the industry\'s standard dummy', 'privacy-policy', 'privacy-policy', 'privacy-policy', '2020-11-10 00:00:00', '2020-11-10 00:00:00', '2020-11-10 00:00:00');

-- --------------------------------------------------------

--
-- Table structure for table `da_cms_contents`
--

CREATE TABLE `da_cms_contents` (
  `id` int(11) NOT NULL,
  `cms_id` int(11) NOT NULL,
  `slug` varchar(255) CHARACTER SET utf8 COLLATE utf8_unicode_ci NOT NULL,
  `content` text COLLATE utf8mb4_unicode_ci NOT NULL,
  `status` enum('Active','Inactive') COLLATE utf8mb4_unicode_ci NOT NULL DEFAULT 'Active',
  `created_at` timestamp NULL DEFAULT NULL,
  `updated_at` timestamp NULL DEFAULT NULL
) ENGINE=InnoDB DEFAULT CHARSET=utf8mb4 COLLATE=utf8mb4_unicode_ci;

--
-- Dumping data for table `da_cms_contents`
--

INSERT INTO `da_cms_contents` (`id`, `cms_id`, `slug`, `content`, `status`, `created_at`, `updated_at`) VALUES
(1, 1, 'main_content', '<div class=\"services-item\">&nbsp;\r\n<div class=\"services-content mt-2\">\r\n<p>Lorem Ipsum is simply dummy text of the printing and typesetting industry. Lorem Ipsum has been the industry&#39;s standard dummy</p>\r\n</div>\r\n</div>', 'Active', '2020-02-13 18:30:00', '2020-09-24 07:43:51'),
(2, 1, 'why_class_star', '<div class=\"video-box shadow p-2 mt-4\">\r\n               \r\n<iframe class=\"d-block w-100\" height=\"250\" src=\"https://www.youtube.com/embed/nPcuabUcALs\" frameborder=\"0\" allow=\"accelerometer; autoplay; encrypted-media; gyroscope; picture-in-picture\" allowfullscreen=\"\"></iframe>\r\n\r\n             </div>', 'Active', NULL, NULL),
(3, 1, 'how_it_works', '<div class=\"video-box shadow p-2 mt-4\">\r\n               \r\n<iframe class=\"d-block w-100\" height=\"250\" src=\"https://www.youtube.com/embed/nPcuabUcALs\" frameborder=\"0\" allow=\"accelerometer; autoplay; encrypted-media; gyroscope; picture-in-picture\" allowfullscreen=\"\"></iframe>\r\n\r\n             </div>', 'Active', NULL, NULL),
(4, 1, 'slide1', '<p>Slide I Lorem ipsum dolor sit amet, consectetur adipisicing elit. Architecto delectus dicta dolorum exercitationem id in incidunt iste laborum minus praesentium qui soluta, tempora temporibus veniam, voluptates.ncidunt iste laborum minus praesentium qui soluta, tempora temporibus veniam, voluptates.</p>', 'Active', NULL, '2020-06-25 05:18:09'),
(5, 1, 'slide2', '<p>Slide II Lorem ipsum dolor sit amet, consectetur adipisicing elit. Architecto delectus dicta dolorum exercitationem id in incidunt iste laborum minus praesentium qui soluta, tempora temporibus veniam, voluptates.ncidunt iste laborum minus praesentium qui soluta, tempora temporibus veniam, voluptates.</p>', 'Active', NULL, '2020-06-25 05:18:22'),
(6, 1, 'slide3', '<p>Slide III Lorem ipsum dolor sit amet, consectetur adipisicing elit. Architecto delectus dicta dolorum exercitationem id in incidunt iste laborum minus praesentium qui soluta, tempora temporibus veniam, voluptates.ncidunt iste laborum minus praesentium qui soluta, tempora temporibus veniam, voluptates.</p>', 'Active', NULL, '2020-06-25 05:18:35'),
(7, 2, 'main_content', '<p>Lorem Ipsum is simply dummy text of the printing and typesetting industry. Lorem Ipsum has been the industry&#39;s standard dummy</p>', 'Active', NULL, '2020-07-23 02:34:01'),
(8, 4, 'main_content', 'Lorem Ipsum is simply dummy text of the printing and typesetting industry. Lorem Ipsum has been the industry\'s standard dummy', 'Active', NULL, NULL);

-- --------------------------------------------------------

--
-- Table structure for table `da_countries`
--

CREATE TABLE `da_countries` (
  `id` int(11) NOT NULL,
  `name` varchar(255) COLLATE utf8mb4_unicode_ci NOT NULL,
  `ccode` varchar(50) COLLATE utf8mb4_unicode_ci NOT NULL,
  `created_at` timestamp NULL DEFAULT NULL,
  `updated_at` timestamp NULL DEFAULT NULL,
  `deleted_at` timestamp NULL DEFAULT NULL
) ENGINE=InnoDB DEFAULT CHARSET=utf8mb4 COLLATE=utf8mb4_unicode_ci;

--
-- Dumping data for table `da_countries`
--

INSERT INTO `da_countries` (`id`, `name`, `ccode`, `created_at`, `updated_at`, `deleted_at`) VALUES
(1, 'India', 'IN', '2020-04-20 23:18:54', '2020-04-20 23:37:22', NULL);

-- --------------------------------------------------------

--
-- Table structure for table `da_locations`
--

CREATE TABLE `da_locations` (
  `id` int(11) NOT NULL,
  `city_id` int(11) NOT NULL,
  `location_name` varchar(255) NOT NULL,
  `created_at` timestamp NULL DEFAULT NULL,
  `updated_at` timestamp NULL DEFAULT NULL
) ENGINE=InnoDB DEFAULT CHARSET=latin1;

--
-- Dumping data for table `da_locations`
--

INSERT INTO `da_locations` (`id`, `city_id`, `location_name`, `created_at`, `updated_at`) VALUES
(7, 76, 'Auburn', '2020-12-03 09:51:21', '2020-12-03 09:51:21'),
(8, 76, 'Birmingham', '2020-12-03 09:51:49', '2020-12-03 09:51:49'),
(9, 76, 'Dothan', '2020-12-03 09:52:42', '2020-12-03 09:52:42'),
(10, 76, 'Eutaw', '2020-12-03 09:53:01', '2020-12-03 09:53:01'),
(11, 76, 'Huntsville', '2020-12-03 09:53:18', '2020-12-03 09:53:18'),
(12, 76, 'Madison', '2020-12-03 09:53:45', '2020-12-03 09:53:45'),
(13, 76, 'Mobile', '2020-12-03 09:56:09', '2020-12-03 09:56:09'),
(14, 76, 'Montgomery', '2020-12-03 09:56:25', '2020-12-03 09:56:25'),
(15, 76, 'Tuskegee', '2020-12-03 09:56:59', '2020-12-03 09:56:59'),
(16, 78, 'Buckeye', '2020-12-03 10:14:48', '2020-12-03 10:14:48'),
(17, 78, 'Chandler', '2020-12-03 10:15:02', '2020-12-03 10:15:02'),
(18, 78, 'Flagstaff', '2020-12-03 10:15:23', '2020-12-03 10:15:23'),
(19, 78, 'Mesa', '2020-12-03 10:15:49', '2020-12-03 10:15:49'),
(20, 78, 'Phoenix', '2020-12-03 10:16:26', '2020-12-03 10:16:26'),
(21, 78, 'Scottsdale', '2020-12-03 10:16:45', '2020-12-03 10:16:45'),
(22, 78, 'Tempe', '2020-12-03 10:28:55', '2020-12-03 10:28:55'),
(23, 79, 'Helena', '2020-12-03 10:30:40', '2020-12-03 10:30:40'),
(24, 79, 'Jacksonville', '2020-12-03 10:30:57', '2020-12-03 10:30:57'),
(25, 79, 'Little Rock', '2020-12-03 10:31:15', '2020-12-03 10:31:15'),
(26, 80, 'Albany, CA', '2020-12-03 10:33:22', '2020-12-03 10:33:22'),
(27, 80, 'Aliso Viejo', '2020-12-03 10:34:01', '2020-12-03 10:34:01'),
(28, 80, 'Alturas', '2020-12-03 10:34:24', '2020-12-03 10:34:24'),
(29, 80, 'Anaheim', '2020-12-03 10:34:40', '2020-12-03 10:34:40'),
(30, 80, 'Antioch', '2020-12-03 10:57:46', '2020-12-03 10:57:46'),
(31, 80, 'Berkeley', '2020-12-03 10:57:59', '2020-12-03 10:57:59'),
(32, 80, 'Beverly Hills', '2020-12-03 10:58:21', '2020-12-03 10:58:21'),
(33, 80, 'Brea', '2020-12-03 10:58:37', '2020-12-03 10:58:37'),
(34, 80, 'Burbank', '2020-12-03 10:58:56', '2020-12-03 10:58:56'),
(35, 80, 'Campbell', '2020-12-03 10:59:10', '2020-12-03 10:59:10'),
(36, 80, 'Castro Valley', '2020-12-03 10:59:38', '2020-12-03 10:59:38'),
(37, 80, 'Clearlake', '2020-12-03 11:00:23', '2020-12-03 11:00:23'),
(38, 80, 'Compton', '2020-12-03 11:00:36', '2020-12-03 11:00:36'),
(39, 80, 'Concord', '2020-12-03 11:00:54', '2020-12-03 11:00:54'),
(40, 80, 'Corona', '2020-12-03 11:01:25', '2020-12-03 11:01:25'),
(41, 80, 'Culver City', '2020-12-03 11:01:46', '2020-12-03 11:01:46'),
(42, 80, 'El Segundo', '2020-12-03 11:02:05', '2020-12-03 11:02:05'),
(43, 80, 'Folsom', '2020-12-03 11:02:35', '2020-12-03 11:02:35'),
(44, 80, 'Fresno', '2020-12-03 11:02:54', '2020-12-03 11:02:54'),
(45, 80, 'Glendale', '2020-12-03 11:03:22', '2020-12-03 11:03:22'),
(46, 80, 'Hawthorne', '2020-12-03 11:03:36', '2020-12-03 11:03:36'),
(47, 80, 'Hayward', '2020-12-03 11:04:25', '2020-12-03 11:04:25'),
(48, 80, 'Healdsburg', '2020-12-03 11:04:49', '2020-12-03 11:04:49'),
(49, 80, 'Hermosa Beach', '2020-12-03 11:05:50', '2020-12-03 11:05:50'),
(50, 80, 'Hollywood', '2020-12-03 11:06:11', '2020-12-03 11:06:11'),
(51, 80, 'Inglewood', '2020-12-03 11:06:42', '2020-12-03 11:06:42'),
(52, 80, 'La Mesa', '2020-12-03 11:07:05', '2020-12-03 11:07:05'),
(53, 80, 'Long Beach', '2020-12-03 11:07:59', '2020-12-03 11:07:59'),
(54, 80, 'Los Angeles', '2020-12-03 11:08:35', '2020-12-03 11:08:35'),
(55, 80, 'Marina del Rey', '2020-12-03 11:09:04', '2020-12-03 11:09:04'),
(56, 80, 'Monterey', '2020-12-03 11:09:21', '2020-12-03 11:09:21'),
(57, 80, 'Napa', '2020-12-03 11:09:38', '2020-12-03 11:09:38'),
(58, 80, 'Oakland', '2020-12-03 11:09:55', '2020-12-03 11:09:55'),
(59, 80, 'Ontario', '2020-12-03 11:10:11', '2020-12-03 11:10:11'),
(60, 80, 'Palm Springs', '2020-12-03 11:10:31', '2020-12-03 11:10:31'),
(61, 80, 'Pasadena', '2020-12-03 11:10:50', '2020-12-03 11:10:50'),
(62, 80, 'Patterson', '2020-12-03 11:11:11', '2020-12-03 11:11:11'),
(63, 80, 'Pittsburg', '2020-12-03 11:11:29', '2020-12-03 11:11:29'),
(64, 80, 'Rancho Cucamonga', '2020-12-03 11:11:54', '2020-12-03 11:11:54'),
(65, 80, 'Riverside', '2020-12-03 11:12:11', '2020-12-03 11:12:11'),
(66, 80, 'Sacramento', '2020-12-03 11:14:17', '2020-12-03 11:14:17'),
(67, 80, 'San Bernardino', '2020-12-03 11:14:56', '2020-12-03 11:14:56'),
(68, 80, 'San Diego', '2020-12-03 11:15:39', '2020-12-03 11:15:39'),
(69, 80, 'San Francisco', '2020-12-03 11:15:54', '2020-12-03 11:15:54'),
(70, 80, 'San Jose', '2020-12-03 11:16:21', '2020-12-03 11:16:21'),
(71, 80, 'San Leandro', '2020-12-03 11:16:39', '2020-12-03 11:16:39'),
(72, 80, 'Santa Clara', '2020-12-03 11:17:15', '2020-12-03 11:17:15'),
(73, 80, 'Santa Rosa', '2020-12-03 11:17:34', '2020-12-03 11:17:34'),
(74, 80, 'Solvang', '2020-12-03 11:17:49', '2020-12-03 11:17:49'),
(75, 80, 'St Helena', '2020-12-03 11:18:06', '2020-12-03 11:18:06'),
(76, 80, 'Stockton', '2020-12-03 11:18:26', '2020-12-03 11:18:26'),
(77, 80, 'Temecula', '2020-12-03 11:18:59', '2020-12-03 11:18:59'),
(78, 80, 'Torrance', '2020-12-03 11:19:26', '2020-12-03 11:19:26'),
(79, 80, 'Union City', '2020-12-03 11:19:49', '2020-12-03 11:19:49'),
(80, 80, 'Valencia', '2020-12-03 11:20:14', '2020-12-03 11:20:14'),
(81, 80, 'Vallejo', '2020-12-03 11:20:32', '2020-12-03 11:20:32'),
(82, 80, 'Walnut Creek', '2020-12-03 11:20:52', '2020-12-03 11:20:52'),
(83, 80, 'Wildomar', '2020-12-03 11:21:16', '2020-12-03 11:21:16'),
(84, 81, 'Aurora', '2020-12-03 11:27:22', '2020-12-03 11:27:22'),
(85, 81, 'Centennial', '2020-12-03 11:27:37', '2020-12-03 11:27:37'),
(86, 81, 'Colorado Springs', '2020-12-03 11:27:58', '2020-12-03 11:27:58'),
(87, 81, 'Denver', '2020-12-03 11:28:12', '2020-12-03 11:28:12'),
(88, 81, 'Loveland', '2020-12-03 11:28:44', '2020-12-03 11:28:44'),
(89, 82, 'Hartford', '2020-12-03 11:34:21', '2020-12-03 11:34:21'),
(90, 82, 'Manchester', '2020-12-03 11:34:42', '2020-12-03 11:34:42'),
(91, 82, 'Meriden', '2020-12-03 11:35:16', '2020-12-03 11:35:16'),
(92, 82, 'Naugatuck', '2020-12-03 11:35:34', '2020-12-03 11:35:34'),
(93, 82, 'New Britain', '2020-12-03 11:37:09', '2020-12-03 11:37:09'),
(94, 82, 'New Haven', '2020-12-03 11:37:38', '2020-12-03 11:37:38'),
(95, 82, 'Norwalk', '2020-12-03 11:38:34', '2020-12-03 11:38:34'),
(96, 82, 'Stamford', '2020-12-03 11:38:47', '2020-12-03 11:38:47'),
(97, 82, 'Waterbury', '2020-12-03 11:39:16', '2020-12-03 11:39:16'),
(98, 82, 'West Hartford', '2020-12-03 11:39:31', '2020-12-03 11:39:31'),
(99, 82, 'Wilton', '2020-12-03 11:39:49', '2020-12-03 11:39:49'),
(100, 83, 'Dover', '2020-12-03 11:40:57', '2020-12-03 11:40:57'),
(101, 83, 'Middletown', '2020-12-03 11:41:17', '2020-12-03 11:41:17'),
(102, 83, 'Newark', '2020-12-03 11:41:37', '2020-12-03 11:41:37'),
(103, 83, 'Wilmington', '2020-12-03 11:42:11', '2020-12-03 11:42:11'),
(104, 84, 'Clearwater', '2020-12-03 11:45:26', '2020-12-03 11:45:26'),
(105, 84, 'Coral Springs', '2020-12-03 11:45:44', '2020-12-03 11:45:44'),
(106, 84, 'Fort Myers', '2020-12-03 11:46:07', '2020-12-03 11:46:07'),
(107, 84, 'Fort Pierce', '2020-12-03 11:46:27', '2020-12-03 11:46:27'),
(108, 84, 'Ft. Lauderdale', '2020-12-03 11:46:43', '2020-12-03 11:46:43'),
(109, 84, 'Gainesville', '2020-12-03 11:47:00', '2020-12-03 11:47:00'),
(110, 84, 'Hollywood', '2020-12-03 11:47:15', '2020-12-03 11:47:15'),
(111, 84, 'Jacksonville', '2020-12-03 11:47:38', '2020-12-03 11:47:38'),
(112, 84, 'Key West', '2020-12-03 11:47:52', '2020-12-03 11:47:52'),
(113, 84, 'Kissimmee', '2020-12-03 11:48:07', '2020-12-03 11:48:07'),
(115, 84, 'Lake Mary', '2020-12-03 11:48:56', '2020-12-03 11:48:56'),
(116, 84, 'Lake Worth', '2020-12-03 11:49:11', '2020-12-03 11:49:11'),
(117, 84, 'Lauderdale Lakes', '2020-12-03 11:51:05', '2020-12-03 11:51:05'),
(118, 84, 'Lauderhill', '2020-12-03 11:51:23', '2020-12-03 11:51:23'),
(119, 84, 'Melbourne', '2020-12-03 11:51:52', '2020-12-03 11:51:52'),
(120, 84, 'Miami', '2020-12-03 11:52:08', '2020-12-03 11:52:08'),
(121, 84, 'Naples', '2020-12-03 11:52:24', '2020-12-03 11:52:24'),
(122, 84, 'North Miami Beach', '2020-12-03 11:53:11', '2020-12-03 11:53:11'),
(123, 84, 'Oakland Park', '2020-12-03 11:54:12', '2020-12-03 11:54:12'),
(124, 84, 'Orlando', '2020-12-03 11:54:34', '2020-12-03 11:54:34'),
(125, 84, 'Palm Beach Gardens', '2020-12-03 11:54:51', '2020-12-03 11:54:51'),
(126, 84, 'Palm Coast', '2020-12-03 11:55:30', '2020-12-03 11:55:30'),
(127, 84, 'Palm Harbor', '2020-12-03 11:55:50', '2020-12-03 11:55:50'),
(128, 84, 'Panama City', '2020-12-03 11:56:30', '2020-12-03 11:56:30'),
(129, 84, 'Pembroke Pines', '2020-12-03 11:56:51', '2020-12-03 11:56:51'),
(130, 84, 'Pensacola', '2020-12-03 11:57:21', '2020-12-03 11:57:21'),
(131, 84, 'Perry', '2020-12-03 11:57:41', '2020-12-03 11:57:41'),
(132, 84, 'Plantation', '2020-12-03 11:57:58', '2020-12-03 11:57:58'),
(133, 84, 'Port Orange', '2020-12-03 11:58:18', '2020-12-03 11:58:18'),
(134, 84, 'Riverview', '2020-12-03 11:58:38', '2020-12-03 11:58:38'),
(135, 84, 'Riviera Beach', '2020-12-03 11:58:58', '2020-12-03 11:58:58'),
(136, 84, 'Saint Petersburg', '2020-12-03 11:59:29', '2020-12-03 11:59:29'),
(137, 84, 'Sanford', '2020-12-03 11:59:44', '2020-12-03 11:59:44'),
(138, 84, 'Sunrise', '2020-12-03 12:00:47', '2020-12-03 12:00:47'),
(139, 84, 'Tallahassee', '2020-12-03 12:01:05', '2020-12-03 12:01:05'),
(140, 84, 'Tamarac', '2020-12-03 12:01:27', '2020-12-03 12:01:27'),
(141, 84, 'Tampa', '2020-12-03 12:01:45', '2020-12-03 12:01:45'),
(142, 84, 'Vero Beach', '2020-12-03 12:02:04', '2020-12-03 12:02:04'),
(143, 84, 'West Palm Beach', '2020-12-03 12:02:23', '2020-12-03 12:02:23'),
(144, 84, 'Winter Park', '2020-12-03 12:02:42', '2020-12-03 12:02:42'),
(145, 85, 'Alpharetta', '2020-12-03 12:04:57', '2020-12-03 12:04:57'),
(146, 85, 'Athens', '2020-12-03 12:05:14', '2020-12-03 12:05:14'),
(147, 85, 'Atlanta', '2020-12-03 12:07:52', '2020-12-03 12:07:52'),
(148, 85, 'Augusta', '2020-12-03 12:08:35', '2020-12-03 12:08:35'),
(149, 85, 'Austell', '2020-12-03 12:08:52', '2020-12-03 12:08:52'),
(150, 85, 'Avondale Estates', '2020-12-03 12:09:10', '2020-12-03 12:09:10'),
(151, 85, 'Buford', '2020-12-03 12:09:23', '2020-12-03 12:09:23'),
(152, 85, 'College Park', '2020-12-03 12:09:45', '2020-12-03 12:09:45'),
(153, 85, 'Columbus', '2020-12-03 12:10:50', '2020-12-03 12:10:50'),
(154, 85, 'Conyers', '2020-12-03 12:12:39', '2020-12-03 12:12:39'),
(155, 85, 'Covington', '2020-12-03 12:13:09', '2020-12-03 12:13:09'),
(156, 85, 'Decatur', '2020-12-03 12:13:33', '2020-12-03 12:13:33'),
(157, 85, 'Doraville', '2020-12-03 12:13:49', '2020-12-03 12:13:49'),
(158, 85, 'Duluth', '2020-12-03 12:14:06', '2020-12-03 12:14:06'),
(159, 85, 'East Point', '2020-12-03 12:14:29', '2020-12-03 12:14:29'),
(160, 85, 'Fayetteville', '2020-12-03 12:14:50', '2020-12-03 12:14:50'),
(161, 85, 'Hiram', '2020-12-03 12:15:04', '2020-12-03 12:15:04'),
(162, 85, 'Jonesboro', '2020-12-03 12:16:03', '2020-12-03 12:16:03'),
(163, 85, 'Kennesaw', '2020-12-03 12:16:18', '2020-12-03 12:16:18'),
(164, 85, 'Lawrenceville', '2020-12-03 12:16:39', '2020-12-03 12:16:39'),
(165, 85, 'Lithonia', '2020-12-03 12:17:01', '2020-12-03 12:17:01'),
(166, 85, 'Macon', '2020-12-03 12:17:21', '2020-12-03 12:17:21'),
(167, 85, 'Marietta', '2020-12-03 12:17:54', '2020-12-03 12:17:54'),
(168, 85, 'McDonough', '2020-12-03 12:18:07', '2020-12-03 12:18:07'),
(169, 85, 'Newnan', '2020-12-03 12:18:22', '2020-12-03 12:18:22'),
(170, 85, 'Norcross', '2020-12-03 12:18:36', '2020-12-03 12:18:36'),
(171, 85, 'Pendergrass', '2020-12-03 12:18:53', '2020-12-03 12:18:53'),
(172, 74, 'Powder Springs', '2020-12-03 12:19:32', '2020-12-03 12:19:32'),
(173, 85, 'Riverdale', '2020-12-03 12:19:48', '2020-12-03 12:19:48'),
(174, 85, 'Roswell', '2020-12-03 12:20:01', '2020-12-03 12:20:01'),
(175, 85, 'Savannah', '2020-12-03 12:20:16', '2020-12-03 12:20:16'),
(176, 85, 'Smyrna', '2020-12-03 12:20:52', '2020-12-03 12:20:52'),
(177, 85, 'Snellville', '2020-12-03 12:21:08', '2020-12-03 12:21:08'),
(178, 85, 'Stockbridge', '2020-12-03 12:21:31', '2020-12-03 12:21:31'),
(179, 85, 'Stone Mountain', '2020-12-03 12:21:52', '2020-12-03 12:21:52'),
(180, 85, 'Thomasville', '2020-12-03 12:22:08', '2020-12-03 12:22:08'),
(181, 85, 'Toccoa', '2020-12-03 12:22:24', '2020-12-03 12:22:24'),
(182, 85, 'Tucker', '2020-12-03 12:22:43', '2020-12-03 12:22:43'),
(183, 85, 'Warner Robins', '2020-12-03 12:23:33', '2020-12-03 12:23:33'),
(184, 88, 'Alton', '2020-12-03 12:29:36', '2020-12-03 12:29:36'),
(185, 88, 'Calumet City', '2020-12-03 12:29:55', '2020-12-03 12:29:55'),
(186, 88, 'Carterville', '2020-12-03 12:30:34', '2020-12-03 12:30:34'),
(187, 88, 'Champaign', '2020-12-03 12:30:48', '2020-12-03 12:30:48'),
(188, 88, 'Chicago', '2020-12-03 12:31:04', '2020-12-03 12:31:04'),
(189, 88, 'Chicago Heights', '2020-12-03 12:31:20', '2020-12-03 12:31:20'),
(190, 88, 'Crest Hill', '2020-12-03 12:31:38', '2020-12-03 12:31:38'),
(191, 88, 'Elmhurst', '2020-12-03 12:31:51', '2020-12-03 12:31:51'),
(192, 88, 'Evanston', '2020-12-03 12:32:04', '2020-12-03 12:32:04'),
(193, 88, 'Freeport', '2020-12-03 12:32:17', '2020-12-03 12:32:17'),
(194, 88, 'Homewood', '2020-12-03 12:32:32', '2020-12-03 12:32:32'),
(195, 88, 'Illinois City', '2020-12-03 12:34:47', '2020-12-03 12:34:47'),
(196, 88, 'Kankakee', '2020-12-03 12:35:06', '2020-12-03 12:35:06'),
(197, 88, 'Lockport', '2020-12-03 12:35:22', '2020-12-03 12:35:22'),
(198, 88, 'Maryville', '2020-12-03 12:35:36', '2020-12-03 12:35:36'),
(199, 88, 'Moline', '2020-12-03 12:35:53', '2020-12-03 12:35:53'),
(200, 88, 'Oak Forest', '2020-12-03 12:36:09', '2020-12-03 12:36:09'),
(201, 88, 'Oak Park', '2020-12-03 12:36:27', '2020-12-03 12:36:27'),
(202, 88, 'Oakbrook Terrace', '2020-12-03 12:36:43', '2020-12-03 12:36:43'),
(203, 88, 'Oswego', '2020-12-03 12:36:58', '2020-12-03 12:36:58'),
(204, 88, 'Plainfield', '2020-12-03 12:37:12', '2020-12-03 12:37:12'),
(205, 88, 'Rock Island', '2020-12-03 12:37:30', '2020-12-03 12:37:30'),
(206, 89, 'Bloomington', '2020-12-03 12:38:27', '2020-12-03 12:38:27'),
(207, 89, 'Fort Wayne', '2020-12-03 12:38:42', '2020-12-03 12:38:42'),
(208, 89, 'Gary', '2020-12-03 12:38:56', '2020-12-03 12:38:56'),
(209, 89, 'Indianapolis', '2020-12-03 12:39:10', '2020-12-03 12:39:10'),
(210, 89, 'Merrillville', '2020-12-03 12:39:21', '2020-12-03 12:39:21'),
(211, 89, 'Muncie', '2020-12-03 12:39:37', '2020-12-03 12:39:37'),
(212, 89, 'Roanoke', '2020-12-03 12:39:57', '2020-12-03 12:39:57'),
(213, 91, 'Des Moines', '2020-12-03 12:41:13', '2020-12-03 12:41:13'),
(214, 92, 'Kansas City', '2020-12-03 12:41:45', '2020-12-03 12:41:45'),
(215, 92, 'Topeka', '2020-12-03 12:42:04', '2020-12-03 12:42:04'),
(216, 92, 'Wichita', '2020-12-03 12:42:22', '2020-12-03 12:42:22'),
(217, 92, 'Kentucky', '2020-12-03 12:42:39', '2020-12-03 12:42:39'),
(218, 92, 'Bardstown', '2020-12-03 12:42:52', '2020-12-03 12:42:52'),
(219, 92, 'Bowling Green', '2020-12-03 12:43:28', '2020-12-03 12:43:28'),
(220, 92, 'Lexington', '2020-12-03 12:43:48', '2020-12-03 12:43:48'),
(221, 92, 'Louisville', '2020-12-03 12:44:06', '2020-12-03 12:44:06'),
(222, 93, 'Baton Rouge', '2020-12-03 12:51:05', '2020-12-03 12:51:05'),
(223, 93, 'Monroe', '2020-12-03 12:51:23', '2020-12-03 12:51:23'),
(224, 93, 'New Orleans', '2020-12-03 12:51:40', '2020-12-03 12:51:40'),
(225, 93, 'Opelousas', '2020-12-03 12:51:52', '2020-12-03 12:51:52'),
(226, 93, 'Shreveport', '2020-12-03 12:52:14', '2020-12-03 12:52:14'),
(227, 93, 'Shreveport', '2020-12-03 12:52:36', '2020-12-03 12:52:36'),
(228, 93, 'Zachary', '2020-12-03 12:52:50', '2020-12-03 12:52:50'),
(229, 94, 'Camden', '2020-12-03 12:53:39', '2020-12-03 12:53:39'),
(230, 95, 'Annapolis Junction', '2020-12-03 12:54:29', '2020-12-03 12:54:29'),
(232, 95, 'Baltimore', '2020-12-03 12:58:18', '2020-12-03 12:58:18'),
(233, 95, 'Beltsville', '2020-12-03 12:59:03', '2020-12-03 12:59:03'),
(234, 95, 'Bethesda', '2020-12-03 12:59:20', '2020-12-03 12:59:20'),
(235, 95, 'Bowie', '2020-12-03 12:59:35', '2020-12-03 12:59:35'),
(236, 95, 'Burtonsville', '2020-12-03 12:59:52', '2020-12-03 12:59:52'),
(237, 95, 'Capitol Heights', '2020-12-03 13:00:10', '2020-12-03 13:00:10'),
(238, 95, 'Chevy Chase', '2020-12-03 13:00:27', '2020-12-03 13:00:27'),
(239, 95, 'Clinton', '2020-12-03 13:00:40', '2020-12-03 13:00:40'),
(240, 95, 'College Park', '2020-12-03 13:01:04', '2020-12-03 13:01:04'),
(241, 95, 'Columbia', '2020-12-03 13:01:18', '2020-12-03 13:01:18'),
(242, 95, 'District Heights', '2020-12-03 13:01:37', '2020-12-03 13:01:37'),
(243, 95, 'Forestville', '2020-12-03 13:02:23', '2020-12-03 13:02:23'),
(244, 95, 'Fort Washington', '2020-12-03 13:02:41', '2020-12-03 13:02:41'),
(245, 95, 'Glenn Dale', '2020-12-03 13:02:58', '2020-12-03 13:02:58'),
(246, 95, 'Greenbelt', '2020-12-03 13:03:13', '2020-12-03 13:03:13'),
(247, 95, 'Hyattsville', '2020-12-03 13:03:26', '2020-12-03 13:03:26'),
(248, 95, 'Landover', '2020-12-03 13:03:40', '2020-12-03 13:03:40'),
(249, 95, 'Lanham', '2020-12-03 13:03:55', '2020-12-03 13:03:55'),
(250, 95, 'Largo', '2020-12-03 13:04:11', '2020-12-03 13:04:11'),
(251, 95, 'Laurel', '2020-12-03 13:04:33', '2020-12-03 13:04:33'),
(252, 95, 'Mount Rainier', '2020-12-03 13:04:52', '2020-12-03 13:04:52'),
(253, 95, 'National Harbor', '2020-12-03 13:05:12', '2020-12-03 13:05:12'),
(254, 95, 'Oxon Hill', '2020-12-03 13:05:43', '2020-12-03 13:05:43'),
(255, 95, 'Perry Hall', '2020-12-03 13:06:50', '2020-12-03 13:06:50'),
(256, 95, 'Pikesville', '2020-12-03 13:07:04', '2020-12-03 13:07:04'),
(257, 95, 'Randallstown', '2020-12-03 13:07:20', '2020-12-03 13:07:20'),
(258, 95, 'Rockville', '2020-12-03 13:08:11', '2020-12-03 13:08:11'),
(259, 95, 'Silver Spring', '2020-12-03 13:08:33', '2020-12-03 13:08:33'),
(260, 95, 'St Michaels', '2020-12-03 13:08:50', '2020-12-03 13:08:50'),
(261, 95, 'Suitland', '2020-12-03 13:09:07', '2020-12-03 13:09:07'),
(262, 95, 'Towson', '2020-12-03 13:09:22', '2020-12-03 13:09:22'),
(263, 95, 'Upper Marlboro', '2020-12-03 13:09:36', '2020-12-03 13:09:36'),
(264, 95, 'Waldorf', '2020-12-03 13:09:57', '2020-12-03 13:09:57'),
(265, 95, 'Massachusetts', '2020-12-03 13:10:12', '2020-12-03 13:10:12'),
(266, 95, 'Andover', '2020-12-03 13:10:34', '2020-12-03 13:10:34'),
(267, 95, 'Boston', '2020-12-03 13:17:53', '2020-12-03 13:17:53'),
(268, 95, 'Cambridge', '2020-12-03 13:18:12', '2020-12-03 13:18:12'),
(269, 95, 'Cape Cod', '2020-12-03 13:18:32', '2020-12-03 13:18:32'),
(270, 95, 'Malden', '2020-12-03 13:19:03', '2020-12-03 13:19:03'),
(271, 95, 'Martha\'s Vineyard', '2020-12-03 13:19:29', '2020-12-03 13:19:29'),
(272, 95, 'Medford', '2020-12-03 13:19:55', '2020-12-03 13:19:55'),
(273, 95, 'Springfield', '2020-12-03 13:20:14', '2020-12-03 13:20:14'),
(274, 95, 'Michigan', '2020-12-03 13:20:35', '2020-12-03 13:20:35'),
(275, 95, 'Ann Arbor', '2020-12-03 13:20:56', '2020-12-03 13:20:56'),
(276, 95, 'Canton', '2020-12-03 13:21:13', '2020-12-03 13:21:13'),
(277, 95, 'Dearborn', '2020-12-03 13:21:33', '2020-12-03 13:21:33'),
(278, 95, 'Detroit', '2020-12-03 13:21:49', '2020-12-03 13:21:49'),
(279, 95, 'Farmington Hills', '2020-12-03 13:22:09', '2020-12-03 13:22:09'),
(280, 95, 'Ferndale', '2020-12-03 13:22:23', '2020-12-03 13:22:23'),
(281, 95, 'Flat Rock', '2020-12-03 13:22:49', '2020-12-03 13:22:49'),
(282, 95, 'Grand Blanc', '2020-12-03 13:23:11', '2020-12-03 13:23:11'),
(283, 95, 'Grand Rapids', '2020-12-03 13:23:39', '2020-12-03 13:23:39'),
(284, 95, 'Lansing', '2020-12-03 13:24:00', '2020-12-03 13:24:00'),
(285, 95, 'Novi', '2020-12-03 13:24:17', '2020-12-03 13:24:17'),
(286, 95, 'Southfield', '2020-12-03 13:24:34', '2020-12-03 13:24:34'),
(288, 95, 'St. Johns', '2020-12-03 13:31:47', '2020-12-03 13:31:47'),
(289, 95, 'Township', '2020-12-03 13:36:23', '2020-12-03 13:36:23'),
(290, 95, 'Wixom', '2020-12-03 13:36:59', '2020-12-03 13:36:59'),
(291, 95, 'Minnesota', '2020-12-03 13:37:18', '2020-12-03 13:37:18'),
(292, 95, 'Minneapolis', '2020-12-03 13:38:30', '2020-12-03 13:38:30'),
(293, 95, 'Saint Paul', '2020-12-03 13:39:03', '2020-12-03 13:39:03'),
(294, 95, 'Mississippi', '2020-12-03 13:39:19', '2020-12-03 13:39:19'),
(295, 95, 'Byram', '2020-12-03 13:40:09', '2020-12-03 13:40:09'),
(296, 95, 'Hazlehurst', '2020-12-03 13:40:22', '2020-12-03 13:40:22'),
(297, 95, 'Horn Lake', '2020-12-03 13:40:41', '2020-12-03 13:40:41'),
(298, 95, 'Jackson', '2020-12-03 13:41:00', '2020-12-03 13:41:00'),
(299, 95, 'Mendenhall', '2020-12-03 13:41:16', '2020-12-03 13:41:16'),
(300, 95, 'Oxford', '2020-12-03 13:41:36', '2020-12-03 13:41:36'),
(301, 95, 'Pearl', '2020-12-03 13:42:08', '2020-12-03 13:42:08'),
(302, 95, 'Ridgeland', '2020-12-03 13:42:27', '2020-12-03 13:42:27'),
(303, 95, 'Missouri', '2020-12-03 13:42:48', '2020-12-03 13:42:48'),
(304, 95, 'Clayton', '2020-12-03 13:43:06', '2020-12-03 13:43:06'),
(305, 95, 'Creve Coeur', '2020-12-03 13:43:28', '2020-12-03 13:43:28'),
(306, 95, 'Ferguson', '2020-12-03 13:43:52', '2020-12-03 13:43:52'),
(307, 95, 'Jefferson City', '2020-12-03 13:44:10', '2020-12-03 13:44:10'),
(308, 95, 'Kansas City', '2020-12-03 13:45:51', '2020-12-03 13:45:51'),
(309, 95, 'Smithville', '2020-12-03 13:46:07', '2020-12-03 13:46:07'),
(310, 95, 'Wentzville', '2020-12-03 13:46:33', '2020-12-03 13:46:33'),
(311, 99, 'Omaha', '2020-12-03 13:53:26', '2020-12-03 13:53:26'),
(312, 100, 'Las Vegas', '2020-12-03 13:54:39', '2020-12-03 13:54:39'),
(313, 100, 'Reno', '2020-12-03 13:54:56', '2020-12-03 13:54:56'),
(314, 100, 'Sparks', '2020-12-03 13:55:16', '2020-12-03 13:55:16'),
(315, 101, 'Winchester', '2020-12-03 13:55:54', '2020-12-03 13:55:54'),
(316, 102, 'Bayonne', '2020-12-03 13:56:49', '2020-12-03 13:56:49'),
(317, 102, 'Bloomfield', '2020-12-03 13:57:24', '2020-12-03 13:57:24'),
(318, 102, 'Camden', '2020-12-03 13:57:53', '2020-12-03 13:57:53'),
(319, 102, 'Cranford', '2020-12-03 13:58:08', '2020-12-03 13:58:08'),
(320, 102, 'Delanco', '2020-12-03 13:58:21', '2020-12-03 13:58:21'),
(321, 102, 'East Orange', '2020-12-03 13:58:47', '2020-12-03 13:58:47'),
(322, 102, 'Egg Harbor Township', '2020-12-03 13:59:54', '2020-12-03 13:59:54'),
(323, 102, 'Englewood', '2020-12-03 14:00:14', '2020-12-03 14:00:14'),
(324, 102, 'Hillside', '2020-12-03 14:00:30', '2020-12-03 14:00:30'),
(325, 102, 'Hoboken', '2020-12-03 14:00:47', '2020-12-03 14:00:47'),
(326, 102, 'Iselin', '2020-12-03 14:01:36', '2020-12-03 14:01:36'),
(327, 102, 'Jersey City', '2020-12-03 14:02:05', '2020-12-03 14:02:05'),
(328, 102, 'Linden', '2020-12-03 14:02:24', '2020-12-03 14:02:24'),
(329, 102, 'Maple Shade', '2020-12-03 14:03:03', '2020-12-03 14:03:03'),
(330, 102, 'Maplewood', '2020-12-03 14:03:19', '2020-12-03 14:03:19'),
(331, 102, 'Marlton', '2020-12-03 14:03:36', '2020-12-03 14:03:36'),
(332, 102, 'Mays Landing', '2020-12-03 14:03:59', '2020-12-03 14:03:59'),
(333, 102, 'Merchantville', '2020-12-03 14:04:51', '2020-12-03 14:04:51'),
(334, 102, 'Metuchen', '2020-12-03 14:05:55', '2020-12-03 14:05:55'),
(335, 102, 'Montclair', '2020-12-03 14:06:38', '2020-12-03 14:06:38'),
(336, 102, 'Morristown', '2020-12-03 14:07:06', '2020-12-03 14:07:06'),
(337, 102, 'Mount Holly', '2020-12-03 14:14:58', '2020-12-03 14:14:58'),
(338, 102, 'Mount Laurel', '2020-12-03 14:15:20', '2020-12-03 14:15:20'),
(339, 102, 'Newark', '2020-12-03 14:15:41', '2020-12-03 14:15:41'),
(340, 102, 'Ocean City', '2020-12-03 14:16:02', '2020-12-03 14:16:02'),
(341, 102, 'Parlin', '2020-12-03 14:16:26', '2020-12-03 14:16:26'),
(342, 102, 'Paterson', '2020-12-03 14:16:43', '2020-12-03 14:16:43'),
(343, 102, 'Paterson', '2020-12-03 14:16:43', '2020-12-03 14:16:43'),
(344, 102, 'Paulsboro', '2020-12-03 14:17:04', '2020-12-03 14:17:04'),
(345, 102, 'Princeton', '2020-12-03 14:17:21', '2020-12-03 14:17:21'),
(346, 102, 'Princeton', '2020-12-03 14:17:22', '2020-12-03 14:17:22'),
(347, 102, 'Saddle Brook', '2020-12-03 14:17:49', '2020-12-03 14:17:49'),
(348, 102, 'Somerset', '2020-12-03 14:18:16', '2020-12-03 14:18:16'),
(349, 102, 'South Orange', '2020-12-03 14:18:48', '2020-12-03 14:18:48'),
(350, 102, 'Teaneck', '2020-12-03 14:19:18', '2020-12-03 14:19:18'),
(351, 102, 'Trenton', '2020-12-03 14:19:45', '2020-12-03 14:19:45'),
(352, 102, 'Union', '2020-12-03 14:20:02', '2020-12-03 14:20:02'),
(353, 102, 'Union City', '2020-12-03 14:20:24', '2020-12-03 14:20:24'),
(354, 102, 'West Trenton', '2020-12-03 14:20:50', '2020-12-03 14:20:50'),
(355, 102, 'Williamstown', '2020-12-03 14:21:09', '2020-12-03 14:21:09'),
(356, 102, 'Woodbury', '2020-12-03 14:21:43', '2020-12-03 14:21:43'),
(357, 103, 'Albuquerque', '2020-12-03 14:23:11', '2020-12-03 14:23:11'),
(358, 103, 'Albuquerque', '2020-12-03 14:23:47', '2020-12-03 14:23:47'),
(359, 103, 'Laguna', '2020-12-03 14:24:05', '2020-12-03 14:24:05'),
(360, 104, 'Albany, NY', '2020-12-03 14:25:55', '2020-12-03 14:25:55'),
(361, 104, 'Bronx', '2020-12-03 14:28:09', '2020-12-03 14:28:09'),
(362, 104, 'Brooklyn', '2020-12-03 14:28:31', '2020-12-03 14:28:31'),
(363, 104, 'Buffalo', '2020-12-03 14:28:47', '2020-12-03 14:28:47'),
(364, 104, 'East Marion', '2020-12-03 14:29:19', '2020-12-03 14:29:19'),
(365, 104, 'Elmira', '2020-12-03 14:29:33', '2020-12-03 14:29:33'),
(366, 104, 'Grafton', '2020-12-03 14:30:03', '2020-12-03 14:30:03'),
(367, 104, 'Ithaca', '2020-12-03 14:30:27', '2020-12-03 14:30:27'),
(368, 104, 'Long Island', '2020-12-03 14:30:45', '2020-12-03 14:30:45'),
(369, 104, 'Middletown', '2020-12-03 14:31:01', '2020-12-03 14:31:01'),
(370, 104, 'Mount Vernon', '2020-12-03 14:31:21', '2020-12-03 14:31:21'),
(371, 104, 'New Hyde Park', '2020-12-03 14:31:37', '2020-12-03 14:31:37'),
(372, 104, 'New Rochelle', '2020-12-03 14:31:54', '2020-12-03 14:31:54'),
(373, 104, 'New York', '2020-12-03 14:32:10', '2020-12-03 14:32:10'),
(374, 104, 'Newburgh', '2020-12-03 14:32:32', '2020-12-03 14:32:32'),
(375, 104, 'Queens', '2020-12-03 14:32:50', '2020-12-03 14:32:50'),
(376, 104, 'Rochester', '2020-12-03 14:33:16', '2020-12-03 14:33:16'),
(377, 104, 'Schenectady', '2020-12-03 14:33:35', '2020-12-03 14:33:35'),
(378, 104, 'Staten Island', '2020-12-03 14:33:57', '2020-12-03 14:33:57'),
(379, 104, 'Syracuse', '2020-12-03 14:34:17', '2020-12-03 14:34:17'),
(380, 104, 'White Plains', '2020-12-03 14:34:39', '2020-12-03 14:34:39'),
(381, 105, 'Aberdeen', '2020-12-03 14:41:13', '2020-12-03 14:41:13'),
(382, 105, 'Burlington', '2020-12-03 14:41:34', '2020-12-03 14:41:34'),
(383, 105, 'Carrboro', '2020-12-03 14:41:51', '2020-12-03 14:41:51'),
(384, 105, 'Charlotte', '2020-12-03 14:42:07', '2020-12-03 14:42:07'),
(385, 105, 'Concord', '2020-12-03 14:42:34', '2020-12-03 14:42:34'),
(386, 105, 'Durham', '2020-12-03 14:42:51', '2020-12-03 14:42:51'),
(387, 105, 'Fayetteville', '2020-12-03 14:43:26', '2020-12-03 14:43:26'),
(388, 105, 'Greensboro', '2020-12-03 14:43:47', '2020-12-03 14:43:47'),
(389, 8, 'Aberdeen', '2020-12-04 07:34:22', '2020-12-04 07:34:22'),
(390, 7, 'Bangor', '2020-12-04 07:49:11', '2020-12-04 07:49:11'),
(391, 9, 'Armagh', '2020-12-04 07:50:35', '2020-12-04 07:50:35'),
(392, 10, 'Bath', '2020-12-04 07:50:52', '2020-12-04 07:50:52'),
(393, 11, 'Belfast', '2020-12-04 07:51:11', '2020-12-04 07:51:11'),
(394, 12, 'Birmingham', '2020-12-04 07:51:25', '2020-12-04 07:51:25'),
(395, 13, 'Bradford', '2020-12-04 07:51:40', '2020-12-04 07:51:40'),
(396, 14, 'Brighton & Hove', '2020-12-04 07:52:05', '2020-12-04 07:52:05'),
(397, 15, 'Bristol', '2020-12-04 07:52:35', '2020-12-04 07:52:35'),
(398, 16, 'Cambridge', '2020-12-04 07:53:00', '2020-12-04 07:53:00'),
(399, 17, 'Canterbury', '2020-12-04 07:53:56', '2020-12-04 07:53:56'),
(400, 18, 'Cardiff', '2020-12-04 07:55:39', '2020-12-04 07:55:39'),
(401, 19, 'Carlisle', '2020-12-04 07:55:58', '2020-12-04 07:55:58'),
(402, 20, 'Chelmsford', '2020-12-04 07:56:14', '2020-12-04 07:56:14'),
(403, 21, 'Chester', '2020-12-04 07:56:33', '2020-12-04 07:56:33'),
(404, 22, 'Chichester', '2020-12-04 07:56:47', '2020-12-04 07:56:47'),
(405, 23, 'Coventry', '2020-12-04 07:57:05', '2020-12-04 07:57:05'),
(406, 24, 'Derby', '2020-12-04 07:58:35', '2020-12-04 07:58:35'),
(407, 25, 'Derry', '2020-12-04 07:58:55', '2020-12-04 07:58:55'),
(408, 26, 'Dundee', '2020-12-04 07:59:08', '2020-12-04 07:59:08'),
(409, 27, 'Durham', '2020-12-04 07:59:33', '2020-12-04 07:59:33'),
(410, 28, 'Edinburgh', '2020-12-04 07:59:52', '2020-12-04 07:59:52'),
(411, 29, 'Ely', '2020-12-04 08:00:07', '2020-12-04 08:00:07'),
(412, 30, 'Exeter', '2020-12-04 08:01:02', '2020-12-04 08:01:02'),
(413, 31, 'Glasgow', '2020-12-04 08:01:24', '2020-12-04 08:01:24'),
(414, 32, 'Gloucester', '2020-12-04 08:01:41', '2020-12-04 08:01:41'),
(415, 33, 'Hereford', '2020-12-04 08:01:56', '2020-12-04 08:01:56'),
(416, 34, 'Inverness', '2020-12-04 08:02:17', '2020-12-04 08:02:17'),
(417, 35, 'Kingston upon Hull', '2020-12-04 08:02:36', '2020-12-04 08:02:36'),
(418, 36, 'Lancaster', '2020-12-04 08:03:55', '2020-12-04 08:03:55'),
(419, 37, 'Leeds', '2020-12-04 08:05:49', '2020-12-04 08:05:49'),
(420, 38, 'Leicester', '2020-12-04 08:06:13', '2020-12-04 08:06:13'),
(421, 39, 'Lichfield', '2020-12-04 08:06:28', '2020-12-04 08:06:28'),
(422, 40, 'Lincoln', '2020-12-04 08:06:47', '2020-12-04 08:06:47'),
(423, 41, 'Lisburn', '2020-12-04 08:07:03', '2020-12-04 08:07:03'),
(424, 42, 'Liverpool', '2020-12-04 08:07:24', '2020-12-04 08:07:24'),
(425, 43, 'City of London', '2020-12-04 08:07:49', '2020-12-04 08:07:49'),
(426, 44, 'Manchester', '2020-12-04 08:08:09', '2020-12-04 08:08:09'),
(427, 45, 'Newcastle upon Tyne', '2020-12-04 08:08:27', '2020-12-04 08:08:27'),
(428, 46, 'Newport', '2020-12-04 08:08:44', '2020-12-04 08:08:44'),
(429, 47, 'Newry', '2020-12-04 08:09:03', '2020-12-04 08:09:03'),
(430, 48, 'Norwich', '2020-12-04 08:09:23', '2020-12-04 08:09:23'),
(431, 49, 'Nottingham', '2020-12-04 08:09:37', '2020-12-04 08:09:37'),
(432, 50, 'Oxford', '2020-12-04 08:10:12', '2020-12-04 08:10:12'),
(433, 51, 'Perth', '2020-12-04 08:10:41', '2020-12-04 08:10:41'),
(434, 52, 'Peterborough', '2020-12-04 08:11:17', '2020-12-04 08:11:17'),
(435, 53, 'Plymouth', '2020-12-04 08:11:32', '2020-12-04 08:11:32'),
(436, 54, 'Portsmouth', '2020-12-04 08:11:50', '2020-12-04 08:11:50'),
(437, 55, 'Preston', '2020-12-04 08:12:11', '2020-12-04 08:12:11'),
(438, 56, 'Ripon', '2020-12-04 08:12:40', '2020-12-04 08:12:40'),
(439, 57, 'St Albans', '2020-12-04 08:13:34', '2020-12-04 08:13:34'),
(440, 58, 'St Asaph', '2020-12-04 08:13:53', '2020-12-04 08:13:53'),
(441, 59, 'St Davids', '2020-12-04 08:14:22', '2020-12-04 08:14:22'),
(442, 60, 'Salford', '2020-12-04 08:14:51', '2020-12-04 08:14:51'),
(443, 61, 'Salisbury', '2020-12-04 08:15:18', '2020-12-04 08:15:18'),
(444, 62, 'Sheffield', '2020-12-04 08:15:38', '2020-12-04 08:15:38'),
(445, 63, 'Southampton', '2020-12-04 08:15:54', '2020-12-04 08:15:54'),
(446, 64, 'Stirling', '2020-12-04 08:16:13', '2020-12-04 08:16:13'),
(447, 65, 'Stoke-on-Trent', '2020-12-04 08:16:33', '2020-12-04 08:16:33'),
(448, 66, 'Sunderland', '2020-12-04 08:16:51', '2020-12-04 08:16:51'),
(449, 67, 'Swansea', '2020-12-04 08:17:12', '2020-12-04 08:17:12'),
(450, 68, 'Truro', '2020-12-04 08:17:25', '2020-12-04 08:17:25'),
(451, 69, 'Wakefield', '2020-12-04 08:17:40', '2020-12-04 08:17:40'),
(452, 70, 'Wells', '2020-12-04 08:17:59', '2020-12-04 08:17:59'),
(453, 71, 'Westminster', '2020-12-04 08:18:13', '2020-12-04 08:18:13'),
(454, 72, 'Winchester', '2020-12-04 08:18:32', '2020-12-04 08:18:32'),
(455, 73, 'Wolverhampton', '2020-12-04 08:18:50', '2020-12-04 08:18:50'),
(456, 74, 'Worcester', '2020-12-04 08:19:09', '2020-12-04 08:19:09'),
(457, 75, 'York', '2020-12-04 08:19:26', '2020-12-04 08:19:26'),
(458, 77, 'Alaska', '2020-12-04 08:20:23', '2020-12-04 08:20:23'),
(459, 78, 'Arizona', '2020-12-04 08:20:40', '2020-12-04 08:20:40'),
(460, 86, 'Hawaii', '2020-12-04 08:21:31', '2020-12-04 08:21:31'),
(461, 87, 'Idaho', '2020-12-04 08:21:49', '2020-12-04 08:21:49'),
(462, 90, 'International', '2020-12-04 08:22:25', '2020-12-04 08:22:25'),
(463, 96, 'Mobile', '2020-12-04 08:23:24', '2020-12-04 08:23:24'),
(464, 97, 'Montana', '2020-12-04 08:23:41', '2020-12-04 08:23:41'),
(465, 98, 'National', '2020-12-04 08:24:00', '2020-12-04 08:24:00'),
(466, 106, 'London borough', '2020-12-04 11:29:40', '2020-12-04 11:29:40'),
(467, 106, 'Barking and Dagenham', '2020-12-04 11:29:56', '2020-12-04 11:29:56'),
(468, 106, 'Barnet', '2020-12-04 11:30:16', '2020-12-04 11:30:16'),
(469, 106, 'Bexley', '2020-12-04 11:37:48', '2020-12-04 11:37:48'),
(470, 106, 'Brent', '2020-12-04 11:38:03', '2020-12-04 11:38:03'),
(471, 106, 'Bromley', '2020-12-04 11:38:18', '2020-12-04 11:38:18'),
(472, 106, 'Camden', '2020-12-04 11:38:35', '2020-12-04 11:38:35'),
(473, 106, 'Croydon', '2020-12-04 11:38:49', '2020-12-04 11:38:49'),
(474, 106, 'Ealing', '2020-12-04 11:39:01', '2020-12-04 11:39:01'),
(475, 106, 'Enfield', '2020-12-04 11:39:15', '2020-12-04 11:39:15'),
(476, 106, 'Greenwich', '2020-12-04 11:39:31', '2020-12-04 11:39:31'),
(477, 106, 'Hackney', '2020-12-04 11:39:50', '2020-12-04 11:39:50'),
(478, 106, 'Hammersmith and Fulham', '2020-12-04 11:40:10', '2020-12-04 11:40:10'),
(479, 106, 'Haringey', '2020-12-04 11:40:32', '2020-12-04 11:40:32'),
(480, 106, 'Harrow', '2020-12-04 11:40:52', '2020-12-04 11:40:52'),
(481, 106, 'Havering', '2020-12-04 11:41:09', '2020-12-04 11:41:09'),
(482, 106, 'Hillingdon', '2020-12-04 11:41:25', '2020-12-04 11:41:25'),
(483, 106, 'Hounslow', '2020-12-04 11:42:02', '2020-12-04 11:42:02'),
(484, 106, 'Islington', '2020-12-04 11:42:16', '2020-12-04 11:42:16'),
(485, 106, 'Kensington and Chelsea', '2020-12-04 11:42:32', '2020-12-04 11:42:32'),
(486, 106, 'Kingston upon Thames', '2020-12-04 11:42:45', '2020-12-04 11:42:45'),
(487, 106, 'Lambeth', '2020-12-04 11:43:01', '2020-12-04 11:43:01'),
(488, 106, 'Lewisham', '2020-12-04 11:43:34', '2020-12-04 11:43:34'),
(489, 106, 'Merton', '2020-12-04 11:43:49', '2020-12-04 11:43:49'),
(490, 106, 'Newham', '2020-12-04 11:44:01', '2020-12-04 11:44:01'),
(491, 106, 'Redbridge', '2020-12-04 11:44:14', '2020-12-04 11:44:14'),
(492, 106, 'Richmond upon Thames', '2020-12-04 11:44:36', '2020-12-04 11:44:36'),
(493, 106, 'Southwark', '2020-12-04 11:44:51', '2020-12-04 11:44:51'),
(494, 106, 'Sutton', '2020-12-04 11:45:04', '2020-12-04 11:45:04'),
(495, 106, 'Tower Hamlets', '2020-12-04 11:45:19', '2020-12-04 11:45:19'),
(496, 106, 'Waltham Forest', '2020-12-04 11:45:37', '2020-12-04 11:45:37'),
(497, 106, 'Wandsworth', '2020-12-04 11:45:54', '2020-12-04 11:45:54'),
(498, 106, 'Westminster', '2020-12-04 11:46:16', '2020-12-04 11:46:16');

-- --------------------------------------------------------

--
-- Table structure for table `da_managements`
--

CREATE TABLE `da_managements` (
  `id` int(11) NOT NULL,
  `name` varchar(255) NOT NULL,
  `created_at` timestamp NULL DEFAULT NULL,
  `updated_at` timestamp NULL DEFAULT NULL
) ENGINE=InnoDB DEFAULT CHARSET=latin1;

--
-- Dumping data for table `da_managements`
--

INSERT INTO `da_managements` (`id`, `name`, `created_at`, `updated_at`) VALUES
(1, 'users', '2020-11-23 18:30:00', '2020-11-23 18:30:00'),
(2, 'business', '2020-11-23 18:30:00', '2020-11-23 18:30:00'),
(3, 'category', '2020-11-23 18:30:00', '2020-11-23 18:30:00'),
(4, 'subscription', '2020-11-23 18:30:00', '2020-11-23 18:30:00'),
(5, 'advertise', '2020-11-23 18:30:00', '2020-11-23 18:30:00'),
(6, 'transaction', '2020-11-23 18:30:00', '2020-11-23 18:30:00'),
(7, 'review', '2020-11-23 18:30:00', '2020-11-23 18:30:00'),
(8, 'notification', '2020-11-23 18:30:00', '2020-11-23 18:30:00'),
(9, 'cms', '2020-11-23 18:30:00', '2020-11-23 18:30:00'),
(10, 'appsettings', '2020-11-23 18:30:00', '2020-11-23 18:30:00'),
(11, 'city', '2021-01-25 00:00:00', '2021-01-25 00:00:00');

-- --------------------------------------------------------

--
-- Table structure for table `da_migrations`
--

CREATE TABLE `da_migrations` (
  `id` int(10) UNSIGNED NOT NULL,
  `migration` varchar(255) COLLATE utf8mb4_unicode_ci NOT NULL,
  `batch` int(11) NOT NULL
) ENGINE=InnoDB DEFAULT CHARSET=utf8mb4 COLLATE=utf8mb4_unicode_ci;

--
-- Dumping data for table `da_migrations`
--

INSERT INTO `da_migrations` (`id`, `migration`, `batch`) VALUES
(1, '2014_10_12_000000_create_users_table', 1),
(2, '2014_10_12_100000_create_password_resets_table', 1);

-- --------------------------------------------------------

--
-- Table structure for table `da_moderators`
--

CREATE TABLE `da_moderators` (
  `id` int(11) NOT NULL,
  `user_id` int(11) NOT NULL,
  `management_name` varchar(255) NOT NULL,
  `created_at` timestamp NULL DEFAULT NULL,
  `updated_at` timestamp NULL DEFAULT NULL
) ENGINE=InnoDB DEFAULT CHARSET=latin1;

--
-- Dumping data for table `da_moderators`
--

INSERT INTO `da_moderators` (`id`, `user_id`, `management_name`, `created_at`, `updated_at`) VALUES
(9, 16, 'users', '2020-11-24 01:30:10', '2020-11-24 01:30:10'),
(10, 16, 'cms', '2020-11-24 01:30:11', '2020-11-24 01:30:11'),
(12, 18, 'advertise', '2020-11-24 01:33:43', '2020-11-24 01:33:43'),
(19, 14, 'users', '2020-11-24 08:12:56', '2020-11-24 08:12:56'),
(20, 14, 'business', '2020-11-24 08:12:56', '2020-11-24 08:12:56'),
(21, 14, 'subscription', '2020-11-24 08:12:56', '2020-11-24 08:12:56'),
(22, 14, 'review', '2020-11-24 08:12:56', '2020-11-24 08:12:56'),
(23, 168, 'users', '2020-12-28 01:38:21', '2020-12-28 01:38:21'),
(24, 168, 'business', '2020-12-28 01:38:21', '2020-12-28 01:38:21'),
(26, 169, 'category', '2020-12-28 23:00:52', '2020-12-28 23:00:52'),
(54, 186, 'review', '2020-12-30 07:56:32', '2020-12-30 07:56:32'),
(61, 213, 'users', '2021-01-21 07:57:12', '2021-01-21 07:57:12'),
(77, 215, 'users', '2021-01-22 05:07:14', '2021-01-22 05:07:14'),
(78, 215, 'business', '2021-01-22 05:07:14', '2021-01-22 05:07:14'),
(79, 215, 'category', '2021-01-22 05:07:14', '2021-01-22 05:07:14'),
(80, 215, 'subscription', '2021-01-22 05:07:14', '2021-01-22 05:07:14'),
(81, 215, 'advertise', '2021-01-22 05:07:14', '2021-01-22 05:07:14'),
(82, 215, 'transaction', '2021-01-22 05:07:14', '2021-01-22 05:07:14'),
(83, 215, 'review', '2021-01-22 05:07:14', '2021-01-22 05:07:14'),
(84, 215, 'notification', '2021-01-22 05:07:14', '2021-01-22 05:07:14'),
(85, 215, 'cms', '2021-01-22 05:07:14', '2021-01-22 05:07:14'),
(86, 215, 'appsettings', '2021-01-22 05:07:14', '2021-01-22 05:07:14'),
(87, 187, 'category', '2021-01-22 07:27:14', '2021-01-22 07:27:14'),
(88, 187, 'review', '2021-01-22 07:27:14', '2021-01-22 07:27:14'),
(92, 221, 'users', '2021-01-25 04:54:25', '2021-01-25 04:54:25'),
(94, 222, 'users', '2021-01-25 05:00:25', '2021-01-25 05:00:25'),
(95, 185, 'users', '2021-01-25 05:18:44', '2021-01-25 05:18:44'),
(96, 185, 'business', '2021-01-25 05:18:44', '2021-01-25 05:18:44'),
(97, 185, 'city', '2021-01-25 05:18:44', '2021-01-25 05:18:44'),
(98, 228, 'users', '2021-01-27 09:12:29', '2021-01-27 09:12:29'),
(99, 229, 'users', '2021-01-27 09:14:40', '2021-01-27 09:14:40'),
(100, 230, 'users', '2021-01-27 13:12:05', '2021-01-27 13:12:05'),
(102, 231, 'users', '2021-01-27 13:36:05', '2021-01-27 13:36:05'),
(103, 232, 'users', '2021-01-27 13:37:36', '2021-01-27 13:37:36'),
(104, 233, 'users', '2021-01-27 13:40:09', '2021-01-27 13:40:09'),
(109, 234, 'users', '2021-01-28 12:32:52', '2021-01-28 12:32:52'),
(110, 235, 'users', '2021-01-28 12:34:28', '2021-01-28 12:34:28'),
(111, 237, 'users', '2021-01-31 16:14:11', '2021-01-31 16:14:11'),
(112, 237, 'business', '2021-01-31 16:14:11', '2021-01-31 16:14:11'),
(113, 237, 'category', '2021-01-31 16:14:11', '2021-01-31 16:14:11'),
(114, 237, 'subscription', '2021-01-31 16:14:11', '2021-01-31 16:14:11'),
(115, 237, 'advertise', '2021-01-31 16:14:11', '2021-01-31 16:14:11'),
(116, 237, 'transaction', '2021-01-31 16:14:11', '2021-01-31 16:14:11'),
(117, 237, 'review', '2021-01-31 16:14:11', '2021-01-31 16:14:11'),
(118, 237, 'notification', '2021-01-31 16:14:11', '2021-01-31 16:14:11'),
(119, 237, 'cms', '2021-01-31 16:14:11', '2021-01-31 16:14:11'),
(120, 237, 'city', '2021-01-31 16:14:11', '2021-01-31 16:14:11'),
(121, 237, 'appsettings', '2021-01-31 16:14:11', '2021-01-31 16:14:11'),
(122, 242, 'users', '2021-02-04 05:56:50', '2021-02-04 05:56:50'),
(153, 256, 'users', '2021-02-08 12:28:30', '2021-02-08 12:28:30'),
(154, 256, 'business', '2021-02-08 12:28:30', '2021-02-08 12:28:30'),
(158, 257, 'users', '2021-02-08 12:45:24', '2021-02-08 12:45:24'),
(159, 257, 'business', '2021-02-08 12:45:24', '2021-02-08 12:45:24'),
(161, 259, 'users', '2021-02-08 12:57:35', '2021-02-08 12:57:35'),
(162, 259, 'business', '2021-02-08 12:57:35', '2021-02-08 12:57:35'),
(163, 259, 'category', '2021-02-08 12:57:35', '2021-02-08 12:57:35'),
(164, 259, 'subscription', '2021-02-08 12:57:35', '2021-02-08 12:57:35'),
(165, 259, 'advertise', '2021-02-08 12:57:35', '2021-02-08 12:57:35'),
(166, 259, 'transaction', '2021-02-08 12:57:35', '2021-02-08 12:57:35'),
(167, 259, 'review', '2021-02-08 12:57:35', '2021-02-08 12:57:35'),
(168, 259, 'notification', '2021-02-08 12:57:35', '2021-02-08 12:57:35'),
(169, 259, 'cms', '2021-02-08 12:57:35', '2021-02-08 12:57:35'),
(170, 259, 'city', '2021-02-08 12:57:35', '2021-02-08 12:57:35'),
(171, 259, 'appsettings', '2021-02-08 12:57:35', '2021-02-08 12:57:35'),
(172, 260, 'users', '2021-02-08 13:02:55', '2021-02-08 13:02:55'),
(173, 260, 'business', '2021-02-08 13:02:55', '2021-02-08 13:02:55'),
(174, 260, 'category', '2021-02-08 13:02:55', '2021-02-08 13:02:55'),
(175, 260, 'subscription', '2021-02-08 13:02:55', '2021-02-08 13:02:55'),
(176, 260, 'advertise', '2021-02-08 13:02:55', '2021-02-08 13:02:55'),
(177, 260, 'transaction', '2021-02-08 13:02:55', '2021-02-08 13:02:55'),
(178, 260, 'review', '2021-02-08 13:02:55', '2021-02-08 13:02:55'),
(179, 260, 'notification', '2021-02-08 13:02:55', '2021-02-08 13:02:55'),
(180, 260, 'cms', '2021-02-08 13:02:55', '2021-02-08 13:02:55'),
(181, 260, 'city', '2021-02-08 13:02:55', '2021-02-08 13:02:55'),
(182, 260, 'appsettings', '2021-02-08 13:02:55', '2021-02-08 13:02:55'),
(213, 261, 'users', '2021-02-08 13:08:18', '2021-02-08 13:08:18'),
(214, 261, 'business', '2021-02-08 13:08:18', '2021-02-08 13:08:18'),
(215, 261, 'category', '2021-02-08 13:08:18', '2021-02-08 13:08:18'),
(216, 262, 'users', '2021-02-08 13:10:46', '2021-02-08 13:10:46'),
(217, 262, 'business', '2021-02-08 13:10:46', '2021-02-08 13:10:46'),
(218, 262, 'category', '2021-02-08 13:10:46', '2021-02-08 13:10:46'),
(219, 262, 'subscription', '2021-02-08 13:10:46', '2021-02-08 13:10:46'),
(220, 262, 'advertise', '2021-02-08 13:10:46', '2021-02-08 13:10:46'),
(221, 262, 'transaction', '2021-02-08 13:10:46', '2021-02-08 13:10:46'),
(222, 262, 'review', '2021-02-08 13:10:46', '2021-02-08 13:10:46'),
(223, 262, 'notification', '2021-02-08 13:10:46', '2021-02-08 13:10:46'),
(224, 262, 'cms', '2021-02-08 13:10:46', '2021-02-08 13:10:46'),
(225, 262, 'city', '2021-02-08 13:10:46', '2021-02-08 13:10:46'),
(226, 262, 'appsettings', '2021-02-08 13:10:46', '2021-02-08 13:10:46'),
(255, 263, 'users', '2021-02-09 07:50:08', '2021-02-09 07:50:08'),
(256, 263, 'category', '2021-02-09 07:50:08', '2021-02-09 07:50:08'),
(257, 264, 'users', '2021-02-09 08:50:26', '2021-02-09 08:50:26'),
(258, 265, 'users', '2021-02-09 08:52:44', '2021-02-09 08:52:44'),
(259, 266, 'users', '2021-02-09 08:54:36', '2021-02-09 08:54:36'),
(260, 266, 'business', '2021-02-09 08:54:36', '2021-02-09 08:54:36'),
(261, 268, 'users', '2021-02-09 08:57:08', '2021-02-09 08:57:08'),
(262, 268, 'category', '2021-02-09 08:57:08', '2021-02-09 08:57:08'),
(263, 270, 'category', '2021-02-09 10:04:40', '2021-02-09 10:04:40'),
(264, 258, 'users', '2021-02-09 10:08:07', '2021-02-09 10:08:07'),
(265, 258, 'business', '2021-02-09 10:08:07', '2021-02-09 10:08:07'),
(266, 258, 'category', '2021-02-09 10:08:07', '2021-02-09 10:08:07'),
(267, 258, 'subscription', '2021-02-09 10:08:07', '2021-02-09 10:08:07'),
(268, 258, 'advertise', '2021-02-09 10:08:07', '2021-02-09 10:08:07'),
(269, 258, 'transaction', '2021-02-09 10:08:07', '2021-02-09 10:08:07'),
(270, 258, 'review', '2021-02-09 10:08:07', '2021-02-09 10:08:07'),
(271, 258, 'notification', '2021-02-09 10:08:07', '2021-02-09 10:08:07'),
(272, 258, 'cms', '2021-02-09 10:08:07', '2021-02-09 10:08:07'),
(273, 258, 'appsettings', '2021-02-09 10:08:07', '2021-02-09 10:08:07'),
(274, 258, 'city', '2021-02-09 10:08:07', '2021-02-09 10:08:07');

-- --------------------------------------------------------

--
-- Table structure for table `da_notifications`
--

CREATE TABLE `da_notifications` (
  `id` int(11) NOT NULL,
  `title` varchar(255) NOT NULL,
  `description` longtext NOT NULL,
  `type` varchar(255) NOT NULL,
  `sendto` varchar(255) NOT NULL,
  `email` varchar(255) DEFAULT NULL,
  `created_at` timestamp NULL DEFAULT NULL ON UPDATE CURRENT_TIMESTAMP,
  `updated_at` timestamp NULL DEFAULT NULL
) ENGINE=InnoDB DEFAULT CHARSET=latin1;

--
-- Dumping data for table `da_notifications`
--

INSERT INTO `da_notifications` (`id`, `title`, `description`, `type`, `sendto`, `email`, `created_at`, `updated_at`) VALUES
(1, 'gsdtgs', 'sr nesr sersetsert', 'E-mail', '', 'samirankuila909@gmail.com', '2020-10-20 06:01:51', '2020-10-19 06:37:41'),
(2, 'Test Notification', 'Hello Hello Hello Hello Hello', '', '', 'debnidhi.kuila@gmail.com', '2020-10-20 00:39:33', '2020-10-20 00:39:33'),
(4, 'dfgdsg', 'dgsdg dgdgdstgtdtg dtge ystz tst ertset seteset', 'E-mail', '', 'debnidhi.kuila@gmail.com', '2020-10-20 00:47:22', '2020-10-20 00:47:22'),
(5, 'rtrtr', 'trrtnryry xfvxfg xdgsgs sdgds', 'Push Notification', '', 'debnidhi.kuila@gmail.com', '2020-10-20 00:47:41', '2020-10-20 00:47:41'),
(6, 'ppp rrr', 'dsfsff rhkehg. jfhgjfg kyrty.', 'Push Notification', 'Only Customer', 'debnidhi.kuila@gmail.com', '2020-10-20 00:53:40', '2020-10-20 00:53:40'),
(7, 'Gautam', 'System Test', 'E-mail', 'Only Customer', NULL, '2020-12-31 02:35:15', '2020-12-31 02:35:15'),
(8, 'Samanta', 'System Test', 'E-mail', 'other', 'dd@gmail.com', '2020-12-31 02:57:22', '2020-12-31 02:57:22'),
(17, 'Test By Developer', 'System Test', 'E-mail', 'OnlyVendors', NULL, '2021-01-04 00:09:30', '2021-01-04 00:09:30'),
(18, 'ppp', 'test test test test test', 'E-mail', 'OnlyVendors', NULL, '2021-01-04 00:11:55', '2021-01-04 00:11:55'),
(19, 'dfghdgyd', 'gdg dstg dtgdtgd drtg ddrt', 'E-mail', 'OnlyCustomer', NULL, '2021-01-04 00:13:13', '2021-01-04 00:13:13'),
(21, 'fryryr', 'ryer dry tryh rtyrty', 'E-mail', 'other', 'debnidhi.kuila@gmail.com', '2021-01-04 04:24:33', '2021-01-04 04:24:33'),
(22, 'fryryr', 'ryer dry tryh rtyrty', 'E-mail', 'other', 'debnidhi.kuila@gmail.com', '2021-01-04 04:31:07', '2021-01-04 04:31:07'),
(34, 'From Admin', 'System Test By Developer. Please ignore it.', 'PushNotification', 'OnlyCustomer', NULL, '2021-01-08 07:42:18', '2021-01-08 07:42:18'),
(35, 'Test Debnidhi', 'Helo hello...', 'PushNotification', 'OnlyVendors', NULL, '2021-01-11 07:49:44', '2021-01-11 07:49:44'),
(36, '12-11-2021', 'Test Only Vendors', 'PushNotification', 'OnlyVendors', NULL, '2021-01-11 23:38:05', '2021-01-11 23:38:05'),
(37, '12-11-2021', 'Only Customers', 'PushNotification', 'OnlyCustomer', NULL, '2021-01-11 23:40:13', '2021-01-11 23:40:13'),
(38, '12-11-2021', 'Email Only Customers', 'E-mail', 'OnlyCustomer', NULL, '2021-01-11 23:40:47', '2021-01-11 23:40:47'),
(39, '12-01-2021', 'Email Only Vendors', 'E-mail', 'OnlyVendors', NULL, '2021-01-11 23:42:27', '2021-01-11 23:42:27'),
(40, '12-01-2021', 'Wmail, All Users', 'E-mail', 'AllUsers', NULL, '2021-01-11 23:42:58', '2021-01-11 23:42:58'),
(41, '12-01-2021', 'Email, Custom', 'E-mail', 'other', 'debnidhi.kuila@gmail.com', '2021-01-11 23:43:40', '2021-01-11 23:43:40'),
(42, 'Test', 'Push Notification for Customers Only.', 'PushNotification', 'OnlyCustomer', NULL, '2021-01-11 23:46:53', '2021-01-11 23:46:53'),
(44, 'Validation', 'Email validation', 'E-mail', 'other', 'debnidhi.kuila@gmail.com', '2021-01-28 02:06:53', '2021-01-28 02:06:53'),
(45, 'Title', 'Title', 'E-mail', 'other', 'neelima.bms@gmail.com', '2021-01-28 13:30:47', '2021-01-28 13:30:47'),
(46, 'Error Check', 'Test', 'E-mail', 'other', 'sukannyahalder7@gmail.com', '2021-01-28 13:47:06', '2021-01-28 13:47:06'),
(47, 'Test Error', 'All Vendors Push Notifications.', 'PushNotification', 'OnlyVendors', NULL, '2021-01-28 14:00:36', '2021-01-28 14:00:36'),
(48, 'Email Noti Test', 'All Vendors Email Notifications.', 'PushNotification', 'OnlyVendors', NULL, '2021-01-28 14:01:02', '2021-01-28 14:01:02'),
(49, 'Custom Email Noti', 'Custom Notifications.', 'E-mail', 'other', 'sukannyahalder7@gmail.com', '2021-01-28 14:01:39', '2021-01-28 14:01:39'),
(50, 'Test from web', 'Test from web', 'PushNotification', 'AllUsers', NULL, '2021-01-28 14:21:29', '2021-01-28 14:21:29'),
(51, 'test', 'test', 'PushNotification', 'OnlyVendors', NULL, '2021-01-29 05:52:32', '2021-01-29 05:52:32'),
(52, 'Every other essential piece of your business plan', 'Live Plan asks you questions about your business, you plug in the answers. It\'s as easy as that. You\'ll get straight-forward instructions with examples on:\r\nWays to write a pitch that grabs investors\' attention\r\nWhat to include in your marketing plan\r\nEve', 'PushNotification', 'OnlyVendors', NULL, '2021-01-29 05:55:54', '2021-01-29 05:55:54'),
(53, 'Push notification', 'Push notification', 'PushNotification', 'OnlyVendors', NULL, '2021-01-29 05:58:33', '2021-01-29 05:58:33'),
(55, 'Push notification to customers', 'Push notification to customers', 'PushNotification', 'OnlyCustomer', NULL, '2021-01-29 06:13:59', '2021-01-29 06:13:59'),
(56, 'What to include in your marketing plan', 'LivePlan asks you questions about your business, you plug in the answers. It\'s as easy as that. You\'ll get straight-forward instructions with examples on:\nWays to write a pitch that grabs investors\' attention\nWhat to include in your marketing plan\nEver', 'E-mail', 'AllUsers', NULL, '2021-01-29 07:49:53', '2021-01-29 06:18:44'),
(57, 'Notification', 'Notification', 'PushNotification', 'OnlyCustomer', NULL, '2021-01-29 06:29:01', '2021-01-29 06:29:01'),
(58, 'Every other essential piece of your business plan', 'LivePlan asks you questions about your business, you plug in the answers. It\'s as easy as that. You\'ll get straight-forward instructions with examples on:\r\nWays to write a pitch that grabs investors\' attention\r\nWhat to include in your marketing plan\r\nEver', 'PushNotification', 'OnlyCustomer', NULL, '2021-01-29 06:30:42', '2021-01-29 06:30:42'),
(59, 'Every other essential piece of your business plan. Ways to write a pitch that grabs investors\' attention. What to include in your marketing plan.', 'LivePlan asks you questions about your business, you plug in the answers. It\'s as easy as that. You\'ll get straight-forward instructions with examples on:\r\nWays to write a pitch that grabs investors\' attention\r\nWhat to include in your marketing plan\r\nEver', 'PushNotification', 'OnlyCustomer', NULL, '2021-01-29 06:32:46', '2021-01-29 06:32:46'),
(60, 'Once the investor saw the plan, he believed in it.', 'Once the investor saw the plan, he believed in it. The interface was fresh and lively. The program gave wonderful examples of what should be in the different sections. I was able to take bits and pieces of those examples, but when I finished each section ', 'E-mail', 'AllUsers', NULL, '2021-01-29 06:35:51', '2021-01-29 06:35:51'),
(61, 'test', 'test', 'E-mail', 'AllUsers', NULL, '2021-01-29 06:37:26', '2021-01-29 06:37:26'),
(62, 'Title', 'Title', 'E-mail', 'OnlyCustomer', NULL, '2021-01-29 06:38:36', '2021-01-29 06:38:36'),
(63, 'Title', 'Title', 'PushNotification', 'OnlyVendors', NULL, '2021-01-29 06:38:54', '2021-01-29 06:38:54'),
(64, 'Title', 'Title', 'E-mail', 'OnlyVendors', NULL, '2021-01-29 06:39:16', '2021-01-29 06:39:16'),
(65, 'Only Vendors', 'Only Vendors', 'PushNotification', 'OnlyVendors', NULL, '2021-01-29 06:42:07', '2021-01-29 06:42:07'),
(66, 'New notification to vendor', 'New notification to vendor', 'PushNotification', 'OnlyVendors', NULL, '2021-01-29 06:45:55', '2021-01-29 06:45:55'),
(67, 'test1', 'test1', 'PushNotification', 'OnlyVendors', NULL, '2021-01-29 06:47:26', '2021-01-29 06:47:26'),
(68, 'test2', 'test2', 'PushNotification', 'OnlyVendors', NULL, '2021-01-29 06:48:03', '2021-01-29 06:48:03'),
(69, 'customer1', 'customer1', 'PushNotification', 'OnlyCustomer', NULL, '2021-01-29 06:49:22', '2021-01-29 06:49:22'),
(70, 'investor', 'Once the investor saw the plan, he believed in it. The interface was fresh and lively. The program gave wonderful examples of what should be in the different sections. I was able to take bits and pieces of those examples, but when I finished each sectionO', 'PushNotification', 'OnlyCustomer', NULL, '2021-01-29 06:50:00', '2021-01-29 06:50:00'),
(72, 'BE Fit! Tri Wellness, Chicago, IL', '“I\'ve raised $3M so far with LivePlan! I needed to write a business plan for my investors. I was going nuts trying to create charts and properly format them. Then a friend recommended LivePlan! The financials were so easy to use and I liked knowing the ca', 'PushNotification', 'OnlyVendors', NULL, '2021-01-29 07:31:20', '2021-01-29 07:31:20'),
(73, 'Olive Oil USA, LLC, New York, NY', '“I\'ve raised $3M so far with LivePlan! I needed to write a business plan for my investors. I was going nuts trying to create charts and properly format them. Then a friend recommended LivePlan! The financials were so easy to use and I liked knowing the ca', 'PushNotification', 'OnlyVendors', NULL, '2021-01-29 07:41:27', '2021-01-29 07:41:27'),
(75, 'Join over 850,000 entrepreneurs who found success with LivePlan', '“Most people are intimidated by the financials, but LivePlan made planning simple, saved me so much time and just knowing that the calculations are correct makes this tool worth every penny!”“Most people are intimidated by the financials, but LivePlan made planning simple, saved me so much time and just knowing that the calculations are correct makes this tool worth every penny!”“Most people are intimidated by the financials, but LivePlan made planning simple, saved me so much time and just knowing that the calculations are correct makes this tool worth every penny!”', 'PushNotification', 'OnlyVendors', NULL, '2021-01-29 07:56:43', '2021-01-29 07:56:43'),
(76, 'test vendor', 'test vendor', 'PushNotification', 'OnlyVendors', NULL, '2021-01-29 07:57:54', '2021-01-29 07:57:54'),
(77, 'vendor1', 'vendor1', 'PushNotification', 'OnlyVendors', NULL, '2021-01-29 07:58:47', '2021-01-29 07:58:47'),
(78, 'Notification to all users', 'Notification to all users', 'E-mail', 'AllUsers', NULL, '2021-01-29 09:45:31', '2021-01-29 09:45:31'),
(79, 'Business plans are inherently strategic.', 'A business plan is a written description of your business\'s future, a document that tells what you plan to do and how you plan to do it. If you jot down a paragraph on the back of an envelope describing your business strategy, you\'ve written a plan, or at least the germ of one.\r\n\r\nBusiness plans are inherently strategic. You start here, today, with certain resources and abilities. And you want to get to there, a point in the future (usually three to five years out), at which time your business will have a different set of resources and abilities as well as greater profitability and increased assets. Your plan shows how you will get from here to there.', 'PushNotification', 'AllUsers', NULL, '2021-01-29 10:24:12', '2021-01-29 10:24:12'),
(80, 'Amplify your business knowledge', 'Amplify your business knowledge and reach your full entrepreneurial potential with Entrepreneur Insider’s exclusive benefits. For just $5 per month, get access to premium content, webinars, an ad-free experience, and more! Plus, enjoy a FREE 1-year Entrepreneur magazine subscription.Amplify your business knowledge and reach your full entrepreneurial potential with Entrepreneur Insider’s exclusive benefits. For just $5 per month, get access to premium content, webinars, an ad-free experience, and more! Plus, enjoy a FREE 1-year Entrepreneur magazine subscription.Amplify your business knowledge and reach your full entrepreneurial potential with Entrepreneur Insider’s exclusive benefits. For just $5 per month, get access to premium content, webinars, an ad-free experience, and more! Plus, enjoy a FREE 1-year Entrepreneur magazine subscription.', 'PushNotification', 'OnlyCustomer', NULL, '2021-01-29 10:25:35', '2021-01-29 10:25:35'),
(81, 'business knowledge', 'Amplify your business knowledge and reach your full entrepreneurial potential with Entrepreneur Insider’s exclusive benefits. For just $5 per month, get access to premium content, webinars, an ad-free experience, and more! Plus, enjoy a FREE 1-year Entrepreneur magazine subscription.Amplify your business knowledge and reach your full entrepreneurial potential with Entrepreneur Insider’s exclusive benefits. For just $5 per month, get access to premium content, webinars, an ad-free experience, and more! Plus, enjoy a FREE 1-year Entrepreneur magazine subscription.Amplify your business knowledge and reach your full entrepreneurial potential with Entrepreneur Insider’s exclusive benefits. For just $5 per month, get access to premium content, webinars, an ad-free experience, and more! Plus, enjoy a FREE 1-year Entrepreneur magazine subscription.Amplify your business knowledge and reach your full entrepreneurial potential with Entrepreneur Insider’s exclusive benefits. For just $5 per month, get access to premium content, webinars, an ad-free experience, and more! Plus, enjoy a FREE 1-year Entrepreneur magazine subscription.', 'PushNotification', 'OnlyVendors', NULL, '2021-01-29 10:28:03', '2021-01-29 10:28:03'),
(97, 'Sukannya Testing', 'Sukannya Testing', 'PushNotification', 'OnlyVendors', NULL, '2021-01-29 12:14:12', '2021-01-29 12:14:12'),
(98, 'Give customers more ways to reach you', 'A business is any entity that seeks to profit from an activity.1? Business is a broad term, but these profit-seeking activities generally include providing some kind of good or service that people want or need. Businesses may experience a loss, but that doesn\'t stop them from being a business. All that\'s important—from the standpoint of defining a business—is that the entity seeks to profit from what it does.A business is any entity that seeks to profit from an activity.1? Business is a broad term, but these profit-seeking activities generally include providing some kind of good or service that people want or need. Businesses may experience a loss, but that doesn\'t stop them from being a business. All that\'s important—from the standpoint of defining a business—is that the entity seeks to profit from what it does.', 'PushNotification', 'OnlyVendors', NULL, '2021-01-29 12:29:41', '2021-01-29 12:29:41'),
(99, 'business', 'Before starting a business, make sure you have a clear understanding of what constitutes a business, as well as any business-related activities. That includes knowing the federal, state, and local laws that pertain to your business. This knowledge will help you avoid any penalties and fines, which could cripple or end your business soon after it starts. This information will also help you develop a strong business plan for a successful start in the marketplace.', 'PushNotification', 'OnlyVendors', NULL, '2021-01-29 12:30:32', '2021-01-29 12:30:32'),
(100, 'S corporations', 'Sole proprietorships: These are unincorporated businesses owned and operated by a single person.5?\r\nPartnerships: This occurs when two or more people share in the funding, labor, ownership, profits, and losses that come with a business venture.6?\r\nCorporations: These businesses are owned by shareholders and can become massive enterprises.7?\r\nS corporations: These businesses are similar to corporations, but they\'re taxed differently—passing income, losses, deductions, and any other credits through to shareholders to be taxed at individual rates.8?\r\nLimited liability company (LLC): The rules that govern LLCs vary from state to state. Depending on where one lives, LLCs may offer favorable tax treatment or other perks.', 'PushNotification', 'OnlyCustomer', NULL, '2021-01-29 12:31:04', '2021-01-29 12:31:04'),
(101, 'Small Business - all users', 'When talking about the impact of a recession, people often mention the private and public sectors. But what do those terms really mean? They are used to compare different types of organizations in the U.S. economy and how they operate. \r\nBusinesses that make a profit commonly represent the private sector, while government agencies tend to represent the public sector. Learn how the private and public sectors operate, why they matter, and more.When talking about the impact of a recession, people often mention the private and public sectors. But what do those terms really mean? They are used to compare different types of organizations in the U.S. economy and how they operate. \r\nBusinesses that make a profit commonly represent the private sector, while government agencies tend to represent the public sector. Learn how the private and public sectors operate, why they matter, and more.', 'PushNotification', 'AllUsers', NULL, '2021-01-29 12:34:05', '2021-01-29 12:34:05'),
(102, 'test', 'test', 'PushNotification', 'AllUsers', NULL, '2021-01-29 12:34:37', '2021-01-29 12:34:37'),
(103, 'test', 'test', 'PushNotification', 'AllUsers', NULL, '2021-01-29 12:37:51', '2021-01-29 12:37:51'),
(104, 'Only customer', 'Only customer', 'PushNotification', 'OnlyCustomer', NULL, '2021-01-29 12:41:36', '2021-01-29 12:41:36'),
(105, 'test vendor', 'test vendor', 'PushNotification', 'OnlyVendors', NULL, '2021-01-29 12:43:05', '2021-01-29 12:43:05'),
(106, 'Economies', 'Economies of countries, including the U.S., are divided between public and private sectors (or sections), for the purpose of considering economic activity and each contribution to domestic production (the GDP).1?? \r\nIn theU.S. there are several agencies that track and report the activity of both the public and private sectors. For example, the Bureau of Labor Statistics (BLS) reports on market activity, working conditions, and price changes in the economy, whereas the U.S. Census Bureau provides data about the nation’s people and the economy.Economies of countries, including the U.S., are divided between public and private sectors (or sections), for the purpose of considering economic activity and each contribution to domestic production (the GDP).1?? \r\n\r\n\r\nIn the U.S. there are several agencies that track and report the activity of both the public and private sectors. For example, the Bureau of Labor Statistics (BLS) reports on market activity, working conditions, and price changes in the economy, whereas the U.S. Census Bureau provides data about the nation’s people and the economy.Economies of countries, including the U.S., are divided between public and private sectors (or sections), for the purpose of considering economic activity and each contribution to domestic production (the GDP).1?? \r\nIn the U.S. there are several agencies that track and report the activity of both the public and private sectors. For example, the Bureau of Labor Statistics (BLS) reports on market activity, working conditions, and price changes in the economy, whereas the U.S. Census Bureau provides data about the nation’s people and the economy.', 'PushNotification', 'OnlyVendors', NULL, '2021-01-29 12:46:00', '2021-01-29 12:46:00'),
(107, 'Sukannya Customer', 'Sukannya Customer', 'PushNotification', 'OnlyCustomer', NULL, '2021-01-29 13:26:38', '2021-01-29 13:26:38'),
(108, 'Test', 'Testing testing', 'PushNotification', 'OnlyVendors', NULL, '2021-01-31 16:23:19', '2021-01-31 16:23:19'),
(109, 'iOS notification', 'iOS notification', 'PushNotification', 'OnlyVendors', NULL, '2021-02-02 13:03:23', '2021-02-02 13:03:23'),
(110, 'iOS test noti', 'iOS test noti', 'PushNotification', 'OnlyVendors', NULL, '2021-02-02 13:11:17', '2021-02-02 13:11:17'),
(111, 'iOS testing today', 'iOS testing today', 'PushNotification', 'OnlyVendors', NULL, '2021-02-02 13:24:25', '2021-02-02 13:24:25'),
(112, 'ios testing surajit', 'ios testing surajit', 'PushNotification', 'OnlyVendors', NULL, '2021-02-02 13:26:55', '2021-02-02 13:26:55'),
(113, 'ppp', 'gergt erter', 'PushNotification', 'OnlyVendors', NULL, '2021-02-02 14:06:57', '2021-02-02 14:06:57'),
(115, 'Syetem Test', 'For All Platform', 'PushNotification', 'OnlyVendors', NULL, '2021-02-02 15:11:33', '2021-02-02 15:11:33'),
(116, 'For All customers', 'For all platform', 'PushNotification', 'OnlyCustomer', NULL, '2021-02-02 15:23:02', '2021-02-02 15:23:02'),
(117, 'For customers All platform', 'test', 'PushNotification', 'OnlyCustomer', NULL, '2021-02-02 15:41:46', '2021-02-02 15:41:46'),
(118, 'For All All Platform', 'Test', 'PushNotification', 'AllUsers', NULL, '2021-02-03 06:28:42', '2021-02-03 06:28:42'),
(120, 'For All Vendor', 'For All Vendor', 'PushNotification', 'OnlyVendors', NULL, '2021-02-03 06:35:32', '2021-02-03 06:35:32'),
(121, 'Validation check Email', 'System test', 'E-mail', 'other', 'debnidhi.kuila@gmail.com', '2021-02-03 10:56:24', '2021-02-03 10:56:24'),
(122, 'After Validation Push Notification', 'Check', 'PushNotification', 'OnlyVendors', NULL, '2021-02-03 10:57:28', '2021-02-03 10:57:28'),
(125, 'New notification', 'New notification', 'E-mail', 'OnlyVendors', NULL, '2021-02-04 06:07:17', '2021-02-04 06:07:17'),
(126, 'test', 'test', 'E-mail', 'OnlyVendors', NULL, '2021-02-04 06:08:08', '2021-02-04 06:08:08'),
(127, 'test', 'test', 'E-mail', 'OnlyVendors', NULL, '2021-02-04 06:08:51', '2021-02-04 06:08:51'),
(128, 'Only Vendors', 'Only Vendors', 'E-mail', 'OnlyVendors', NULL, '2021-02-04 06:09:09', '2021-02-04 06:09:09'),
(129, 'All Platform', 'Vendor Only', 'PushNotification', 'OnlyVendors', NULL, '2021-02-04 06:31:28', '2021-02-04 06:31:28'),
(130, 'Second Time All Platform Vendor', 'Test With Debabrata', 'PushNotification', 'OnlyVendors', NULL, '2021-02-04 06:33:23', '2021-02-04 06:33:23'),
(131, 'Web business development', 'Web business development', 'PushNotification', 'OnlyCustomer', NULL, '2021-02-04 07:05:15', '2021-02-04 07:05:15'),
(132, 'Black-Owned Businesses', 'The No1 App Directory for Black-Owned Businesses!\r\nThank you for joining, We\'re so glad you\'re here. We can\'t wait to help you take your business to the next level, by exposing you to thousands of new potential customers. When you win, we win = we all win!\r\nCustom Black Index\r\nRedirecting Consumers to Black-Owned Businesses!\r\nBe the first to receive notifications about Special Offers, promo\'s & giveaways by following us on Instagram & Facebook Click on the links below', 'PushNotification', 'OnlyCustomer', NULL, '2021-02-04 07:06:21', '2021-02-04 07:06:21'),
(133, 'test', 'test', 'PushNotification', 'OnlyVendors', NULL, '2021-02-04 07:07:16', '2021-02-04 07:07:16'),
(134, 'Vendors', 'Vendors', 'PushNotification', 'OnlyVendors', NULL, '2021-02-04 07:09:09', '2021-02-04 07:09:09'),
(135, 'new push notification', 'new push notification', 'PushNotification', 'OnlyCustomer', NULL, '2021-02-04 07:09:44', '2021-02-04 07:09:44'),
(136, 'all users', 'test', 'PushNotification', 'AllUsers', NULL, '2021-02-04 07:11:01', '2021-02-04 07:11:01'),
(137, 'Kimptson', 'Kimptson', 'PushNotification', 'AllUsers', NULL, '2021-02-04 07:13:22', '2021-02-04 07:13:22'),
(138, 'vendor notifcation', 'vendor notifcation', 'PushNotification', 'OnlyVendors', NULL, '2021-02-04 07:16:05', '2021-02-04 07:16:05'),
(139, 'customer notifcation', 'customer notifcation', 'PushNotification', 'OnlyCustomer', NULL, '2021-02-04 07:16:46', '2021-02-04 07:16:46'),
(140, 'vendor new notification', 'vendor new notification', 'PushNotification', 'OnlyVendors', NULL, '2021-02-04 07:17:37', '2021-02-04 07:17:37'),
(141, 'What to include in your marketing plan', 'LivePlan asks you questions about your business, you plug in the answers. It\'s as easy as that. You\'ll get straight-forward instructions with examples on:\r\n\r\nWays to write a pitch that grabs investors\' attention\r\n\r\nWhat to include in your marketing plan\r\n\r\nEvery other essential piece of your business planLivePlan asks you questions about your business, you plug in the answers. It\'s as easy as that. You\'ll get straight-forward instructions with examples on:\r\n\r\nWays to write a pitch that grabs investors\' attention\r\n\r\nWhat to include in your marketing plan\r\n\r\nEvery other essential piece of your business planLivePlan asks you questions about your business, you plug in the answers. It\'s as easy as that. You\'ll get straight-forward instructions with examples on:\r\n\r\nWays to write a pitch that grabs investors\' attention\r\n\r\nWhat to include in your marketing plan\r\n\r\nEvery other essential piece of your business plan', 'PushNotification', 'OnlyVendors', NULL, '2021-02-04 07:18:42', '2021-02-04 07:18:42'),
(142, 'Notification Management', 'Notification Management', 'PushNotification', 'OnlyVendors', NULL, '2021-02-04 07:44:43', '2021-02-04 07:44:43'),
(143, 'Custom Black Index - vendor', 'push notification', 'PushNotification', 'OnlyVendors', NULL, '2021-02-04 08:03:36', '2021-02-04 08:03:36'),
(144, 'test', 'test', 'PushNotification', 'OnlyVendors', NULL, '2021-02-04 11:32:50', '2021-02-04 11:32:50'),
(145, 'New Notification', 'New Notification', 'PushNotification', 'OnlyVendors', NULL, '2021-02-04 11:37:09', '2021-02-04 11:37:09'),
(146, 'New Notification one', 'New Notification', 'PushNotification', 'AllUsers', NULL, '2021-02-04 11:38:19', '2021-02-04 11:38:19'),
(147, 'Notification Add', 'Notification Add', 'PushNotification', 'OnlyVendors', NULL, '2021-02-04 11:42:25', '2021-02-04 11:42:25'),
(148, 'add new', 'add new', 'PushNotification', 'AllUsers', NULL, '2021-02-04 11:44:33', '2021-02-04 11:44:33'),
(149, 'Depends on Status', 'Checking', 'PushNotification', 'AllUsers', NULL, '2021-02-04 13:42:32', '2021-02-04 13:42:32'),
(150, 'Debabrta Test based on Status', 'Test', 'PushNotification', 'OnlyVendors', NULL, '2021-02-05 08:05:19', '2021-02-05 08:05:19'),
(151, 'Status On Push Notification', 'Status On Push Notification', 'PushNotification', 'OnlyVendors', NULL, '2021-02-05 08:33:29', '2021-02-05 08:33:29'),
(152, 'Status Off Push Notification', 'Status Off Push Notification', 'PushNotification', 'OnlyVendors', NULL, '2021-02-05 08:34:35', '2021-02-05 08:34:35'),
(153, 'Noti Suk', 'Noti Suk', 'PushNotification', 'AllUsers', NULL, '2021-02-05 11:28:34', '2021-02-05 11:28:34'),
(154, 'Latest Noti suk', 'Latest Noti suk', 'PushNotification', 'AllUsers', NULL, '2021-02-05 11:30:52', '2021-02-05 11:30:52'),
(155, '“Arctic Global Seed Vault”', 'Lower-casing “the hidden” also helps to visually set off the words “Arctic Global Seed Vault,” making the push easier to parse at a glance. And the plant emoji confirms what we already expect: this is an article about seed storage in a very unexpected place.', 'PushNotification', 'OnlyCustomer', NULL, '2021-02-05 12:02:31', '2021-02-05 12:02:31'),
(156, 'Customer notification', 'Customer notification', 'PushNotification', 'OnlyCustomer', NULL, '2021-02-05 12:06:22', '2021-02-05 12:06:22'),
(157, 'Vendor notification', 'Vendor notification', 'PushNotification', 'OnlyVendors', NULL, '2021-02-05 12:13:11', '2021-02-05 12:13:11'),
(158, 'Vendor notification', 'Vendor notification', 'PushNotification', 'OnlyVendors', NULL, '2021-02-05 12:14:50', '2021-02-05 12:14:50'),
(159, 'Vendor notification', 'Vendor notification', 'PushNotification', 'OnlyVendors', NULL, '2021-02-05 12:28:25', '2021-02-05 12:28:25'),
(160, 'test', 'test', 'PushNotification', 'OnlyVendors', NULL, '2021-02-05 12:35:05', '2021-02-05 12:35:05'),
(161, 'Only Vendors', 'Only Vendors', 'PushNotification', 'OnlyVendors', NULL, '2021-02-05 12:36:28', '2021-02-05 12:36:28'),
(162, 'Template', 'Email Template check', 'E-mail', 'other', 'debnidhi.kuila@gmail.com', '2021-02-05 13:13:52', '2021-02-05 13:13:52'),
(164, 'global trade transactions', 'global trade transactions', 'PushNotification', 'OnlyVendors', NULL, '2021-02-08 07:06:27', '2021-02-08 07:06:27'),
(165, 'Only Customer', 'Only Customer', 'PushNotification', 'OnlyCustomer', NULL, '2021-02-08 07:24:50', '2021-02-08 07:24:50'),
(166, 'Only Vendors', 'Only Vendors', 'PushNotification', 'OnlyVendors', NULL, '2021-02-08 07:57:04', '2021-02-08 07:57:04'),
(167, 'test', 'test', 'PushNotification', 'OnlyVendors', NULL, '2021-02-08 07:58:48', '2021-02-08 07:58:48'),
(168, 'test', 'test', 'PushNotification', 'OnlyVendors', NULL, '2021-02-08 08:00:04', '2021-02-08 08:00:04'),
(169, '\"You need to clarify why you want to work with these customers\"', 'Desaulniers said too often people jump into launching their business without spending time to think about who their customers will be and why would want to buy from them or hire them.\r\n\r\n\"You need to clarify why you want to work with these customers – do you have a passion for making people\'s lives easier,\" Desaulniers said. \"Or enjoy creating art to bring color to their world? Identifying these answers helps clarify your mission. Third, you want to define how you will provide this value to your customers and how to communicate that value in a way that they are willing to pay.\" \r\n\r\nDuring the ideation phase, you need to iron out the major details. If the idea isn\'t something you\'re passionate about or if there\'s not a market for your creation, it might be time to brainstorm other ideas.', 'PushNotification', 'AllUsers', NULL, '2021-02-08 08:59:10', '2021-02-08 08:59:10'),
(170, 'Brainstorm your business name.', '\"You need to clarify why you want to work with these customers', 'PushNotification', 'OnlyVendors', NULL, '2021-02-08 09:00:07', '2021-02-08 09:00:07'),
(171, 'To refine your business idea, identify your \"why\", your target customers and your business name.', 'To refine your business idea, identify your \"why\", your target customers and your business name.', 'PushNotification', 'OnlyCustomer', NULL, '2021-02-08 09:01:26', '2021-02-08 09:01:26'),
(172, 'test', 'test', 'PushNotification', 'AllUsers', NULL, '2021-02-08 09:02:35', '2021-02-08 09:02:35'),
(173, 'I am present', 'I am present All users', 'PushNotification', 'AllUsers', NULL, '2021-02-10 12:53:15', '2021-02-10 12:53:15'),
(174, 'Again I am Present', 'Again I am Present', 'PushNotification', 'AllUsers', NULL, '2021-02-10 12:55:57', '2021-02-10 12:55:57');

-- --------------------------------------------------------

--
-- Table structure for table `da_notification_details`
--

CREATE TABLE `da_notification_details` (
  `id` int(11) NOT NULL,
  `notification_id` int(11) NOT NULL,
  `user_id` int(11) NOT NULL,
  `is_read` enum('0','1') NOT NULL DEFAULT '0',
  `is_deleted` enum('0','1') NOT NULL DEFAULT '0',
  `type` varchar(255) DEFAULT NULL,
  `created_at` timestamp NULL DEFAULT NULL,
  `updated_at` timestamp NULL DEFAULT NULL
) ENGINE=InnoDB DEFAULT CHARSET=latin1;

--
-- Dumping data for table `da_notification_details`
--

INSERT INTO `da_notification_details` (`id`, `notification_id`, `user_id`, `is_read`, `is_deleted`, `type`, `created_at`, `updated_at`) VALUES
(1, 17, 9, '0', '1', '', '2021-01-06 18:30:00', '2021-01-28 05:24:04'),
(2, 17, 107, '1', '1', '', '2021-01-07 18:30:00', '2021-01-08 01:45:44'),
(3, 21, 19, '0', '0', '', '2021-01-05 18:30:00', '2021-01-05 18:30:00'),
(4, 2, 107, '1', '1', '', '2021-01-03 18:30:00', '2021-01-11 01:48:04'),
(5, 4, 107, '0', '1', '', '2021-01-02 18:30:00', '2021-01-08 01:36:22'),
(6, 17, 13, '1', '1', '', '2021-01-02 18:30:00', '2021-01-28 12:06:58'),
(7, 2, 13, '1', '1', '', '2021-01-03 18:30:00', '2021-01-28 12:14:34'),
(8, 1, 13, '0', '1', '', '2021-01-02 18:30:00', '2021-01-28 12:07:09'),
(9, 4, 13, '0', '1', '', '2021-01-03 18:30:00', '2021-01-28 12:13:20'),
(10, 5, 13, '1', '1', '', '2021-01-02 18:30:00', '2021-01-28 12:13:39'),
(11, 6, 13, '0', '1', '', '2021-01-03 18:30:00', '2021-01-28 12:14:38'),
(12, 7, 13, '0', '1', '', '2021-01-02 18:30:00', '2021-01-29 11:21:11'),
(13, 8, 13, '1', '0', '', '2021-01-03 18:30:00', '2021-02-04 06:35:14'),
(14, 18, 13, '0', '1', '', '2021-01-02 18:30:00', '2021-01-29 11:21:08'),
(15, 19, 13, '1', '0', '', '2021-01-03 18:30:00', '2021-02-02 05:00:46'),
(16, 34, 9, '0', '0', NULL, '2021-01-08 07:42:27', '2021-01-08 07:42:27'),
(17, 34, 107, '0', '0', NULL, '2021-01-08 07:42:27', '2021-01-08 07:42:27'),
(18, 35, 13, '0', '0', NULL, '2021-01-11 07:49:45', '2021-01-28 11:46:25'),
(19, 42, 9, '0', '0', NULL, '2021-01-11 23:46:54', '2021-01-11 23:46:54'),
(20, 42, 107, '0', '0', NULL, '2021-01-11 23:46:55', '2021-01-11 23:46:55'),
(21, 47, 13, '1', '0', NULL, '2021-01-28 14:00:36', '2021-02-02 05:00:58'),
(22, 47, 199, '0', '0', NULL, '2021-01-28 14:00:36', '2021-01-28 14:00:36'),
(23, 47, 220, '0', '1', NULL, '2021-01-28 14:00:36', '2021-01-29 05:54:14'),
(24, 48, 13, '1', '0', NULL, '2021-01-28 14:01:03', '2021-02-02 05:01:33'),
(25, 48, 199, '0', '0', NULL, '2021-01-28 14:01:03', '2021-01-28 14:01:03'),
(26, 48, 220, '0', '1', NULL, '2021-01-28 14:01:03', '2021-01-29 05:54:14'),
(27, 50, 13, '0', '0', NULL, '2021-01-28 14:21:29', '2021-01-28 14:24:05'),
(28, 50, 199, '0', '0', NULL, '2021-01-28 14:21:29', '2021-01-28 14:21:29'),
(29, 50, 209, '0', '0', NULL, '2021-01-28 14:21:29', '2021-01-28 14:21:29'),
(30, 50, 218, '0', '0', NULL, '2021-01-28 14:21:29', '2021-01-28 14:21:29'),
(31, 50, 220, '0', '1', NULL, '2021-01-28 14:21:29', '2021-01-29 05:54:14'),
(32, 51, 13, '0', '0', NULL, '2021-01-29 05:52:32', '2021-01-29 05:52:32'),
(33, 51, 199, '0', '0', NULL, '2021-01-29 05:52:32', '2021-01-29 05:52:32'),
(34, 51, 220, '1', '1', NULL, '2021-01-29 05:52:32', '2021-01-29 05:54:02'),
(35, 55, 209, '0', '0', NULL, '2021-01-29 06:13:59', '2021-01-29 06:13:59'),
(36, 55, 216, '1', '0', NULL, '2021-01-29 06:13:59', '2021-01-29 06:29:54'),
(37, 55, 218, '0', '0', NULL, '2021-01-29 06:13:59', '2021-01-29 06:13:59'),
(38, 57, 209, '0', '0', NULL, '2021-01-29 06:29:01', '2021-01-29 06:29:01'),
(39, 57, 216, '1', '0', NULL, '2021-01-29 06:29:01', '2021-01-29 06:30:08'),
(40, 57, 218, '0', '0', NULL, '2021-01-29 06:29:01', '2021-01-29 06:29:01'),
(41, 58, 209, '0', '0', NULL, '2021-01-29 06:30:42', '2021-01-29 06:30:42'),
(42, 58, 216, '1', '0', NULL, '2021-01-29 06:30:42', '2021-01-29 06:30:58'),
(43, 58, 218, '0', '0', NULL, '2021-01-29 06:30:42', '2021-01-29 06:30:42'),
(44, 59, 209, '0', '0', NULL, '2021-01-29 06:32:46', '2021-01-29 06:32:46'),
(45, 59, 216, '1', '0', NULL, '2021-01-29 06:32:46', '2021-01-29 06:34:09'),
(46, 59, 218, '0', '0', NULL, '2021-01-29 06:32:47', '2021-01-29 06:32:47'),
(47, 67, 13, '1', '0', NULL, '2021-01-29 06:47:26', '2021-01-29 12:11:39'),
(48, 67, 199, '0', '0', NULL, '2021-01-29 06:47:26', '2021-01-29 06:47:26'),
(49, 67, 220, '1', '1', NULL, '2021-01-29 06:47:26', '2021-02-08 09:00:28'),
(50, 68, 13, '1', '0', NULL, '2021-01-29 06:48:03', '2021-01-29 07:02:16'),
(51, 68, 199, '0', '0', NULL, '2021-01-29 06:48:03', '2021-01-29 06:48:03'),
(52, 68, 220, '1', '1', NULL, '2021-01-29 06:48:03', '2021-02-08 09:00:28'),
(53, 69, 209, '0', '0', NULL, '2021-01-29 06:49:22', '2021-01-29 06:49:22'),
(54, 69, 216, '1', '0', NULL, '2021-01-29 06:49:22', '2021-01-29 06:49:31'),
(55, 69, 218, '0', '0', NULL, '2021-01-29 06:49:22', '2021-01-29 06:49:22'),
(56, 70, 209, '0', '0', NULL, '2021-01-29 06:50:01', '2021-01-29 06:50:01'),
(57, 70, 216, '1', '0', NULL, '2021-01-29 06:50:01', '2021-01-29 06:50:13'),
(58, 70, 218, '0', '0', NULL, '2021-01-29 06:50:01', '2021-01-29 06:50:01'),
(59, 72, 13, '1', '0', NULL, '2021-01-29 07:31:21', '2021-01-29 07:34:28'),
(60, 72, 199, '0', '0', NULL, '2021-01-29 07:31:21', '2021-01-29 07:31:21'),
(61, 73, 13, '1', '0', NULL, '2021-01-29 07:41:27', '2021-02-04 07:50:58'),
(62, 73, 199, '0', '0', NULL, '2021-01-29 07:41:27', '2021-01-29 07:41:27'),
(63, 73, 220, '1', '1', NULL, '2021-01-29 07:41:27', '2021-02-08 09:00:28'),
(64, 74, 209, '0', '0', NULL, '2021-01-29 07:42:49', '2021-01-29 07:42:49'),
(66, 74, 218, '0', '0', NULL, '2021-01-29 07:42:49', '2021-01-29 07:42:49'),
(71, 97, 13, '1', '0', NULL, '2021-01-29 12:14:12', '2021-01-29 12:14:49'),
(72, 97, 183, '0', '1', NULL, '2021-01-29 12:14:12', '2021-02-02 14:25:59'),
(73, 97, 199, '0', '0', NULL, '2021-01-29 12:14:12', '2021-01-29 12:14:12'),
(74, 97, 220, '1', '1', NULL, '2021-01-29 12:14:12', '2021-02-08 09:00:28'),
(75, 98, 13, '1', '0', NULL, '2021-01-29 12:29:42', '2021-02-04 07:50:49'),
(76, 98, 183, '0', '1', NULL, '2021-01-29 12:29:42', '2021-02-02 14:25:59'),
(77, 98, 199, '0', '0', NULL, '2021-01-29 12:29:42', '2021-01-29 12:29:42'),
(78, 98, 220, '1', '1', NULL, '2021-01-29 12:29:42', '2021-02-08 09:00:28'),
(79, 99, 13, '1', '0', NULL, '2021-01-29 12:30:34', '2021-02-04 07:50:54'),
(80, 99, 183, '0', '1', NULL, '2021-01-29 12:30:34', '2021-02-02 14:25:59'),
(81, 99, 199, '0', '0', NULL, '2021-01-29 12:30:34', '2021-01-29 12:30:34'),
(82, 99, 220, '1', '1', NULL, '2021-01-29 12:30:34', '2021-02-08 09:00:28'),
(83, 101, 13, '1', '0', NULL, '2021-01-29 12:34:06', '2021-02-04 07:51:03'),
(84, 101, 183, '0', '1', NULL, '2021-01-29 12:34:06', '2021-02-02 14:25:59'),
(85, 101, 199, '0', '0', NULL, '2021-01-29 12:34:06', '2021-01-29 12:34:06'),
(86, 101, 209, '0', '0', NULL, '2021-01-29 12:34:06', '2021-01-29 12:34:06'),
(87, 101, 216, '0', '0', NULL, '2021-01-29 12:34:06', '2021-01-29 12:34:06'),
(88, 101, 218, '0', '0', NULL, '2021-01-29 12:34:06', '2021-01-29 12:34:06'),
(89, 101, 220, '1', '1', NULL, '2021-01-29 12:34:06', '2021-02-08 09:00:28'),
(90, 102, 13, '0', '0', NULL, '2021-01-29 12:34:38', '2021-01-29 12:34:38'),
(91, 102, 183, '0', '1', NULL, '2021-01-29 12:34:38', '2021-02-02 14:25:59'),
(92, 102, 199, '0', '0', NULL, '2021-01-29 12:34:38', '2021-01-29 12:34:38'),
(93, 102, 209, '0', '0', NULL, '2021-01-29 12:34:38', '2021-01-29 12:34:38'),
(94, 102, 216, '0', '0', NULL, '2021-01-29 12:34:38', '2021-01-29 12:34:38'),
(95, 102, 218, '0', '0', NULL, '2021-01-29 12:34:38', '2021-01-29 12:34:38'),
(96, 102, 220, '1', '1', NULL, '2021-01-29 12:34:38', '2021-02-08 09:00:28'),
(97, 103, 13, '1', '0', NULL, '2021-01-29 12:37:52', '2021-01-29 12:50:59'),
(98, 103, 183, '0', '1', NULL, '2021-01-29 12:37:53', '2021-02-02 14:25:59'),
(99, 103, 199, '1', '0', NULL, '2021-01-29 12:37:53', '2021-01-29 12:40:07'),
(100, 103, 209, '0', '0', NULL, '2021-01-29 12:37:53', '2021-01-29 12:37:53'),
(101, 103, 216, '0', '0', NULL, '2021-01-29 12:37:53', '2021-01-29 12:37:53'),
(102, 103, 218, '0', '0', NULL, '2021-01-29 12:37:53', '2021-01-29 12:37:53'),
(103, 103, 220, '1', '1', NULL, '2021-01-29 12:37:53', '2021-02-08 09:00:28'),
(104, 104, 209, '0', '0', NULL, '2021-01-29 12:41:37', '2021-01-29 12:41:37'),
(105, 104, 216, '0', '0', NULL, '2021-01-29 12:41:37', '2021-01-29 12:41:37'),
(106, 104, 218, '0', '0', NULL, '2021-01-29 12:41:37', '2021-01-29 12:41:37'),
(107, 105, 13, '0', '0', NULL, '2021-01-29 12:43:05', '2021-01-29 12:43:05'),
(108, 105, 183, '0', '1', NULL, '2021-01-29 12:43:05', '2021-02-02 14:25:59'),
(109, 105, 199, '0', '0', NULL, '2021-01-29 12:43:05', '2021-01-29 12:43:05'),
(110, 105, 220, '1', '1', NULL, '2021-01-29 12:43:05', '2021-02-08 09:00:28'),
(111, 106, 13, '0', '0', NULL, '2021-01-29 12:46:01', '2021-01-29 12:46:01'),
(112, 106, 183, '0', '1', NULL, '2021-01-29 12:46:01', '2021-02-02 14:25:59'),
(113, 106, 199, '0', '0', NULL, '2021-01-29 12:46:01', '2021-01-29 12:46:01'),
(114, 106, 220, '1', '1', NULL, '2021-01-29 12:46:01', '2021-02-08 09:00:28'),
(115, 107, 209, '0', '0', NULL, '2021-01-29 13:26:38', '2021-01-29 13:26:38'),
(116, 107, 216, '0', '0', NULL, '2021-01-29 13:26:38', '2021-01-29 13:26:38'),
(117, 107, 218, '0', '0', NULL, '2021-01-29 13:26:38', '2021-01-29 13:26:38'),
(118, 108, 13, '0', '0', NULL, '2021-01-31 16:23:19', '2021-01-31 16:23:19'),
(119, 108, 199, '0', '0', NULL, '2021-01-31 16:23:19', '2021-01-31 16:23:19'),
(120, 108, 220, '0', '1', NULL, '2021-01-31 16:23:19', '2021-02-08 09:00:28'),
(121, 109, 13, '0', '0', NULL, '2021-02-02 13:03:23', '2021-02-02 13:03:23'),
(122, 109, 199, '0', '0', NULL, '2021-02-02 13:03:23', '2021-02-02 13:03:23'),
(123, 109, 220, '0', '1', NULL, '2021-02-02 13:03:23', '2021-02-08 09:00:28'),
(124, 110, 13, '0', '0', NULL, '2021-02-02 13:11:17', '2021-02-02 13:11:17'),
(125, 110, 199, '0', '0', NULL, '2021-02-02 13:11:17', '2021-02-02 13:11:17'),
(126, 110, 220, '0', '1', NULL, '2021-02-02 13:11:17', '2021-02-08 09:00:28'),
(127, 111, 13, '0', '0', NULL, '2021-02-02 13:24:25', '2021-02-02 13:24:25'),
(128, 111, 183, '0', '1', NULL, '2021-02-02 13:24:25', '2021-02-02 14:25:59'),
(129, 111, 199, '0', '0', NULL, '2021-02-02 13:24:25', '2021-02-02 13:24:25'),
(130, 111, 220, '0', '1', NULL, '2021-02-02 13:24:25', '2021-02-08 09:00:28'),
(131, 112, 13, '0', '0', NULL, '2021-02-02 13:26:55', '2021-02-02 13:26:55'),
(132, 112, 183, '0', '1', NULL, '2021-02-02 13:26:55', '2021-02-02 14:25:59'),
(133, 112, 199, '0', '0', NULL, '2021-02-02 13:26:55', '2021-02-02 13:26:55'),
(134, 112, 220, '0', '1', NULL, '2021-02-02 13:26:55', '2021-02-08 09:00:28'),
(135, 113, 13, '1', '1', NULL, '2021-02-02 14:06:58', '2021-02-04 07:52:00'),
(136, 113, 183, '0', '1', NULL, '2021-02-02 14:06:58', '2021-02-02 14:25:59'),
(137, 113, 199, '0', '0', NULL, '2021-02-02 14:06:58', '2021-02-02 14:06:58'),
(138, 113, 220, '0', '1', NULL, '2021-02-02 14:06:58', '2021-02-08 09:00:28'),
(139, 115, 183, '0', '0', NULL, '2021-02-02 15:11:33', '2021-02-02 15:11:33'),
(140, 115, 13, '0', '0', NULL, '2021-02-02 15:11:33', '2021-02-02 15:11:33'),
(141, 115, 199, '0', '0', NULL, '2021-02-02 15:11:33', '2021-02-02 15:11:33'),
(142, 115, 220, '0', '1', NULL, '2021-02-02 15:11:33', '2021-02-08 09:00:28'),
(143, 116, 107, '0', '0', NULL, '2021-02-02 15:23:02', '2021-02-02 15:23:02'),
(144, 116, 209, '0', '0', NULL, '2021-02-02 15:23:02', '2021-02-02 15:23:02'),
(145, 116, 216, '0', '0', NULL, '2021-02-02 15:23:02', '2021-02-02 15:23:02'),
(146, 116, 218, '0', '0', NULL, '2021-02-02 15:23:02', '2021-02-02 15:23:02'),
(147, 117, 179, '1', '1', NULL, '2021-02-02 15:41:46', '2021-02-10 04:46:19'),
(148, 117, 107, '0', '0', NULL, '2021-02-02 15:41:46', '2021-02-02 15:41:46'),
(149, 117, 209, '0', '0', NULL, '2021-02-02 15:41:46', '2021-02-02 15:41:46'),
(150, 117, 216, '0', '0', NULL, '2021-02-02 15:41:46', '2021-02-02 15:41:46'),
(151, 117, 218, '0', '0', NULL, '2021-02-02 15:41:46', '2021-02-02 15:41:46'),
(152, 118, 114, '0', '1', NULL, '2021-02-03 06:28:42', '2021-03-04 09:26:55'),
(153, 118, 115, '0', '1', NULL, '2021-02-03 06:28:42', '2021-02-04 11:57:16'),
(154, 118, 179, '0', '1', NULL, '2021-02-03 06:28:42', '2021-02-10 04:46:26'),
(155, 118, 188, '0', '0', NULL, '2021-02-03 06:28:42', '2021-02-03 06:28:42'),
(156, 118, 240, '0', '0', NULL, '2021-02-03 06:28:42', '2021-02-03 06:28:42'),
(157, 118, 13, '0', '0', NULL, '2021-02-03 06:28:43', '2021-02-03 06:28:43'),
(158, 118, 107, '0', '0', NULL, '2021-02-03 06:28:43', '2021-02-03 06:28:43'),
(159, 118, 183, '0', '0', NULL, '2021-02-03 06:28:43', '2021-02-03 06:28:43'),
(160, 118, 199, '0', '0', NULL, '2021-02-03 06:28:43', '2021-02-03 06:28:43'),
(161, 118, 209, '0', '0', NULL, '2021-02-03 06:28:43', '2021-02-03 06:28:43'),
(162, 118, 216, '0', '0', NULL, '2021-02-03 06:28:43', '2021-02-03 06:28:43'),
(163, 118, 218, '0', '0', NULL, '2021-02-03 06:28:43', '2021-02-03 06:28:43'),
(164, 118, 220, '0', '1', NULL, '2021-02-03 06:28:43', '2021-02-08 09:00:28'),
(165, 118, 239, '0', '0', NULL, '2021-02-03 06:28:43', '2021-02-03 06:28:43'),
(166, 119, 114, '0', '1', NULL, '2021-02-03 06:33:54', '2021-03-04 09:26:55'),
(167, 119, 115, '0', '1', NULL, '2021-02-03 06:33:54', '2021-02-04 11:57:20'),
(168, 119, 188, '0', '0', NULL, '2021-02-03 06:33:54', '2021-02-03 06:33:54'),
(169, 119, 13, '1', '0', NULL, '2021-02-03 06:33:55', '2021-02-04 06:30:27'),
(170, 119, 183, '1', '0', NULL, '2021-02-03 06:33:55', '2021-02-04 12:46:35'),
(171, 119, 199, '0', '0', NULL, '2021-02-03 06:33:55', '2021-02-03 06:33:55'),
(172, 119, 220, '0', '1', NULL, '2021-02-03 06:33:55', '2021-02-08 09:00:28'),
(173, 120, 114, '0', '1', NULL, '2021-02-03 06:35:32', '2021-03-04 09:26:55'),
(174, 120, 115, '0', '1', NULL, '2021-02-03 06:35:32', '2021-02-04 11:57:30'),
(175, 120, 188, '0', '0', NULL, '2021-02-03 06:35:32', '2021-02-03 06:35:32'),
(176, 120, 13, '1', '0', NULL, '2021-02-03 06:35:32', '2021-02-04 06:24:32'),
(177, 120, 183, '1', '0', NULL, '2021-02-03 06:35:32', '2021-02-04 12:47:17'),
(178, 120, 199, '0', '0', NULL, '2021-02-03 06:35:32', '2021-02-03 06:35:32'),
(179, 120, 220, '0', '1', NULL, '2021-02-03 06:35:32', '2021-02-08 09:00:28'),
(180, 122, 114, '0', '1', NULL, '2021-02-03 10:57:28', '2021-03-04 09:26:55'),
(181, 122, 115, '0', '1', NULL, '2021-02-03 10:57:28', '2021-02-04 11:57:38'),
(182, 122, 188, '0', '0', NULL, '2021-02-03 10:57:28', '2021-02-03 10:57:28'),
(183, 122, 13, '1', '0', NULL, '2021-02-03 10:57:28', '2021-02-04 06:09:30'),
(184, 122, 183, '0', '1', NULL, '2021-02-03 10:57:28', '2021-02-04 11:57:14'),
(185, 122, 199, '0', '0', NULL, '2021-02-03 10:57:28', '2021-02-03 10:57:28'),
(186, 122, 220, '0', '1', NULL, '2021-02-03 10:57:28', '2021-02-08 09:00:28'),
(187, 129, 114, '0', '1', NULL, '2021-02-04 06:31:29', '2021-03-04 09:26:55'),
(188, 129, 115, '0', '1', NULL, '2021-02-04 06:31:29', '2021-02-04 11:57:50'),
(189, 129, 183, '0', '0', NULL, '2021-02-04 06:31:29', '2021-02-04 06:31:29'),
(190, 129, 188, '0', '0', NULL, '2021-02-04 06:31:29', '2021-02-04 06:31:29'),
(191, 129, 13, '1', '0', NULL, '2021-02-04 06:31:29', '2021-02-04 06:35:05'),
(192, 129, 199, '0', '0', NULL, '2021-02-04 06:31:29', '2021-02-04 06:31:29'),
(193, 129, 220, '0', '1', NULL, '2021-02-04 06:31:29', '2021-02-08 09:00:28'),
(194, 130, 114, '0', '1', NULL, '2021-02-04 06:33:23', '2021-03-04 09:26:55'),
(195, 130, 115, '0', '1', NULL, '2021-02-04 06:33:23', '2021-02-04 11:57:53'),
(196, 130, 183, '1', '0', NULL, '2021-02-04 06:33:23', '2021-02-04 12:47:20'),
(197, 130, 188, '0', '0', NULL, '2021-02-04 06:33:23', '2021-02-04 06:33:23'),
(198, 130, 13, '1', '0', NULL, '2021-02-04 06:33:23', '2021-02-04 06:34:16'),
(199, 130, 199, '0', '0', NULL, '2021-02-04 06:33:23', '2021-02-04 06:33:23'),
(200, 130, 220, '0', '1', NULL, '2021-02-04 06:33:23', '2021-02-08 09:00:28'),
(201, 131, 107, '0', '0', NULL, '2021-02-04 07:05:16', '2021-02-04 07:05:16'),
(202, 131, 209, '0', '0', NULL, '2021-02-04 07:05:16', '2021-02-04 07:05:16'),
(203, 131, 216, '1', '0', NULL, '2021-02-04 07:05:16', '2021-02-04 07:05:53'),
(204, 131, 218, '0', '0', NULL, '2021-02-04 07:05:16', '2021-02-04 07:05:16'),
(205, 131, 243, '0', '0', NULL, '2021-02-04 07:05:16', '2021-02-04 07:05:16'),
(206, 131, 244, '0', '0', NULL, '2021-02-04 07:05:16', '2021-02-04 07:05:16'),
(207, 131, 245, '0', '0', NULL, '2021-02-04 07:05:16', '2021-02-04 07:05:16'),
(208, 132, 107, '0', '0', NULL, '2021-02-04 07:06:22', '2021-02-04 07:06:22'),
(209, 132, 209, '0', '0', NULL, '2021-02-04 07:06:22', '2021-02-04 07:06:22'),
(210, 132, 216, '1', '0', NULL, '2021-02-04 07:06:22', '2021-02-04 07:06:48'),
(211, 132, 218, '0', '0', NULL, '2021-02-04 07:06:22', '2021-02-04 07:06:22'),
(212, 132, 243, '0', '0', NULL, '2021-02-04 07:06:22', '2021-02-04 07:06:22'),
(213, 132, 244, '0', '0', NULL, '2021-02-04 07:06:22', '2021-02-04 07:06:22'),
(214, 132, 245, '0', '0', NULL, '2021-02-04 07:06:22', '2021-02-04 07:06:22'),
(215, 133, 13, '0', '0', NULL, '2021-02-04 07:07:17', '2021-02-04 07:07:17'),
(216, 133, 114, '0', '1', NULL, '2021-02-04 07:07:17', '2021-03-04 09:26:55'),
(217, 133, 115, '0', '1', NULL, '2021-02-04 07:07:17', '2021-02-04 11:57:08'),
(218, 133, 183, '0', '0', NULL, '2021-02-04 07:07:17', '2021-02-04 07:07:17'),
(219, 133, 188, '0', '0', NULL, '2021-02-04 07:07:17', '2021-02-04 07:07:17'),
(220, 133, 199, '0', '0', NULL, '2021-02-04 07:07:17', '2021-02-04 07:07:17'),
(221, 133, 220, '1', '1', NULL, '2021-02-04 07:07:17', '2021-02-08 09:00:28'),
(222, 134, 13, '0', '1', NULL, '2021-02-04 07:09:10', '2021-02-04 07:51:11'),
(223, 134, 114, '0', '1', NULL, '2021-02-04 07:09:10', '2021-03-04 09:26:55'),
(224, 134, 115, '0', '1', NULL, '2021-02-04 07:09:10', '2021-02-04 11:57:01'),
(225, 134, 183, '0', '0', NULL, '2021-02-04 07:09:10', '2021-02-04 07:09:10'),
(226, 134, 188, '0', '0', NULL, '2021-02-04 07:09:10', '2021-02-04 07:09:10'),
(227, 134, 199, '0', '0', NULL, '2021-02-04 07:09:10', '2021-02-04 07:09:10'),
(228, 134, 220, '1', '1', NULL, '2021-02-04 07:09:10', '2021-02-08 09:00:28'),
(229, 135, 107, '0', '0', NULL, '2021-02-04 07:09:45', '2021-02-04 07:09:45'),
(230, 135, 209, '0', '0', NULL, '2021-02-04 07:09:45', '2021-02-04 07:09:45'),
(231, 135, 216, '0', '0', NULL, '2021-02-04 07:09:45', '2021-02-04 07:09:45'),
(232, 135, 218, '0', '0', NULL, '2021-02-04 07:09:45', '2021-02-04 07:09:45'),
(233, 135, 243, '0', '0', NULL, '2021-02-04 07:09:45', '2021-02-04 07:09:45'),
(234, 135, 244, '0', '0', NULL, '2021-02-04 07:09:45', '2021-02-04 07:09:45'),
(235, 135, 245, '0', '0', NULL, '2021-02-04 07:09:45', '2021-02-04 07:09:45'),
(236, 136, 13, '0', '0', NULL, '2021-02-04 07:11:02', '2021-02-04 07:11:02'),
(237, 136, 114, '0', '1', NULL, '2021-02-04 07:11:02', '2021-03-04 09:26:55'),
(238, 136, 115, '0', '1', NULL, '2021-02-04 07:11:02', '2021-02-04 11:56:55'),
(239, 136, 179, '0', '0', NULL, '2021-02-04 07:11:02', '2021-02-04 07:11:02'),
(240, 136, 183, '0', '0', NULL, '2021-02-04 07:11:02', '2021-02-04 07:11:02'),
(241, 136, 188, '0', '0', NULL, '2021-02-04 07:11:02', '2021-02-04 07:11:02'),
(242, 136, 240, '0', '0', NULL, '2021-02-04 07:11:02', '2021-02-04 07:11:02'),
(243, 136, 107, '0', '0', NULL, '2021-02-04 07:11:03', '2021-02-04 07:11:03'),
(244, 136, 199, '0', '0', NULL, '2021-02-04 07:11:03', '2021-02-04 07:11:03'),
(245, 136, 209, '0', '0', NULL, '2021-02-04 07:11:03', '2021-02-04 07:11:03'),
(246, 136, 216, '0', '0', NULL, '2021-02-04 07:11:03', '2021-02-04 07:11:03'),
(247, 136, 218, '0', '0', NULL, '2021-02-04 07:11:03', '2021-02-04 07:11:03'),
(248, 136, 220, '1', '1', NULL, '2021-02-04 07:11:03', '2021-02-08 09:00:28'),
(249, 136, 239, '0', '0', NULL, '2021-02-04 07:11:03', '2021-02-04 07:11:03'),
(250, 136, 243, '0', '0', NULL, '2021-02-04 07:11:03', '2021-02-04 07:11:03'),
(251, 136, 244, '0', '0', NULL, '2021-02-04 07:11:03', '2021-02-04 07:11:03'),
(252, 136, 245, '0', '0', NULL, '2021-02-04 07:11:03', '2021-02-04 07:11:03'),
(253, 137, 13, '0', '0', NULL, '2021-02-04 07:13:23', '2021-02-04 07:13:23'),
(254, 137, 114, '0', '1', NULL, '2021-02-04 07:13:23', '2021-03-04 09:26:55'),
(255, 137, 115, '0', '1', NULL, '2021-02-04 07:13:23', '2021-02-04 11:56:59'),
(256, 137, 179, '0', '0', NULL, '2021-02-04 07:13:23', '2021-02-04 07:13:23'),
(257, 137, 183, '0', '0', NULL, '2021-02-04 07:13:23', '2021-02-04 07:13:23'),
(258, 137, 188, '0', '0', NULL, '2021-02-04 07:13:23', '2021-02-04 07:13:23'),
(259, 137, 240, '0', '0', NULL, '2021-02-04 07:13:23', '2021-02-04 07:13:23'),
(260, 137, 107, '0', '0', NULL, '2021-02-04 07:13:24', '2021-02-04 07:13:24'),
(261, 137, 199, '0', '0', NULL, '2021-02-04 07:13:24', '2021-02-04 07:13:24'),
(262, 137, 209, '0', '0', NULL, '2021-02-04 07:13:24', '2021-02-04 07:13:24'),
(263, 137, 216, '0', '0', NULL, '2021-02-04 07:13:24', '2021-02-04 07:13:24'),
(264, 137, 218, '0', '0', NULL, '2021-02-04 07:13:24', '2021-02-04 07:13:24'),
(265, 137, 220, '0', '1', NULL, '2021-02-04 07:13:24', '2021-02-08 09:00:28'),
(266, 137, 239, '0', '0', NULL, '2021-02-04 07:13:24', '2021-02-04 07:13:24'),
(267, 137, 243, '0', '0', NULL, '2021-02-04 07:13:24', '2021-02-04 07:13:24'),
(268, 137, 244, '0', '0', NULL, '2021-02-04 07:13:24', '2021-02-04 07:13:24'),
(269, 137, 245, '0', '0', NULL, '2021-02-04 07:13:24', '2021-02-04 07:13:24'),
(270, 138, 13, '1', '1', NULL, '2021-02-04 07:16:05', '2021-02-04 07:51:38'),
(271, 138, 114, '0', '1', NULL, '2021-02-04 07:16:05', '2021-03-04 09:26:55'),
(272, 138, 115, '0', '1', NULL, '2021-02-04 07:16:05', '2021-02-04 11:57:58'),
(273, 138, 183, '0', '0', NULL, '2021-02-04 07:16:05', '2021-02-04 07:16:05'),
(274, 138, 188, '0', '0', NULL, '2021-02-04 07:16:05', '2021-02-04 07:16:05'),
(275, 138, 199, '0', '0', NULL, '2021-02-04 07:16:05', '2021-02-04 07:16:05'),
(276, 138, 220, '0', '1', NULL, '2021-02-04 07:16:05', '2021-02-08 09:00:28'),
(277, 139, 107, '1', '0', NULL, '2021-02-04 07:16:47', '2021-02-05 11:32:05'),
(278, 139, 209, '0', '0', NULL, '2021-02-04 07:16:47', '2021-02-04 07:16:47'),
(279, 139, 216, '0', '0', NULL, '2021-02-04 07:16:47', '2021-02-04 07:16:47'),
(280, 139, 218, '0', '0', NULL, '2021-02-04 07:16:47', '2021-02-04 07:16:47'),
(281, 139, 243, '0', '0', NULL, '2021-02-04 07:16:47', '2021-02-04 07:16:47'),
(282, 139, 244, '0', '0', NULL, '2021-02-04 07:16:47', '2021-02-04 07:16:47'),
(283, 139, 245, '0', '0', NULL, '2021-02-04 07:16:47', '2021-02-04 07:16:47'),
(284, 140, 13, '1', '1', NULL, '2021-02-04 07:17:37', '2021-02-04 07:51:24'),
(285, 140, 114, '0', '1', NULL, '2021-02-04 07:17:37', '2021-03-04 09:26:55'),
(286, 140, 115, '0', '1', NULL, '2021-02-04 07:17:38', '2021-02-04 11:58:01'),
(287, 140, 183, '0', '0', NULL, '2021-02-04 07:17:38', '2021-02-04 07:17:38'),
(288, 140, 188, '0', '0', NULL, '2021-02-04 07:17:38', '2021-02-04 07:17:38'),
(289, 140, 199, '0', '0', NULL, '2021-02-04 07:17:38', '2021-02-04 07:17:38'),
(290, 140, 220, '0', '1', NULL, '2021-02-04 07:17:38', '2021-02-08 09:00:28'),
(291, 141, 13, '1', '1', NULL, '2021-02-04 07:18:43', '2021-02-04 07:50:41'),
(292, 141, 114, '0', '1', NULL, '2021-02-04 07:18:43', '2021-03-04 09:26:55'),
(293, 141, 115, '0', '1', NULL, '2021-02-04 07:18:43', '2021-02-04 11:57:12'),
(294, 141, 183, '1', '1', NULL, '2021-02-04 07:18:43', '2021-02-04 11:55:45'),
(295, 141, 188, '0', '0', NULL, '2021-02-04 07:18:43', '2021-02-04 07:18:43'),
(296, 141, 199, '0', '0', NULL, '2021-02-04 07:18:44', '2021-02-04 07:18:44'),
(297, 141, 220, '1', '1', NULL, '2021-02-04 07:18:44', '2021-02-08 09:00:28'),
(298, 142, 13, '0', '1', NULL, '2021-02-04 07:44:43', '2021-02-04 07:50:20'),
(299, 142, 114, '0', '1', NULL, '2021-02-04 07:44:43', '2021-03-04 09:26:55'),
(300, 142, 115, '1', '1', NULL, '2021-02-04 07:44:43', '2021-02-04 11:56:34'),
(301, 142, 183, '1', '0', NULL, '2021-02-04 07:44:43', '2021-02-04 12:45:53'),
(302, 142, 188, '0', '0', NULL, '2021-02-04 07:44:43', '2021-02-04 07:44:43'),
(303, 142, 199, '0', '0', NULL, '2021-02-04 07:44:43', '2021-02-04 07:44:43'),
(304, 142, 220, '0', '1', NULL, '2021-02-04 07:44:43', '2021-02-08 09:00:28'),
(305, 143, 114, '0', '1', NULL, '2021-02-04 08:03:36', '2021-03-04 09:26:55'),
(306, 143, 115, '1', '1', NULL, '2021-02-04 08:03:36', '2021-02-04 11:56:38'),
(307, 143, 183, '1', '0', NULL, '2021-02-04 08:03:36', '2021-02-04 12:46:50'),
(308, 143, 188, '0', '0', NULL, '2021-02-04 08:03:36', '2021-02-04 08:03:36'),
(309, 143, 13, '0', '0', NULL, '2021-02-04 08:03:36', '2021-02-04 08:03:36'),
(310, 143, 199, '0', '0', NULL, '2021-02-04 08:03:36', '2021-02-04 08:03:36'),
(311, 143, 220, '0', '1', NULL, '2021-02-04 08:03:36', '2021-02-08 09:00:28'),
(312, 144, 13, '0', '0', NULL, '2021-02-04 11:32:51', '2021-02-04 11:32:51'),
(313, 144, 114, '0', '1', NULL, '2021-02-04 11:32:51', '2021-03-04 09:26:55'),
(314, 144, 115, '1', '1', NULL, '2021-02-04 11:32:51', '2021-02-04 11:56:41'),
(315, 144, 188, '0', '0', NULL, '2021-02-04 11:32:51', '2021-02-04 11:32:51'),
(316, 144, 183, '1', '0', NULL, '2021-02-04 11:32:51', '2021-02-04 12:45:47'),
(317, 144, 199, '0', '0', NULL, '2021-02-04 11:32:51', '2021-02-04 11:32:51'),
(318, 144, 220, '0', '1', NULL, '2021-02-04 11:32:51', '2021-02-08 09:00:28'),
(319, 145, 13, '0', '0', NULL, '2021-02-04 11:37:12', '2021-02-04 11:37:12'),
(320, 145, 114, '0', '1', NULL, '2021-02-04 11:37:12', '2021-03-04 09:26:55'),
(321, 145, 115, '0', '1', NULL, '2021-02-04 11:37:12', '2021-02-04 11:56:48'),
(322, 145, 183, '1', '0', NULL, '2021-02-04 11:37:12', '2021-02-04 12:36:03'),
(323, 145, 188, '0', '0', NULL, '2021-02-04 11:37:12', '2021-02-04 11:37:12'),
(324, 145, 199, '0', '0', NULL, '2021-02-04 11:37:12', '2021-02-04 11:37:12'),
(325, 145, 220, '0', '1', NULL, '2021-02-04 11:37:12', '2021-02-08 09:00:28'),
(326, 146, 13, '0', '0', NULL, '2021-02-04 11:38:21', '2021-02-04 11:38:21'),
(327, 146, 114, '0', '1', NULL, '2021-02-04 11:38:21', '2021-03-04 09:26:55'),
(328, 146, 115, '0', '1', NULL, '2021-02-04 11:38:21', '2021-02-04 11:56:46'),
(329, 146, 179, '0', '0', NULL, '2021-02-04 11:38:21', '2021-02-04 11:38:21'),
(330, 146, 183, '0', '0', NULL, '2021-02-04 11:38:21', '2021-02-04 11:38:21'),
(331, 146, 188, '0', '0', NULL, '2021-02-04 11:38:21', '2021-02-04 11:38:21'),
(332, 146, 240, '0', '0', NULL, '2021-02-04 11:38:21', '2021-02-04 11:38:21'),
(333, 146, 107, '0', '0', NULL, '2021-02-04 11:38:22', '2021-02-04 11:38:22'),
(334, 146, 199, '0', '0', NULL, '2021-02-04 11:38:22', '2021-02-04 11:38:22'),
(335, 146, 209, '0', '0', NULL, '2021-02-04 11:38:22', '2021-02-04 11:38:22'),
(336, 146, 216, '0', '0', NULL, '2021-02-04 11:38:22', '2021-02-04 11:38:22'),
(337, 146, 218, '0', '0', NULL, '2021-02-04 11:38:22', '2021-02-04 11:38:22'),
(338, 146, 220, '0', '1', NULL, '2021-02-04 11:38:22', '2021-02-08 09:00:28'),
(339, 146, 239, '0', '0', NULL, '2021-02-04 11:38:22', '2021-02-04 11:38:22'),
(340, 146, 243, '0', '0', NULL, '2021-02-04 11:38:22', '2021-02-04 11:38:22'),
(341, 146, 244, '0', '0', NULL, '2021-02-04 11:38:22', '2021-02-04 11:38:22'),
(342, 146, 245, '0', '0', NULL, '2021-02-04 11:38:22', '2021-02-04 11:38:22'),
(343, 146, 246, '1', '0', NULL, '2021-02-04 11:38:22', '2021-02-05 12:07:28'),
(344, 146, 247, '0', '0', NULL, '2021-02-04 11:38:22', '2021-02-04 11:38:22'),
(345, 147, 13, '0', '0', NULL, '2021-02-04 11:42:25', '2021-02-04 11:42:25'),
(346, 147, 114, '0', '1', NULL, '2021-02-04 11:42:25', '2021-03-04 09:26:55'),
(347, 147, 115, '1', '1', NULL, '2021-02-04 11:42:25', '2021-02-04 11:56:16'),
(348, 147, 183, '1', '0', NULL, '2021-02-04 11:42:25', '2021-02-04 12:45:39'),
(349, 147, 188, '0', '0', NULL, '2021-02-04 11:42:25', '2021-02-04 11:42:25'),
(350, 147, 199, '0', '0', NULL, '2021-02-04 11:42:25', '2021-02-04 11:42:25'),
(351, 147, 220, '0', '1', NULL, '2021-02-04 11:42:25', '2021-02-08 09:00:28'),
(352, 148, 13, '0', '0', NULL, '2021-02-04 11:44:34', '2021-02-04 11:44:34'),
(353, 148, 114, '0', '1', NULL, '2021-02-04 11:44:34', '2021-03-04 09:26:55'),
(354, 148, 115, '1', '1', NULL, '2021-02-04 11:44:34', '2021-02-04 11:56:14'),
(355, 148, 179, '1', '0', NULL, '2021-02-04 11:44:34', '2021-02-10 04:21:31'),
(356, 148, 183, '1', '0', NULL, '2021-02-04 11:44:34', '2021-02-04 11:54:14'),
(357, 148, 188, '0', '0', NULL, '2021-02-04 11:44:34', '2021-02-04 11:44:34'),
(358, 148, 240, '0', '0', NULL, '2021-02-04 11:44:34', '2021-02-04 11:44:34'),
(359, 148, 107, '0', '0', NULL, '2021-02-04 11:44:35', '2021-02-04 11:44:35'),
(360, 148, 199, '0', '0', NULL, '2021-02-04 11:44:36', '2021-02-04 11:44:36'),
(361, 148, 209, '0', '0', NULL, '2021-02-04 11:44:36', '2021-02-04 11:44:36'),
(362, 148, 216, '0', '0', NULL, '2021-02-04 11:44:36', '2021-02-04 11:44:36'),
(363, 148, 218, '0', '0', NULL, '2021-02-04 11:44:36', '2021-02-04 11:44:36'),
(364, 148, 220, '0', '1', NULL, '2021-02-04 11:44:36', '2021-02-08 09:00:28'),
(365, 148, 239, '0', '0', NULL, '2021-02-04 11:44:36', '2021-02-04 11:44:36'),
(366, 148, 243, '0', '0', NULL, '2021-02-04 11:44:36', '2021-02-04 11:44:36'),
(367, 148, 244, '0', '0', NULL, '2021-02-04 11:44:36', '2021-02-04 11:44:36'),
(368, 148, 245, '0', '0', NULL, '2021-02-04 11:44:36', '2021-02-04 11:44:36'),
(369, 148, 246, '1', '0', NULL, '2021-02-04 11:44:36', '2021-02-05 12:07:26'),
(370, 148, 247, '0', '0', NULL, '2021-02-04 11:44:36', '2021-02-04 11:44:36'),
(371, 149, 13, '0', '0', NULL, '2021-02-04 13:42:32', '2021-02-04 13:42:32'),
(372, 149, 107, '0', '0', NULL, '2021-02-04 13:42:33', '2021-02-04 13:42:33'),
(373, 150, 13, '1', '0', NULL, '2021-02-05 08:05:20', '2021-02-11 06:21:03'),
(374, 151, 13, '0', '0', NULL, '2021-02-05 08:33:29', '2021-02-05 08:33:29'),
(375, 153, 179, '1', '0', NULL, '2021-02-05 11:28:35', '2021-02-10 04:40:33'),
(376, 153, 107, '0', '0', NULL, '2021-02-05 11:28:35', '2021-02-05 11:28:35'),
(377, 154, 179, '0', '0', NULL, '2021-02-05 11:30:52', '2021-02-05 11:30:52'),
(378, 154, 107, '1', '0', NULL, '2021-02-05 11:30:52', '2021-02-05 11:32:02'),
(379, 154, 159, '1', '0', NULL, '2021-02-05 11:30:52', '2021-02-05 11:31:48'),
(380, 154, 251, '1', '0', NULL, '2021-02-05 11:30:52', '2021-02-05 11:31:43'),
(381, 155, 179, '1', '0', NULL, '2021-02-05 12:02:31', '2021-02-10 04:44:43'),
(382, 155, 107, '0', '0', NULL, '2021-02-05 12:02:31', '2021-02-05 12:02:31'),
(383, 155, 251, '0', '0', NULL, '2021-02-05 12:02:31', '2021-02-05 12:02:31'),
(384, 156, 179, '0', '0', NULL, '2021-02-05 12:06:23', '2021-02-05 12:06:23'),
(385, 156, 107, '0', '0', NULL, '2021-02-05 12:06:23', '2021-02-05 12:06:23'),
(386, 156, 251, '0', '0', NULL, '2021-02-05 12:06:23', '2021-02-05 12:06:23'),
(387, 157, 159, '0', '0', NULL, '2021-02-05 12:13:11', '2021-02-05 12:13:11'),
(388, 157, 252, '0', '0', NULL, '2021-02-05 12:13:11', '2021-02-05 12:13:11'),
(389, 158, 159, '0', '0', NULL, '2021-02-05 12:14:50', '2021-02-05 12:14:50'),
(390, 158, 220, '0', '1', NULL, '2021-02-05 12:14:50', '2021-02-08 09:00:28'),
(391, 158, 252, '0', '0', NULL, '2021-02-05 12:14:50', '2021-02-05 12:14:50'),
(392, 159, 159, '0', '0', NULL, '2021-02-05 12:28:25', '2021-02-05 12:28:25'),
(393, 159, 220, '0', '1', NULL, '2021-02-05 12:28:25', '2021-02-08 09:00:28'),
(394, 159, 252, '0', '0', NULL, '2021-02-05 12:28:25', '2021-02-05 12:28:25'),
(395, 160, 159, '0', '0', NULL, '2021-02-05 12:35:05', '2021-02-05 12:35:05'),
(396, 160, 220, '0', '1', NULL, '2021-02-05 12:35:05', '2021-02-08 09:00:28'),
(397, 160, 252, '0', '0', NULL, '2021-02-05 12:35:05', '2021-02-05 12:35:05'),
(398, 161, 159, '0', '0', NULL, '2021-02-05 12:36:28', '2021-02-05 12:36:28'),
(399, 161, 220, '0', '1', NULL, '2021-02-05 12:36:28', '2021-02-08 09:00:28'),
(400, 161, 252, '0', '0', NULL, '2021-02-05 12:36:28', '2021-02-05 12:36:28'),
(401, 163, 159, '0', '0', NULL, '2021-02-08 07:05:11', '2021-02-08 07:05:11'),
(402, 163, 220, '0', '1', NULL, '2021-02-08 07:05:11', '2021-02-08 09:00:28'),
(403, 163, 252, '0', '0', NULL, '2021-02-08 07:05:11', '2021-02-08 07:05:11'),
(404, 164, 159, '0', '0', NULL, '2021-02-08 07:06:27', '2021-02-08 07:06:27'),
(405, 164, 220, '0', '1', NULL, '2021-02-08 07:06:27', '2021-02-08 09:00:28'),
(406, 164, 252, '0', '0', NULL, '2021-02-08 07:06:27', '2021-02-08 07:06:27'),
(407, 165, 179, '0', '0', NULL, '2021-02-08 07:24:50', '2021-02-08 07:24:50'),
(408, 166, 159, '0', '0', NULL, '2021-02-08 07:57:04', '2021-02-08 07:57:04'),
(409, 166, 220, '0', '1', NULL, '2021-02-08 07:57:04', '2021-02-08 09:00:28'),
(410, 166, 252, '1', '0', NULL, '2021-02-08 07:57:04', '2021-02-08 07:57:37'),
(411, 167, 159, '0', '0', NULL, '2021-02-08 07:58:48', '2021-02-08 07:58:48'),
(412, 167, 220, '0', '1', NULL, '2021-02-08 07:58:48', '2021-02-08 09:00:28'),
(413, 167, 252, '0', '0', NULL, '2021-02-08 07:58:48', '2021-02-08 07:58:48'),
(414, 168, 159, '0', '0', NULL, '2021-02-08 08:00:04', '2021-02-08 08:00:04'),
(415, 168, 220, '0', '1', NULL, '2021-02-08 08:00:04', '2021-02-08 09:00:28'),
(416, 168, 252, '0', '0', NULL, '2021-02-08 08:00:04', '2021-02-08 08:00:04'),
(417, 169, 179, '0', '0', NULL, '2021-02-08 08:59:12', '2021-02-08 08:59:12'),
(418, 169, 107, '0', '0', NULL, '2021-02-08 08:59:13', '2021-02-08 08:59:13'),
(419, 169, 159, '1', '0', NULL, '2021-02-08 08:59:13', '2021-02-10 12:25:33'),
(420, 169, 220, '1', '1', NULL, '2021-02-08 08:59:13', '2021-02-08 09:00:28'),
(421, 169, 246, '0', '0', NULL, '2021-02-08 08:59:13', '2021-02-08 08:59:13'),
(422, 169, 251, '0', '0', NULL, '2021-02-08 08:59:13', '2021-02-08 08:59:13'),
(423, 169, 252, '0', '0', NULL, '2021-02-08 08:59:13', '2021-02-08 08:59:13'),
(424, 170, 159, '1', '0', NULL, '2021-02-08 09:00:07', '2021-02-10 12:25:54'),
(425, 170, 220, '1', '1', NULL, '2021-02-08 09:00:07', '2021-02-08 09:00:28'),
(426, 170, 252, '0', '0', NULL, '2021-02-08 09:00:07', '2021-02-08 09:00:07'),
(427, 171, 179, '1', '0', NULL, '2021-02-08 09:01:26', '2021-02-10 04:44:58'),
(428, 171, 107, '0', '0', NULL, '2021-02-08 09:01:27', '2021-02-08 09:01:27'),
(429, 171, 246, '1', '0', NULL, '2021-02-08 09:01:27', '2021-02-08 09:01:34'),
(430, 171, 251, '0', '0', NULL, '2021-02-08 09:01:27', '2021-02-08 09:01:27'),
(431, 172, 179, '1', '1', NULL, '2021-02-08 09:02:35', '2021-02-10 04:46:32'),
(432, 172, 107, '0', '0', NULL, '2021-02-08 09:02:35', '2021-02-08 09:02:35'),
(433, 172, 159, '1', '0', NULL, '2021-02-08 09:02:35', '2021-02-10 12:25:51'),
(434, 172, 220, '1', '1', NULL, '2021-02-08 09:02:35', '2021-02-08 09:03:30'),
(435, 172, 246, '1', '0', NULL, '2021-02-08 09:02:35', '2021-02-08 09:04:00'),
(436, 172, 251, '0', '0', NULL, '2021-02-08 09:02:35', '2021-02-08 09:02:35'),
(437, 172, 252, '0', '0', NULL, '2021-02-08 09:02:35', '2021-02-08 09:02:35'),
(438, 173, 179, '0', '0', NULL, '2021-02-10 12:53:15', '2021-02-10 12:53:15'),
(439, 173, 271, '1', '1', NULL, '2021-02-10 12:53:15', '2021-02-10 12:59:23'),
(440, 173, 107, '0', '0', NULL, '2021-02-10 12:53:16', '2021-02-10 12:53:16'),
(441, 173, 159, '0', '0', NULL, '2021-02-10 12:53:16', '2021-02-10 12:53:16'),
(442, 173, 220, '0', '0', NULL, '2021-02-10 12:53:16', '2021-02-10 12:53:16'),
(443, 173, 246, '0', '0', NULL, '2021-02-10 12:53:16', '2021-02-10 12:53:16'),
(444, 173, 254, '0', '0', NULL, '2021-02-10 12:53:16', '2021-02-10 12:53:16'),
(445, 174, 179, '0', '0', NULL, '2021-02-10 12:55:58', '2021-02-10 12:55:58'),
(446, 174, 271, '1', '1', NULL, '2021-02-10 12:55:58', '2021-02-10 12:59:26'),
(447, 174, 107, '0', '0', NULL, '2021-02-10 12:55:58', '2021-02-10 12:55:58'),
(448, 174, 159, '0', '0', NULL, '2021-02-10 12:55:58', '2021-02-10 12:55:58'),
(449, 174, 220, '0', '0', NULL, '2021-02-10 12:55:58', '2021-02-10 12:55:58'),
(450, 174, 246, '0', '0', NULL, '2021-02-10 12:55:58', '2021-02-10 12:55:58'),
(451, 174, 254, '0', '0', NULL, '2021-02-10 12:55:58', '2021-02-10 12:55:58');

-- --------------------------------------------------------

--
-- Table structure for table `da_password_resets`
--

CREATE TABLE `da_password_resets` (
  `email` varchar(255) COLLATE utf8mb4_unicode_ci NOT NULL,
  `token` varchar(255) COLLATE utf8mb4_unicode_ci NOT NULL,
  `created_at` timestamp NULL DEFAULT NULL
) ENGINE=InnoDB DEFAULT CHARSET=utf8mb4 COLLATE=utf8mb4_unicode_ci;

--
-- Dumping data for table `da_password_resets`
--

INSERT INTO `da_password_resets` (`email`, `token`, `created_at`) VALUES
('neelima.bms@outlook.com', 'deb1234', '2021-01-29 06:09:43'),
('neelima.bms@outlook.com', 'deb1234', '2021-01-29 06:11:09'),
('debnidhi.kuila@gmail.com', 'deb1234', '2021-01-29 12:55:27'),
('debnidhi.kuila@gmail.com', 'deb1234', '2021-02-01 10:34:00'),
('arethasolanke@gmail.com', 'deb1234', '2021-02-02 17:52:26'),
('sdsurajit21@gmail.com', 'deb1234', '2021-02-03 11:20:40'),
('neelima.bms@gmail.com', 'deb1234', '2021-02-04 05:24:04'),
('neelima.bms@gmail.com', 'deb1234', '2021-02-04 05:26:02'),
('deb2595@mailinator.com', 'deb1234', '2021-02-04 05:57:46'),
('deb2595@mailinator.com', 'deb1234', '2021-02-04 06:22:04'),
('debnidhi.kuila@gmail.com', 'deb1234', '2021-02-04 06:27:56'),
('sukannyahalder7@gmail.com', '34586107060213964bca1b8.60800074', '2021-02-08 13:15:16'),
('debnidhi.kuila@gmail.com', 'deb1234', '2021-02-10 05:54:52'),
('arethasolanke@gmail.com', 'deb1234', '2021-02-16 12:22:31'),
('tintinscorpion@gmail.com', 'deb1234', '2021-03-18 08:11:00'),
('pallab@mailinator.com', 'deb1234', '2021-04-05 07:29:47');

-- --------------------------------------------------------

--
-- Table structure for table `da_preferences`
--

CREATE TABLE `da_preferences` (
  `id` int(11) NOT NULL,
  `user_id` int(11) NOT NULL,
  `preference_category` int(11) NOT NULL,
  `created_at` timestamp NULL DEFAULT NULL,
  `updated_at` timestamp NULL DEFAULT NULL
) ENGINE=InnoDB DEFAULT CHARSET=latin1;

--
-- Dumping data for table `da_preferences`
--

INSERT INTO `da_preferences` (`id`, `user_id`, `preference_category`, `created_at`, `updated_at`) VALUES
(70, 236, 98, '2021-01-29 10:58:23', '2021-01-29 10:58:23'),
(71, 236, 5, '2021-01-29 10:58:23', '2021-01-29 10:58:23'),
(72, 236, 15, '2021-01-29 10:58:23', '2021-01-29 10:58:23'),
(73, 226, 95, '2021-02-04 06:27:08', '2021-02-04 06:27:08'),
(74, 226, 5, '2021-02-04 06:27:08', '2021-02-04 06:27:08'),
(75, 244, 100, '2021-02-04 06:34:07', '2021-02-04 06:34:07'),
(76, 216, 100, '2021-02-04 09:10:46', '2021-02-04 09:10:46'),
(83, 253, 1, '2021-02-05 13:04:59', '2021-02-05 13:04:59'),
(105, 107, 100, '2021-02-10 09:06:32', '2021-02-10 09:06:32'),
(106, 107, 106, '2021-02-10 09:06:32', '2021-02-10 09:06:32'),
(108, 271, 106, '2021-02-11 06:17:15', '2021-02-11 06:17:15'),
(112, 220, 100, '2021-02-11 09:09:31', '2021-02-11 09:09:31'),
(113, 220, 98, '2021-02-11 09:09:31', '2021-02-11 09:09:31'),
(114, 220, 120, '2021-02-11 09:09:31', '2021-02-11 09:09:31'),
(115, 220, 127, '2021-02-11 09:09:31', '2021-02-11 09:09:31'),
(116, 220, 1, '2021-02-11 09:09:31', '2021-02-11 09:09:31'),
(117, 220, 106, '2021-02-11 09:09:31', '2021-02-11 09:09:31'),
(118, 220, 95, '2021-02-11 09:09:31', '2021-02-11 09:09:31'),
(121, 183, 100, '2021-02-27 15:50:01', '2021-02-27 15:50:01'),
(122, 183, 98, '2021-02-27 15:50:01', '2021-02-27 15:50:01'),
(123, 13, 79, '2021-03-18 09:51:22', '2021-03-18 09:51:22'),
(124, 179, 121, '2021-03-18 09:59:30', '2021-03-18 09:59:30'),
(125, 179, 29, '2021-03-18 09:59:30', '2021-03-18 09:59:30'),
(126, 179, 124, '2021-03-18 09:59:30', '2021-03-18 09:59:30'),
(127, 179, 108, '2021-03-18 09:59:30', '2021-03-18 09:59:30'),
(128, 179, 37, '2021-03-18 09:59:30', '2021-03-18 09:59:30');

-- --------------------------------------------------------

--
-- Table structure for table `da_proves`
--

CREATE TABLE `da_proves` (
  `id` int(11) NOT NULL,
  `user_id` int(11) NOT NULL,
  `platform` varchar(255) NOT NULL,
  `latitude` varchar(255) NOT NULL,
  `longitude` varchar(255) NOT NULL,
  `created_at` timestamp NULL DEFAULT NULL,
  `updated_at` timestamp NULL DEFAULT NULL
) ENGINE=InnoDB DEFAULT CHARSET=latin1;

-- --------------------------------------------------------

--
-- Table structure for table `da_reviews`
--

CREATE TABLE `da_reviews` (
  `id` int(11) NOT NULL,
  `reviewby` varchar(255) NOT NULL,
  `reviewfor` varchar(255) NOT NULL,
  `reviewcontent` varchar(255) NOT NULL,
  `status` varchar(255) NOT NULL,
  `rating` varchar(255) NOT NULL,
  `reviewon` timestamp NULL DEFAULT NULL,
  `created_at` timestamp NULL DEFAULT NULL,
  `updated_at` timestamp NULL DEFAULT NULL
) ENGINE=InnoDB DEFAULT CHARSET=latin1;

-- --------------------------------------------------------

--
-- Table structure for table `da_settings`
--

CREATE TABLE `da_settings` (
  `id` int(11) NOT NULL,
  `from_email` varchar(255) DEFAULT NULL,
  `from_email_name` varchar(255) DEFAULT NULL,
  `contact_email` varchar(255) DEFAULT NULL,
  `career_email` varchar(255) DEFAULT NULL,
  `site_address` varchar(255) DEFAULT NULL,
  `site_fax_no` varchar(50) DEFAULT NULL,
  `site_contact_no` varchar(50) DEFAULT NULL,
  `footer_logo_text` varchar(255) DEFAULT NULL,
  `facebook_url` varchar(255) DEFAULT NULL,
  `twitter_url` varchar(255) DEFAULT NULL,
  `instagram_url` varchar(255) DEFAULT NULL,
  `linkedin_url` varchar(255) DEFAULT NULL
) ENGINE=InnoDB DEFAULT CHARSET=utf8;

--
-- Dumping data for table `da_settings`
--

INSERT INTO `da_settings` (`id`, `from_email`, `from_email_name`, `contact_email`, `career_email`, `site_address`, `site_fax_no`, `site_contact_no`, `footer_logo_text`, `facebook_url`, `twitter_url`, `instagram_url`, `linkedin_url`) VALUES
(1, 'support@da.com', 'Custom Black Index', 'support@da.com', 'support@da.com', 'Site Address', '222222', '111111', 'Dummy Content - Lorem ipsum dolor sit amet, mattis consectetuer adipiscing suspendisse et justo. Praesent mattis ugue.', 'http://facebook.com', 'http://twitter.com', NULL, 'http://linkedIn.com');

-- --------------------------------------------------------

--
-- Table structure for table `da_sub_categories`
--

CREATE TABLE `da_sub_categories` (
  `id` int(11) NOT NULL,
  `category_id` int(11) NOT NULL,
  `subcategory_name` varchar(255) NOT NULL,
  `created_at` timestamp NULL DEFAULT NULL,
  `updated_at` timestamp NULL DEFAULT NULL
) ENGINE=InnoDB DEFAULT CHARSET=latin1;

--
-- Dumping data for table `da_sub_categories`
--

INSERT INTO `da_sub_categories` (`id`, `category_id`, `subcategory_name`, `created_at`, `updated_at`) VALUES
(1, 1, 'eyewear', NULL, '2021-01-28 09:46:34'),
(2, 1, 'footwear', NULL, '2021-01-28 09:46:34'),
(3, 1, 'handbags & leather goods', NULL, '2021-01-28 09:46:34'),
(4, 1, 'jewelry & accessories', NULL, '2021-01-28 09:46:34'),
(5, 1, 'men\'s clothing', NULL, '2021-01-28 09:46:34'),
(7, 1, 'screen printing', NULL, '2021-01-28 09:46:34'),
(8, 1, 'seamstress', NULL, '2021-01-28 09:46:34'),
(9, 1, 'vintage & thrift', NULL, '2021-01-28 09:46:34'),
(10, 1, 'women\'s clothing', NULL, '2021-01-28 09:46:34'),
(11, 5, 'aesthetician', NULL, '2021-03-26 18:08:23'),
(12, 5, 'barbershops', NULL, '2021-03-26 18:08:23'),
(13, 5, 'beauty supply store', NULL, '2021-03-26 18:08:23'),
(14, 5, 'brow & services', NULL, '2021-03-26 18:08:23'),
(15, 5, 'cosmetics', NULL, '2021-03-26 18:08:23'),
(16, 5, 'grooming products', NULL, '2021-03-26 18:08:23'),
(17, 5, 'hair care products', NULL, '2021-03-26 18:08:23'),
(18, 5, 'hair salon', NULL, '2021-03-26 18:08:23'),
(19, 5, 'hair stylist', NULL, '2021-03-26 18:08:23'),
(20, 5, 'makeup artists', NULL, '2021-03-26 18:08:23'),
(21, 5, 'nail care', NULL, '2021-03-26 18:08:23'),
(22, 5, 'perfumes & colognes', NULL, '2021-03-26 18:08:23'),
(23, 5, 'salons & spas', NULL, '2021-03-26 18:08:23'),
(24, 5, 'skin care products', NULL, '2021-03-26 18:08:23'),
(25, 11, 'Commercial Cleaning', NULL, NULL),
(26, 11, 'Janitorial Services', NULL, NULL),
(27, 11, 'Maid Services', NULL, NULL),
(28, 11, 'Snow Removal', NULL, NULL),
(29, 15, 'child care', NULL, '2021-03-26 18:49:57'),
(30, 17, 'Oil and Gas', NULL, NULL),
(31, 19, 'Family Friendly Entertainment', NULL, NULL),
(32, 19, 'Lounge', NULL, NULL),
(33, 19, 'Music', NULL, NULL),
(34, 19, 'Nightlife', NULL, NULL),
(35, 20, 'wedding planner', NULL, '2021-01-28 09:47:51'),
(36, 21, 'Work Space', NULL, NULL),
(37, 23, 'Accounting', NULL, NULL),
(38, 23, 'Banking', NULL, NULL),
(39, 23, 'Credit', NULL, NULL),
(40, 23, 'Insurance', NULL, NULL),
(41, 23, 'Insurance Agent', NULL, NULL),
(42, 23, 'Investment Management', NULL, NULL),
(43, 23, 'Loans', NULL, NULL),
(44, 23, 'Venture Capital', NULL, NULL),
(45, 82, 'potato', NULL, NULL),
(46, 24, 'art', NULL, '2021-03-26 19:00:34'),
(47, 24, 'dance', NULL, '2021-03-26 19:00:34'),
(48, 24, 'theatre', NULL, '2021-03-26 19:00:34'),
(49, 25, 'Conceal Weapons Permit', NULL, NULL),
(50, 25, 'Firearm Safety', NULL, NULL),
(51, 25, 'Handgun Classes', NULL, NULL),
(52, 26, 'Gym', NULL, NULL),
(53, 26, 'Martial Arts', NULL, NULL),
(54, 26, 'Personal Trainer', NULL, NULL),
(55, 28, 'bakery', NULL, '2021-03-26 18:48:37'),
(56, 28, 'bar', NULL, '2021-03-26 18:48:37'),
(57, 28, 'beverages', NULL, '2021-03-26 18:48:37'),
(58, 28, 'catering', NULL, '2021-03-26 18:48:37'),
(59, 28, 'dessert shop', NULL, '2021-03-26 18:48:37'),
(60, 28, 'food truck', NULL, '2021-03-26 18:48:37'),
(61, 28, 'grocery store', NULL, '2021-03-26 18:48:37'),
(62, 28, 'restaurant', NULL, '2021-03-26 18:48:37'),
(63, 28, 'sauces & spices', NULL, '2021-03-26 18:48:37'),
(64, 28, 'wine & spirits', NULL, '2021-03-26 18:48:37'),
(65, 28, 'wineries & breweries', NULL, '2021-03-26 18:48:37'),
(66, 29, 'Baby Essentials', NULL, NULL),
(67, 29, 'Books', NULL, NULL),
(68, 29, 'Children\'s Books', NULL, NULL),
(69, 29, 'Kid\'s Accessories', NULL, NULL),
(70, 29, ' Kid\'s Clothing', NULL, NULL),
(71, 29, 'Toys', NULL, NULL),
(72, 37, 'chiropractor', NULL, '2021-01-31 17:47:20'),
(73, 37, 'dentistry', NULL, '2021-01-31 17:47:20'),
(74, 37, 'dietitian', NULL, '2021-01-31 17:47:20'),
(75, 37, 'doula', NULL, '2021-01-31 17:47:20'),
(76, 37, 'feminine hygiene', NULL, '2021-01-31 17:47:20'),
(77, 37, 'health insurance', NULL, '2021-01-31 17:47:20'),
(78, 37, 'medical supplies', NULL, '2021-01-31 17:47:20'),
(79, 37, 'nutritionist', NULL, '2021-01-31 17:47:20'),
(80, 37, 'ob/gyn', NULL, '2021-01-31 17:47:20'),
(81, 37, 'optometry', NULL, '2021-01-31 17:47:20'),
(82, 37, 'pediatrician', NULL, '2021-01-31 17:47:20'),
(83, 37, 'pharmacy', NULL, '2021-01-31 17:47:20'),
(84, 37, 'podiatry', NULL, '2021-01-31 17:47:20'),
(85, 37, 'primary care', NULL, '2021-01-31 17:47:20'),
(86, 37, 'therapy', NULL, '2021-01-31 17:47:20'),
(87, 38, 'consulting', NULL, '2021-03-26 19:00:53'),
(88, 38, 'financial', NULL, '2021-03-26 19:00:53'),
(89, 41, 'Electrician', NULL, NULL),
(90, 49, 'Advertising Agency', NULL, NULL),
(91, 49, 'Modeling Agency', NULL, NULL),
(92, 49, 'Public Relations Agency', NULL, NULL),
(93, 50, 'Books', NULL, NULL),
(94, 83, 'onion', NULL, NULL),
(95, 50, 'Films', NULL, NULL),
(96, 50, 'Magazines', NULL, NULL),
(97, 50, 'Newspaper', NULL, NULL),
(98, 50, 'Podcasts', NULL, NULL),
(99, 84, 'onion', NULL, NULL),
(100, 50, 'Radio', NULL, NULL),
(101, 54, 'music label', NULL, '2021-03-26 18:55:03'),
(102, 56, 'Planner', NULL, NULL),
(103, 77, 'ground transportation', NULL, '2021-03-26 19:04:55'),
(104, 77, 'travel agency', NULL, '2021-03-26 19:04:55'),
(105, 78, 'Composting', NULL, NULL),
(106, 78, 'Recycling', NULL, NULL),
(107, 79, 'Copywriter', NULL, NULL),
(108, 79, 'Ghost Writing', NULL, NULL),
(109, 79, 'Resume Writing', NULL, NULL),
(110, 79, 'Transcription Services', NULL, NULL),
(111, 85, 'pepsi', NULL, NULL),
(112, 86, 'zxhbm', NULL, NULL),
(113, 87, 'Apps Development', NULL, NULL),
(114, 88, 'App development', NULL, NULL),
(115, 89, 'desktop wallpaper', NULL, NULL),
(116, 90, 'new test sub catagory.', NULL, NULL),
(117, 91, 'website screen', NULL, NULL),
(118, 92, 'website wallpaper', NULL, NULL),
(119, 93, 'sub category wallpaper', NULL, NULL),
(120, 94, 'High altitude travel', NULL, NULL),
(121, 95, 'men\'s grooming', NULL, '2021-01-28 09:45:05'),
(122, 96, 'Local Shop', NULL, NULL),
(123, 97, 'Alchohol', NULL, NULL),
(124, 98, 'african', NULL, '2021-03-22 09:15:53'),
(125, 99, 'caribbean', NULL, '2021-03-26 19:05:52'),
(126, 100, 'finance', NULL, '2021-01-28 09:45:48'),
(127, 101, 'bridal', '2020-12-24 12:03:53', '2020-12-24 12:03:53'),
(128, 102, 'Property Investment', NULL, NULL),
(135, 15, 'nursery', '2021-01-01 21:57:37', '2021-03-26 18:49:57'),
(136, 15, 'pre-school', '2021-01-01 21:57:37', '2021-03-26 18:49:57'),
(137, 15, 'after school club', '2021-01-01 21:57:37', '2021-03-26 18:49:57'),
(138, 15, 'school', '2021-01-01 21:57:37', '2021-03-26 18:49:57'),
(139, 105, 'Estate Planning', NULL, NULL),
(140, 106, 'Ebook, Audiobook', NULL, NULL),
(141, 107, 'locking wheel nut removal', NULL, '2021-01-31 17:45:18'),
(142, 108, 'Web design', NULL, NULL),
(143, 109, 'Driving Instructors', NULL, NULL),
(144, 110, 'Greeting cards and stationery', NULL, NULL),
(145, 110, 'Back to school stationary', '2021-01-17 12:16:17', '2021-01-17 12:16:17'),
(146, 111, 'Removals', NULL, NULL),
(147, 23, 'Mortgage', '2021-01-18 17:32:25', '2021-01-18 17:32:25'),
(148, 112, 'Black Women Empowerment Coach', NULL, NULL),
(149, 113, 'Online Trader', NULL, NULL),
(156, 120, 'android sub cat 1', NULL, NULL),
(157, 121, 'mens shoes', '2021-01-31 17:38:52', '2021-01-31 17:38:52'),
(158, 121, 'womens shoes', '2021-01-31 17:40:56', '2021-01-31 17:40:56'),
(159, 121, 'sportswear', '2021-01-31 17:40:56', '2021-01-31 17:40:56'),
(160, 121, 'childrens shoes', '2021-01-31 17:40:56', '2021-01-31 17:40:56'),
(161, 122, 'online assistant', '2021-01-31 17:42:22', '2021-01-31 17:42:22'),
(162, 101, 'costume', '2021-01-31 17:43:22', '2021-01-31 17:43:22'),
(163, 123, 'reiki healing', '2021-01-31 17:44:18', '2021-01-31 17:44:18'),
(164, 107, 'tyre specialist', '2021-01-31 17:45:18', '2021-01-31 17:45:18'),
(165, 37, 'massage', '2021-01-31 17:47:20', '2021-01-31 17:47:20'),
(166, 122, 'remote assistance', '2021-01-31 17:49:20', '2021-01-31 17:49:20'),
(167, 122, 'pa services', '2021-01-31 17:49:20', '2021-01-31 17:49:20'),
(168, 124, 'sams candles', NULL, NULL),
(171, 127, 'android', NULL, NULL),
(174, 130, 'home improvement', '2021-02-08 14:23:36', '2021-02-08 14:23:36'),
(175, 131, 'plumbing and heating', '2021-02-08 14:33:12', '2021-02-08 14:33:12'),
(176, 98, 'caribbean', '2021-03-22 09:15:53', '2021-03-22 09:15:53'),
(177, 132, 'taps', '2021-03-25 17:16:37', '2021-03-26 17:57:28'),
(178, 132, 'showers', '2021-03-26 17:57:28', '2021-03-26 17:57:28');

-- --------------------------------------------------------

--
-- Table structure for table `da_tags`
--

CREATE TABLE `da_tags` (
  `id` int(50) NOT NULL,
  `tag_name` varchar(500) NOT NULL
) ENGINE=InnoDB DEFAULT CHARSET=latin1;

--
-- Dumping data for table `da_tags`
--

INSERT INTO `da_tags` (`id`, `tag_name`) VALUES
(1, 'jewellery'),
(2, 'stockings'),
(3, 'underwear'),
(4, 'suspenders'),
(5, 'women'),
(6, 'leggings'),
(7, 'sportswear'),
(8, 'joggers'),
(9, 'vegan'),
(10, 'sustainable'),
(11, 'eco-friendly'),
(12, 'business'),
(13, 'skin'),
(14, 'beauty'),
(15, 'juices'),
(16, 'health'),
(17, 'organics'),
(18, 'nutrition'),
(19, 'drink'),
(20, 'fruit'),
(21, 'seamoss'),
(22, 'ginger'),
(23, 'twitter'),
(24, 'Facebook'),
(25, 'gym'),
(26, 'healthy'),
(27, 'water'),
(28, 'oranges'),
(29, 'proteins'),
(30, 'detox'),
(31, 'sunkiss'),
(32, 'flushot'),
(33, 'online'),
(34, 'coconut'),
(35, 'organic'),
(36, 'skincare'),
(37, 'acne'),
(38, 'men'),
(39, 'holistic'),
(40, 'makeup'),
(41, 'makeupbrushes'),
(42, 'cosmetics'),
(43, 'eyeshadow'),
(44, 'highlighters'),
(45, 'tools'),
(46, 'lipgloss'),
(47, 'graphicdesign'),
(48, 'customdesign'),
(49, 'designerclothes'),
(50, 'clothingaccessories'),
(51, 'facemask'),
(52, 'snood'),
(53, 'clothing'),
(54, 'children'),
(55, 'kids'),
(56, 'childcare'),
(57, 'preschool'),
(58, 'earlyyears'),
(59, '15hoursfunding'),
(60, '30hoursfunding'),
(61, 'education'),
(62, 'school'),
(63, 'nursery'),
(64, 'daycare'),
(65, 'care'),
(66, 'wittykiddies'),
(67, 'sydenham'),
(68, 'rum'),
(69, 'punch'),
(70, 'Will;'),
(71, 'Wills;'),
(72, 'Trusts;'),
(73, 'LPA'),
(74, 'Lasting'),
(75, 'Power'),
(76, 'of'),
(77, 'Attorney;'),
(78, 'Executor'),
(79, 'Executorship;'),
(80, 'Intestacy;'),
(81, 'Illness'),
(82, 'Dementia;'),
(83, 'Altzheimers'),
(84, 'Probate;'),
(85, 'Conveyancing;'),
(86, 'Equity;'),
(87, 'Release'),
(88, 'mobile'),
(89, 'Tyre'),
(90, 'Fitting'),
(91, 'Emergency'),
(92, 'service'),
(93, 'Puncture'),
(94, 'repair'),
(95, 'whipped'),
(96, 'body'),
(97, 'butter'),
(98, 'food'),
(99, 'home'),
(100, 'security'),
(101, 'aesthetics'),
(102, 'massage'),
(103, 'waxing'),
(104, 'nails'),
(105, 'facials'),
(106, 'botox'),
(107, 'dermalfiller'),
(108, 'lipfiller'),
(109, 'lashes'),
(110, 'chemicalpeel'),
(111, 'aqualyx'),
(112, 'brazilianbuttlift'),
(113, 'salon'),
(114, 'clinic'),
(115, 'beautysalon'),
(116, 'beautyclinic'),
(117, 'design'),
(118, 'webdesign'),
(119, 'uxdesign'),
(120, 'socialmediadesign'),
(121, 'socialmediamanagement'),
(122, 'purpleseamoss'),
(123, 'Anti-flammatory'),
(124, 'antibacterial'),
(125, 'well-being'),
(126, 'ingrownhairs'),
(127, 'hyperpigmentation'),
(128, 'Toys'),
(129, 'Puzzle'),
(130, 'JigsawPuzzle'),
(131, 'DiverseToys'),
(132, 'womens'),
(133, 'logo'),
(134, 'socialmediamarketing'),
(135, 'branddevelopment'),
(136, 'brandidentity'),
(137, 'branding'),
(138, 'packagedesign'),
(139, 'leather'),
(140, 'jewelry'),
(141, 'accessories'),
(142, 'earring'),
(143, 'necklace'),
(144, 'purse'),
(145, 'handbag'),
(146, 'ring'),
(147, 'bracelet'),
(148, 'personaltrainer'),
(149, 'fitness'),
(150, 'Mortgage'),
(151, 'broker'),
(152, 'mortgagebroker'),
(153, 'mortgageadvice'),
(154, 'mortgageadviser'),
(155, 'firstimebuyer'),
(156, 'remortgage'),
(157, 'buytolet'),
(158, 'homemover'),
(159, 'insurance'),
(160, 'insurancebroker'),
(161, 'coach'),
(162, 'Unique'),
(163, 'inspirational'),
(164, 'spiritual'),
(165, 'gifts'),
(166, 'van'),
(167, 'removals'),
(168, 'house'),
(169, 'office'),
(170, 'sports'),
(171, 'test'),
(172, 'book'),
(173, 'bodycare'),
(174, 'bodyoil'),
(175, 'hair'),
(176, 'haircare'),
(177, 'hairgel'),
(178, 'hailoil'),
(179, 'hairpolish'),
(180, 'hairspray'),
(181, 'hairstyling'),
(182, 'oil'),
(183, 'slickstick'),
(184, 'waxstic'),
(185, 'blackmentalhealth'),
(186, 'giftbox'),
(187, 'mentalhealthinthecommunity'),
(188, 'adult'),
(189, 'bag'),
(190, 'cultural'),
(191, 'Hoodies'),
(192, 'rompersuit'),
(193, 'Rucksack'),
(194, 'Tops'),
(195, 'Tracksuit'),
(196, 'candles'),
(197, 'physiotherapist'),
(198, 'injury'),
(199, 'injuries'),
(200, 'mobility'),
(201, 'music'),
(202, 'footwear'),
(203, 'plumbers'),
(204, 'plumber'),
(205, 'junk food'),
(206, 'motor'),
(207, 'bike'),
(208, 'pritam'),
(209, 'Andy'),
(210, 'iOS'),
(211, 'pop'),
(212, 'drains'),
(213, 'pipes'),
(214, 'mop'),
(215, 'bucket'),
(216, 'bleach'),
(217, 'soap'),
(218, 'hygeine'),
(219, 'fast food '),
(220, 'chicken '),
(221, 'cheap food '),
(222, 'kfc'),
(223, 'tasty'),
(224, 'estate agent'),
(225, 'property '),
(226, 'rent'),
(227, 'fried'),
(228, 'flood'),
(229, 'sink'),
(230, 'blocksge'),
(231, 'toilet'),
(232, 'blockage'),
(233, 'dirt '),
(234, 'floor'),
(235, 'clean'),
(236, 'gun'),
(237, 'shoot'),
(238, 'shot'),
(239, 'blood'),
(240, 'dance'),
(241, 'rice'),
(242, 'dumpling'),
(243, 'oxtail'),
(244, 'jerkchicken'),
(245, 'jamaican'),
(246, 'patty'),
(247, 'rap '),
(248, 'sing '),
(249, 'melody '),
(250, 'writer '),
(251, 'vocals '),
(252, 'stage '),
(253, 'performance '),
(254, 'piano'),
(255, 'jazz'),
(256, 'pitch'),
(257, 'record'),
(258, 'mic'),
(259, 'beat'),
(260, 'hiphop'),
(261, 'freestyle'),
(262, 'mc'),
(263, 'ant'),
(264, 'eye'),
(265, 'bread'),
(266, 'sandwich '),
(267, 'fish '),
(268, 'meat '),
(269, 'performer'),
(270, 'gold'),
(271, 'hat'),
(272, 'plumbing'),
(273, 'bagel'),
(274, 'sauce'),
(275, 'kitchen'),
(276, 'soup'),
(277, 'yyyy'),
(278, 'zoom'),
(279, 'fork'),
(280, 'hook'),
(281, 'opera'),
(282, 'custard'),
(283, 'walworth'),
(284, 'protein'),
(285, 'weights'),
(286, 'brolic'),
(287, 'sweat'),
(288, 'rock'),
(289, 'chips'),
(290, 'peas'),
(291, 'lemon '),
(292, 'goat'),
(293, 'lamb'),
(294, 'curry'),
(295, 'squid'),
(296, 'beef'),
(297, 'boxers '),
(298, 'versace '),
(299, 'black '),
(300, 'shorts ');

-- --------------------------------------------------------

--
-- Table structure for table `da_transactions`
--

CREATE TABLE `da_transactions` (
  `id` int(11) NOT NULL,
  `user_id` int(11) NOT NULL,
  `transaction_id` varchar(255) NOT NULL,
  `transaction_amount` varchar(255) NOT NULL,
  `transaction_date` varchar(255) NOT NULL,
  `type` varchar(255) NOT NULL,
  `created_at` timestamp NULL DEFAULT NULL,
  `updated_at` timestamp NULL DEFAULT NULL
) ENGINE=InnoDB DEFAULT CHARSET=latin1;

-- --------------------------------------------------------

--
-- Table structure for table `da_users`
--

CREATE TABLE `da_users` (
  `id` int(20) UNSIGNED NOT NULL,
  `first_name` varchar(255) COLLATE utf8mb4_unicode_ci DEFAULT NULL,
  `last_name` varchar(255) COLLATE utf8mb4_unicode_ci DEFAULT NULL,
  `gender` varchar(255) COLLATE utf8mb4_unicode_ci DEFAULT NULL,
  `user_type` text COLLATE utf8mb4_unicode_ci COMMENT 'A=Administrator, VU=Vendor, CU=Customer',
  `email` varchar(255) CHARACTER SET utf8 COLLATE utf8_unicode_ci DEFAULT NULL,
  `password` varchar(255) COLLATE utf8mb4_unicode_ci DEFAULT NULL,
  `phone` varchar(100) COLLATE utf8mb4_unicode_ci DEFAULT NULL,
  `age` int(11) DEFAULT NULL,
  `login_type` text COLLATE utf8mb4_unicode_ci NOT NULL,
  `address` varchar(500) COLLATE utf8mb4_unicode_ci DEFAULT NULL,
  `city_id` int(11) DEFAULT NULL,
  `location_id` int(11) DEFAULT NULL,
  `user_logo` varchar(512) COLLATE utf8mb4_unicode_ci DEFAULT NULL,
  `status` enum('Active','Inactive') COLLATE utf8mb4_unicode_ci NOT NULL,
  `social_id_token` varchar(350) COLLATE utf8mb4_unicode_ci DEFAULT NULL,
  `notification_status` enum('0','1') COLLATE utf8mb4_unicode_ci NOT NULL DEFAULT '1',
  `radious` int(11) NOT NULL DEFAULT '20',
  `platform` varchar(255) COLLATE utf8mb4_unicode_ci DEFAULT NULL,
  `fcm_token` varchar(255) COLLATE utf8mb4_unicode_ci DEFAULT NULL,
  `package` enum('1','2','3') COLLATE utf8mb4_unicode_ci NOT NULL DEFAULT '1',
  `auto_renewal` enum('0','1') COLLATE utf8mb4_unicode_ci NOT NULL DEFAULT '1',
  `created_at` timestamp NULL DEFAULT NULL,
  `updated_at` timestamp NULL DEFAULT NULL
) ENGINE=InnoDB DEFAULT CHARSET=utf8mb4 COLLATE=utf8mb4_unicode_ci;

--
-- Dumping data for table `da_users`
--

INSERT INTO `da_users` (`id`, `first_name`, `last_name`, `gender`, `user_type`, `email`, `password`, `phone`, `age`, `login_type`, `address`, `city_id`, `location_id`, `user_logo`, `status`, `social_id_token`, `notification_status`, `radious`, `platform`, `fcm_token`, `package`, `auto_renewal`, `created_at`, `updated_at`) VALUES
(1, 'Directory', 'App', '', 'A', 'admin@da.com', '$2y$10$VxJaOERAho3KIWZWunBY7O1EVh8GuPAzZe/EpedvXMJ0U4l4FoLLy', '', NULL, 'normal', NULL, 0, 0, '1611220455994542838.jpg', 'Active', NULL, '0', 5, NULL, NULL, '1', '1', '2020-09-29 16:55:25', '2021-01-21 09:14:15'),
(6, 'Moris', 'Nano', NULL, NULL, 'moris007@gmail.com', NULL, '8013153493', NULL, 'NL', NULL, 0, 0, 'image_1610607677.jpg', 'Active', NULL, '0', 5, NULL, NULL, '1', '1', '2020-10-16 00:44:49', '2021-01-14 07:01:17'),
(9, 'Saheli', 'Ghosh', 'Female', NULL, 'debnidhiii.kuila@gmail.com', '$2y$10$6f4NDtCJ3s4jU3vvaVj.x.fjJ7C2LxGW60fpWjjHqOLGZlNbG26PO', '9732942512', 23, 'normal', NULL, NULL, NULL, 'image_1605166884.png', 'Active', NULL, '0', 5, 'android', 'xxxxD102-ghjkrtyuifdfd', '1', '1', '2020-10-30 01:57:20', '2021-02-02 04:18:13'),
(10, 'Shreya', 'Mandal', 'Female', 'VU', 'shreya@gmail.com', '$2y$10$8cEu7/oBOyWYm/pD2hB.qOsn9ipNJjT0mf7XRLCTu6widvO1lVc4u', '9732942512', 25, 'NL', NULL, 0, 0, '', 'Active', NULL, '0', 5, NULL, NULL, '1', '1', '2020-11-06 10:47:42', '2020-11-06 10:47:42'),
(11, 'Saheli', 'Ghosh', 'Female', 'VU', 'saheli007@gmail.com', '$2y$10$KWxDifF5Fvo5T120RhugX.UxEidJ2t8TVFe7vnXRbSsRhRdAbdQpO', '9732942512', 25, 'NL', NULL, 0, 0, '', 'Active', NULL, '0', 5, NULL, NULL, '1', '1', '2020-11-09 06:30:45', '2020-11-09 06:30:45'),
(12, 'Kaushik', 'Jana', 'Male', 'VU', 'samiran@gmail.com', '$2y$10$7c4wINwiNQPSHliO5t0nR.BqwazQjH2Sw0wG9yz928A8jYa/LngJC', '1020305040', 35, 'NL', NULL, 0, 0, 'image_1605166884.png', 'Active', NULL, '0', 5, NULL, NULL, '1', '1', '2020-11-10 10:20:49', '2020-11-12 07:46:06'),
(13, 'Naresh', 'Majumdar', 'Female', 'VU', 'xxxnareshsir@gmail.com', '$2y$10$oeTURxy.Ej1hkA/7OES8weUIVvWnx/oPK5M9lgDttHYy.QpfODES6', '9732942512', 18, 'NL', NULL, 26, NULL, 'image_1605166884.png', 'Inactive', NULL, '0', 13, 'android', 'eQ14-429QtKfzQvKIwB3M6:APA91bF_TvhnGV_x8v_bXQcmFW2tSrJXUK1295qHnlQBAb8Me0A3ZaR7BgYBkpTupyBG2IL844mT2VQ676-QJgcRllVbcGGGYOL-7r4chLDYjXMyHKBHKL-xhBZBsCe8mu7NJ5i7TQgh', '1', '1', '2020-11-10 11:06:59', '2021-03-18 09:51:22'),
(15, 'Samrit', 'Sen', 'Male', 'CU', 'llsamirankuila909@gmail.com', '$2y$10$QVbyqkqMFEpNpIBUnLHl3.uY0GqurD8/E/rquZKxieLZRuVdX5vtS', '9732942512', 18, 'NL', NULL, 0, 0, '', 'Active', NULL, '0', 5, NULL, NULL, '1', '1', '2020-11-11 07:37:43', '2020-12-31 10:45:29'),
(16, 'Tridib', 'Pradhan', 'Male', 'CU', 'safgfgfmirankuila909@gmail.com', '$2y$10$S6eNT1RoR6zReRlDDDfiuu4jVMQ3L3oQWoxinxiK/jstfQxtZ3zru', '9732942512', 18, 'NL', NULL, 0, 0, '', 'Active', NULL, '0', 5, NULL, NULL, '1', '1', '2020-11-11 07:40:58', '2020-11-11 07:40:58'),
(17, 'Mohan', 'Kumar', 'Male', 'CU', 'samirankuila909@gmail.comgjgfjgj', '$2y$10$6wDDLgOcZmYuI6KPSouIx.36M4yrhgdGajCTED7Uy1zF1Kefddo3K', '9732942512', 18, 'NL', NULL, 0, 0, '', 'Active', NULL, '0', 5, NULL, NULL, '1', '1', '2020-11-11 07:44:19', '2020-11-11 07:44:19'),
(18, 'Dinesh', 'Khatua', 'Male', 'CU', 'kksamirankuila909@gmail.com', '$2y$10$cJUqJF3lUF5ZT2GmfmzKOe8fKxVthKzavfTHhcm954hDeo3CwtWcK', '9732942512', 20, 'NL', NULL, NULL, 0, '', 'Active', NULL, '0', 5, NULL, NULL, '1', '1', '2020-11-11 07:47:15', '2021-01-22 11:32:35'),
(19, 'Saheli', 'Ghosh', 'Female', 'CU', 'saheli@gmail.com', '$2y$10$dimWZbe.Z7dx3os9tIPtr.oTJvYQFk7VVmM.p3M39jvTeiJpAZ7hm', '9732942512', 23, 'NL', NULL, 0, 0, '', 'Active', NULL, '0', 5, NULL, NULL, '1', '1', '2020-11-17 05:51:59', '2020-11-17 05:51:59'),
(20, 'SamiranKumar', 'Kuila', 'Male', 'CU', 'samiran007@gmail.com', '$2y$10$9R.f8tym1YxKtkI3FmF7DOe9qCls05yzWdndbBsixl96ynJoyM8qG', '9732942512', 21, 'NL', NULL, NULL, NULL, '', 'Active', NULL, '0', 5, NULL, NULL, '1', '1', '2020-11-17 09:43:09', '2020-11-17 09:43:09'),
(21, 'Saheli', 'Ghosh', 'Female', 'CU', 'ryo98biswas@gmail.com', '$2y$10$0jza0RxVdUc13m4YpzxLNOzggkKoZ/m4ryw0lwfXB.SsPC9ZlP5bK', '9732942512', 23, 'NL', NULL, NULL, NULL, '', 'Active', NULL, '0', 5, NULL, NULL, '1', '1', '2020-11-17 09:48:04', '2020-11-17 09:48:04'),
(31, 'Saheli', 'Ghosh', NULL, 'CU', 'saheli12@gmail.com', '$2y$10$ENCiqPgwqXSxN3HxqR3IPOCdflEKUZM5pcSm0GY.P/vCORLmKxIkW', '9732942512', NULL, 'NL', NULL, NULL, NULL, '', 'Active', NULL, '0', 5, NULL, NULL, '1', '1', '2020-11-18 12:59:30', '2020-11-18 12:59:30'),
(32, 'Saheli', 'Ghosh', NULL, 'CU', 'saheli12@gmail.com', '$2y$10$6w3umO9DSSiSt7YvEe4VYO0JHmWbFaI8K855/PdtOgxqnoTYTez..', '9732942512', NULL, 'NL', NULL, NULL, NULL, '', 'Active', NULL, '0', 5, NULL, NULL, '1', '1', '2020-11-18 12:59:36', '2020-11-18 12:59:36'),
(33, 'Saheli12', 'Ghosh12', NULL, 'CU', 'gsaheli123@gmail.com', '$2y$10$Hw/Xk9uc3i88eaRAwG/R2etfF8k7b.RN2n1phMQaI.KXjv17rQq5a', '9732942512', NULL, 'NL', NULL, NULL, NULL, '', 'Inactive', NULL, '0', 5, NULL, NULL, '1', '1', '2020-11-18 13:00:41', '2021-01-28 06:22:30'),
(34, 'Saheli12', 'Ghosh12', NULL, 'CU', 'saheli123@gmail.com', '$2y$10$hRnUabuiNZk96kZ2Ra7GcOKH.H5eP2BBnBy4WdB4CG4bBVDqPwJEm', '9732942512', NULL, 'NL', NULL, NULL, NULL, '', 'Active', NULL, '0', 5, NULL, NULL, '1', '1', '2020-11-18 13:00:45', '2020-11-18 13:00:45'),
(35, 'Saheli12', 'Ghosh12', NULL, 'CU', 'saheli123@gmail.com', '$2y$10$J6A4Xv2qqRyG0LDDRFZbuuuNxqTDP4gTtg3WbYzFNiFT0oUIDyf1G', '9732942512', NULL, 'NL', NULL, NULL, NULL, '', 'Active', NULL, '0', 5, NULL, NULL, '1', '1', '2020-11-18 13:00:48', '2020-11-18 13:00:48'),
(36, 'Saheli12', 'Ghosh12', NULL, 'CU', 'saheli123@gmail.com', '$2y$10$HOe/nk82v9m44OVQKIyite9lXTqwuWxhQ4RzrwiDPK3DqD7XJmbZe', '9732942512', NULL, 'NL', NULL, NULL, NULL, '', 'Active', NULL, '0', 5, NULL, NULL, '1', '1', '2020-11-18 13:00:51', '2020-11-18 13:00:51'),
(37, 'Saheli12', 'Ghosh12', NULL, 'CU', 'saheli123@gmail.com', '$2y$10$6sMoohd3Oa6ilSl/Y5n70epAyavQ6IrMYhZmyU8KVFA86I2l3j8PO', '9732942512', NULL, 'NL', NULL, NULL, NULL, '', 'Active', NULL, '0', 5, NULL, NULL, '1', '1', '2020-11-18 13:00:54', '2020-11-18 13:00:54'),
(38, 'Saheli12', 'Ghosh12', NULL, 'CU', 's@gmail.com', '$2y$10$WWJDyvVrutrTuMuL1i3FRONPqvDfkV.4cXUz.9P1AqaPICoSZakFC', '9732942512', NULL, 'NL', NULL, NULL, NULL, '', 'Active', NULL, '0', 5, NULL, NULL, '1', '1', '2020-11-18 13:02:11', '2020-11-18 13:02:11'),
(42, 'Saheli', 'Ghosh', NULL, 'VU', 'saheli@gmail.com', '$2y$10$rsoSKEqn8VscdgcjiufB2uj/MwOzAQCLsNURlMk1jRpLqmCU2meSO', '9732942512', NULL, 'NL', NULL, NULL, NULL, '', 'Active', NULL, '0', 5, NULL, NULL, '1', '1', '2020-11-18 13:05:29', '2020-11-18 13:05:29'),
(61, 'SamiranKumar', 'Kuila', NULL, 'CU', 'samiran444@gmail.com', '$2y$10$U0ef4aI8IShDrdvjDMFkwO1fPTmLVmt6835tMyGhqxnMYcbA3.m7C', '2040502010', NULL, 'NL', NULL, NULL, NULL, '', 'Active', NULL, '0', 5, NULL, NULL, '1', '1', '2020-11-18 14:11:49', '2020-11-18 14:11:49'),
(62, 'SamiranKumar', 'Kuila', NULL, 'CU', 'samiran544@gmail.com', '$2y$10$IjleieN4ba8hMjR54CRNn.KifBR8xtsrfYh/guKk47dcaRX9hByR2', '2040502010', NULL, 'NL', NULL, NULL, NULL, '', 'Active', NULL, '0', 5, NULL, NULL, '1', '1', '2020-11-18 14:20:59', '2020-11-18 14:20:59'),
(63, 'SamiranKumar', 'Kuila', NULL, 'CU', 'samiran644@gmail.com', NULL, '2040502010', NULL, 'FB', NULL, NULL, NULL, NULL, 'Active', '1020302010', '0', 5, NULL, NULL, '1', '1', '2020-11-18 14:49:03', '2020-11-18 14:49:03'),
(68, 'Saheli12', 'Ghosh12', NULL, 'CU', 'debu@gmail.com', '$2y$10$75lFdAoH2ZfGEEu/jukGeumo2VzSvn.RmxpukHFNsTf5Op2jf6PA6', '9732942512', NULL, 'NL', NULL, NULL, NULL, '', 'Active', NULL, '0', 5, NULL, NULL, '1', '1', '2020-11-19 05:06:39', '2020-11-19 05:06:39'),
(69, 'Saheli12', 'Ghosh12', NULL, 'CU', 'debu1@gmail.com', NULL, '9732942512', NULL, 'GP', NULL, NULL, NULL, NULL, 'Active', '123', '0', 5, NULL, NULL, '1', '1', '2020-11-19 05:07:45', '2020-11-19 05:07:45'),
(71, 'Saheli12', 'Ghosh12', NULL, 'CU', 'debu12@gmail.com', NULL, '9732942512', NULL, 'GP', NULL, NULL, NULL, NULL, 'Active', '123', '0', 5, NULL, NULL, '1', '1', '2020-11-19 07:48:21', '2020-11-19 07:48:21'),
(72, 'Saheli12', 'Ghosh12', NULL, 'CU', 'debu123@gmail.com', NULL, '9732942512', NULL, 'GP', NULL, NULL, NULL, NULL, 'Active', '123', '0', 5, NULL, NULL, '1', '1', '2020-11-19 07:48:34', '2020-11-19 07:48:34'),
(73, 'Saheli12', 'Ghosh12', NULL, 'CU', 'debu25@gmail.com', NULL, '9732942512', NULL, 'GP', NULL, NULL, NULL, NULL, 'Active', '123', '0', 5, NULL, NULL, '1', '1', '2020-11-19 07:52:05', '2020-11-19 07:52:05'),
(74, 'Saheli12', 'Ghosh12', NULL, 'CU', 'debu252@gmail.com', NULL, '9732942512', NULL, 'GP', NULL, NULL, NULL, NULL, 'Active', '123', '0', 5, NULL, NULL, '1', '1', '2020-11-19 07:58:47', '2020-11-19 07:58:47'),
(75, 'Saheli12', 'Ghosh12', NULL, 'CU', 'debu2523@gmail.com', NULL, '9732942512', NULL, 'GP', NULL, NULL, NULL, NULL, 'Active', '123', '0', 5, NULL, NULL, '1', '1', '2020-11-19 08:02:22', '2020-11-19 08:02:22'),
(76, 'Saheli12', 'Ghosh12', NULL, 'CU', 'debu25233@gmail.com', NULL, '9732942512', NULL, 'GP', NULL, NULL, NULL, NULL, 'Active', '123', '0', 5, NULL, NULL, '1', '1', '2020-11-19 08:02:52', '2020-11-19 08:02:52'),
(77, 'Saheli12', 'Ghosh12', NULL, 'CU', 'deb120@gmail.com', NULL, '9732942512', NULL, 'GP', NULL, NULL, NULL, NULL, 'Active', '123', '0', 5, NULL, NULL, '1', '1', '2020-11-19 08:04:06', '2020-11-19 08:04:06'),
(78, 'Saheli12', 'Ghosh12', NULL, 'CU', 'deb121@gmail.com', NULL, '9732942512', NULL, 'GP', NULL, NULL, NULL, NULL, 'Active', '123', '0', 5, NULL, NULL, '1', '1', '2020-11-19 08:04:36', '2020-11-19 08:04:36'),
(79, 'Saheli12', 'Ghosh12', NULL, 'CU', 'deb122@gmail.com', NULL, '9732942512', NULL, 'GP', NULL, NULL, NULL, NULL, 'Active', '123', '0', 5, NULL, NULL, '1', '1', '2020-11-19 08:05:40', '2020-11-19 08:05:40'),
(80, 'Saheli12', 'Ghosh12', NULL, 'CU', 'deb112@gmail.com', NULL, '9732942512', NULL, 'GP', NULL, NULL, NULL, NULL, 'Active', '123', '0', 5, NULL, NULL, '1', '1', '2020-11-19 08:06:07', '2020-11-19 08:06:07'),
(81, 'Saheli12', 'Ghosh12', NULL, 'CU', 'deb110@gmail.com', NULL, '9732942512', NULL, 'GP', NULL, NULL, NULL, NULL, 'Active', '123', '0', 5, NULL, NULL, '1', '1', '2020-11-19 08:06:54', '2020-11-19 08:06:54'),
(82, 'Saheli12', 'Ghosh12', NULL, 'CU', 'deb119@gmail.com', NULL, '9732942512', NULL, 'FB', NULL, NULL, NULL, NULL, 'Active', '123', '0', 5, NULL, NULL, '1', '1', '2020-11-19 08:07:47', '2020-11-19 08:07:47'),
(83, 'Saheli12', 'Ghosh12', NULL, 'CU', 'deb23@gmail.com', NULL, '9732942512', NULL, 'FB', NULL, NULL, NULL, NULL, 'Active', '123', '0', 5, NULL, NULL, '1', '1', '2020-11-19 09:19:08', '2020-11-19 09:19:08'),
(85, 'Madhusudan', 'Biswas', 'Male', 'VU', 'madhu@gmail.com', '$2y$10$SZD3.L5spbLTDqDanoZ1nuHmcUCqwUNSKEjYXfUJnsRaEv5a7W3a.', '9732942512', 23, 'NL', NULL, 7, 1, 'image_1605785286.png', 'Active', NULL, '1', 4000, NULL, NULL, '1', '1', '2020-11-19 10:41:26', '2020-12-15 12:37:35'),
(95, 'Jaggu', 'Smith', 'Male', 'CU', 'h@gmail.com', '$2y$10$.rmyRhaWlTWkf9szcR01ZOOYy9E155X5TZfV8hzUkhsYUgAMgpFc.', '1020102010', 21, 'NL', NULL, 8, 4, 'image_1605806879.jpg', 'Active', NULL, '0', 5, NULL, NULL, '1', '1', '2020-11-19 13:45:26', '2020-11-19 17:27:59'),
(99, 'Dipan', 'Das', NULL, 'CU', 'dipan@mail.com', '$2y$10$1WCyLLfYaCowypxUvloruuNq7/xNciDiHDUtKLsrYi8jsM0PRTb9K', '5632369852', NULL, 'NL', NULL, NULL, NULL, '', 'Active', NULL, '0', 5, NULL, NULL, '1', '1', '2020-11-20 05:08:20', '2020-11-20 05:08:20'),
(100, 'Sandipan', 'Biswas', NULL, 'AU', 'dipt@gmail.com', NULL, '97329418', NULL, 'GP', NULL, NULL, NULL, NULL, 'Active', '58996', '0', 5, NULL, NULL, '1', '1', '2020-11-20 05:32:33', '2020-11-20 05:32:33'),
(101, 'Sandipan', 'Biswas', NULL, 'AU', 'dipt@gmail.co', '$2y$10$GjwWDFb1UD2jU8bqZx7ba.IM8G7X3ScRWPAzn/4V0J7hhWxr7mTle', '97329418', NULL, 'NL', NULL, NULL, NULL, '', 'Active', NULL, '0', 5, NULL, NULL, '1', '1', '2020-11-20 05:33:57', '2020-11-20 05:33:57'),
(102, 'Sandipan', 'Biswas', NULL, 'VU', 'dipt@gmail.co2', '$2y$10$dj6bPqY/4kk.kwz65ESjZuqD1TytWmuBNYZp6sEsOHkl6FlxnG4UC', '97329418', NULL, 'NL', NULL, NULL, NULL, '', 'Active', NULL, '0', 5, NULL, NULL, '1', '1', '2020-11-20 06:31:06', '2020-11-20 06:31:06'),
(105, 'After', 'Upload', 'Male', 'CU', 'upload@gmail.com', '$2y$10$6c2uO0rCWnk1vbeCZ2mmqea7Fb2GmPoVEt97eI6VG7iozkCHicMWS', '9732942512', 25, 'NL', NULL, 7, 1, 'image_1606385066.png', 'Active', NULL, '0', 5, NULL, NULL, '1', '1', '2020-11-25 10:07:11', '2020-11-27 10:55:32'),
(107, 'Debnidhi', 'Kuila', 'Male', 'VU', 'debnidhi.kuila@gmail.com', '$2y$10$PrEU7Zw9KJqxpTyNvlVch.7YfUaGWLytEwJIxfZ0/vIQcnuJx5RLe', '+919732942512', 27, 'NL', NULL, 7, NULL, 'image_1612506057.png', 'Active', NULL, '1', 7, 'android', 'eG2nF_udRH2yzdPBQvSXAT:APA91bHDfblYThLnjDf5aOFSwo__rAanLpkzEUfSxRDmmBPtjDCORnJwY5N5igYO8xnaG3itgN0uNjn_mCJQI83S91bDOk0BtxUpzkPRiDDSKfpS3TO9vczXlgmCjY5J-5Fb0E7nMnl3', '1', '1', '2020-11-27 10:36:51', '2021-04-22 11:00:22'),
(108, 'John', 'Doe', NULL, 'VU', 'a1@gmail.com', '$2y$10$AniyiybZy22Yi6AWDkgh3.KTXuit6dpmUIZ7L/1wDlkch61CB.Yoa', '07896541230', NULL, 'NL', NULL, NULL, NULL, '', 'Active', NULL, '0', 5, NULL, NULL, '1', '1', '2020-11-27 12:36:44', '2020-11-27 12:36:44'),
(109, 'John', 'Doe', NULL, 'VU', 'arup2@gmail.com', '$2y$10$PivNAvm88yS9fNe8DA7lTOBDH6ZgkgMJWREolVvwmW.MazQnCaqeO', '07896541230', NULL, 'NL', NULL, NULL, NULL, '', 'Active', NULL, '0', 5, NULL, NULL, '1', '1', '2020-11-27 14:30:13', '2020-11-27 14:30:13'),
(114, 'Aretha', 'Solanke', 'Female', 'VU', 'arethasolanke@yahoo.co.uk', '$2y$10$UFyFqajzRQ9yJli..tFvB.FQXohoQJmiURDsiNgXjZXetegqsT2nK', '07984021611', 37, 'NL', NULL, 0, NULL, '', 'Active', NULL, '0', 20, 'IOS', NULL, '1', '1', '2020-11-28 12:59:04', '2021-05-01 06:47:23'),
(115, 'Kevin. J.', 'Marshall', 'Male', 'VU', 'Houseofdreamsent@yahoo.com', '$2y$10$y2O1srL1guwWPuxSwGWMKuKtH8fIVLJ520UXF7fb/AEki5cdPRgC.', '07808065559', 37, 'NL', NULL, 26, NULL, 'image_1617798636.png', 'Active', NULL, '0', 20, 'IOS', 'e_RKO-8sdkbwjjvHy-doLe:APA91bEzyNE_F0jLSbghW3UYhHsEbVyUXZzJfI_wuG09beFGYtzyVljomrhD1Z7lNZq34P80KuLvn3mZUuDGaAO0-9ZRdkDKSDBjkFq5m8reHbsRVviNcKyn3FTWtKDu2XbAr4vHeRj0', '1', '1', '2020-11-28 13:00:11', '2021-04-28 11:08:29'),
(128, 'Akash', 'dqwd', NULL, 'VU', 'ab1@email.com', '$2y$10$Lp2Xtuab.ZfP3m.U89WvrOq0sy6Fksi1k86UU4oZSuS/3mWqLsiXu', '07896541230', NULL, 'NL', NULL, NULL, NULL, '', 'Active', NULL, '0', 5, NULL, NULL, '1', '1', '2020-11-29 13:41:17', '2020-11-29 13:41:17'),
(144, 'sadsad', 'asdsad', NULL, 'VU', 'a2@gmail.com', '$2y$10$IPgbXyrognX1Chd2EFPBE.ckJpveOwbdmzccQmB11JbMEJXFkr8A2', '234234234234', NULL, 'NL', NULL, NULL, NULL, '', 'Active', NULL, '0', 5, NULL, NULL, '1', '1', '2020-12-02 11:27:46', '2020-12-02 11:27:46'),
(145, 'hello', 'hello', NULL, 'VU', 'hello@gmail.com', '$2y$10$ff.ZEsQYpah.xTPCgO.cKuzfcYKKi3MvF13nxfD1LjaXJg/z4Jgtu', '2345678912', NULL, 'NL', NULL, NULL, NULL, '', 'Active', NULL, '0', 5, NULL, NULL, '1', '1', '2020-12-02 11:34:23', '2020-12-02 11:34:23'),
(146, 'Hello', 'Testing', NULL, 'VU', 'testhello@gmail.com', '$2y$10$lmpa6N1un7dMPRKN/5tuMu80.Qq0.ZDVJd3jNtJwXQbAuIN3NjEOO', '1234567890', NULL, 'NL', NULL, NULL, NULL, '', 'Active', NULL, '0', 5, NULL, NULL, '1', '1', '2020-12-02 12:21:21', '2020-12-02 12:21:21'),
(147, 'Custom', 'Index', NULL, 'VU', 'custom@gmail.com', '$2y$10$FTpLfp8XO94t0jTL8cv81.2wBMNw3yP4uA16XRnNy0OAYx4EY7FgS', '786756', NULL, 'NL', NULL, NULL, NULL, '', 'Active', NULL, '0', 5, NULL, NULL, '1', '1', '2020-12-02 12:30:34', '2020-12-02 12:30:34'),
(149, 'John', 'Doe', NULL, 'VU', 'john@gmail.com', '$2y$10$gzgSss7ZNJRcR9xgHY6e6uajr6e60wWC9TIlni/EWvuQOaeF37fvG', '7896541230', NULL, 'NL', NULL, NULL, NULL, '', 'Active', NULL, '0', 5, NULL, NULL, '1', '1', '2020-12-02 14:38:00', '2020-12-02 14:38:00'),
(151, 'sreya', 'ghosh chowdhury', NULL, 'VU', 'onlinesreya.2009@gmail.com', '$2y$10$wQtmAhXLtWdFkBxVkSJb3emHJ0i.jtkpcbME3z5swMtHqBuAon/uO', '5454646646', NULL, 'NL', NULL, NULL, NULL, '', 'Active', NULL, '0', 5, NULL, NULL, '1', '1', '2020-12-04 05:41:22', '2020-12-04 05:41:22'),
(155, 'Debanjan', 'Mukherjee', NULL, 'VU', 'mukherjeedeban87@gmail.com', '$2y$10$AZQ3amLLtXlyejZUnPlIo.2/Snz0/2KtD3hhaWvqGSeKAb/WVanJi', '7903734234', NULL, 'NL', NULL, NULL, NULL, '', 'Active', NULL, '0', 5, NULL, NULL, '1', '1', '2020-12-04 17:30:16', '2020-12-04 17:30:16'),
(156, 'Dhriti', 'Mukherjee', NULL, 'VU', 'dev.ambro@gmail.com', '$2y$10$pVvftTD4/0NLR851K4/DZOLDVqAVs1I1tTw8biZwUSuCOX95cQ/EO', '7003734234', NULL, 'NL', NULL, NULL, NULL, '', 'Active', NULL, '0', 5, 'android', 'fjTamrc9TAuXa7wkkKXmiU:APA91bFQP7slvWxkXE6O84XcDfw0SEsS64LCnC8p0MrAzkm-QmGq-g4eyAsrlvSct3Lgv8SIVac5upsBxfCXtCWhkC3_uUD9e4P1sP1z6Ngf3C5AiBxpk5Uiz7GoOt1A_8CEr2niaweF', '1', '1', '2020-12-04 18:17:55', '2021-04-05 05:57:09'),
(168, 'Saheli12', 'Ghosh12', NULL, 'CU', 'example@gmail.com', NULL, '9732942512', NULL, 'GP', NULL, NULL, NULL, NULL, 'Active', '123', '0', 5, NULL, NULL, '1', '1', '2020-12-17 07:57:02', '2020-12-17 07:57:02'),
(169, 'John', 'Doe', NULL, 'CU', 'example169@gmail.com', NULL, '9732942512', NULL, 'GP', NULL, NULL, NULL, NULL, 'Active', '123', '0', 5, NULL, NULL, '1', '1', '2020-12-18 03:41:48', '2020-12-18 03:41:48'),
(170, 'Android', 'User', NULL, 'VU', 'android@mailinator.com', NULL, '9732942512', NULL, 'GP', NULL, NULL, NULL, NULL, 'Active', '123', '0', 5, NULL, NULL, '1', '1', '2020-12-20 05:02:55', '2020-12-20 05:02:55'),
(171, 'Android', 'User', NULL, 'VU', 'android1@mailinator.com', '$2y$10$VgY9lNzFo8B3HdIC8urc2uMLHeWUJatYegdxxOJw8klxXw.wsuVlm', '9732942512', NULL, 'NL', NULL, NULL, NULL, '', 'Active', NULL, '0', 11, NULL, NULL, '1', '1', '2020-12-20 05:07:33', '2020-12-20 05:21:06'),
(178, 'testuser', 'test', NULL, 'VU', 'test@gmail.com', '$2y$10$itjRA8w9t6ZJaji487d42eaC18cQPMyQsJp3IJAL8mpcWc8zOAASG', '9007778090', NULL, 'NL', NULL, NULL, NULL, '', 'Active', NULL, '0', 5, NULL, NULL, '1', '1', '2020-12-21 16:24:38', '2020-12-21 16:24:38'),
(179, 'Surajit', 'Dhara', 'Male', 'CU', 'xxxsavvytech4@gmail.com', '$2y$10$ZILqWRYDq02CWsr/Xk4Swe.qXxxr/C9iWYHW45oEjGVLOKYvRfqOq', '9007778090', 30, 'NL', NULL, 26, NULL, 'image_1611075445.png', 'Inactive', NULL, '1', 7, 'IOS', 'NULL', '1', '1', '2020-12-21 17:04:50', '2021-03-18 09:59:30'),
(180, 'Android', 'User', NULL, 'VU', 'android@example.com', '$2y$10$0tq00.Abad73FDihvQyBNuDJfw5mZwiyjVJWgLPWse.8Sq6hrKGoS', '1234567890', NULL, 'NL', NULL, NULL, NULL, '', 'Active', NULL, '0', 5, NULL, NULL, '1', '1', '2020-12-21 17:33:21', '2020-12-21 17:33:21'),
(181, 'Remove', 'Location', 'Male', 'VU', 'deb107@gmail.com', '$2y$10$tkDjpMcP9iYKGoTxqpIKg.KfiUZWN4SWmblPAeTq6sf.ekzYlSkjq', '2010402050', 18, 'NL', NULL, 15, NULL, 'image_1608706443.png', 'Active', NULL, '0', 5, NULL, NULL, '1', '1', '2020-12-23 06:54:03', '2020-12-23 06:55:21'),
(185, 'Debnidhi', 'Kuila', NULL, 'SA', 'samirankuila909@gmail.com', '$2y$10$mLA3.vQ029Ri.klJGoW8Gex.j13NXDtAZrNT0W9/a5fwlStuFfZHa', '9732942512', NULL, '', NULL, NULL, NULL, 'image_1609416882.png', 'Active', NULL, '0', 5, NULL, NULL, '1', '1', '2020-12-29 11:40:49', '2021-01-22 11:32:54'),
(186, 'Mrs', 'Madam', NULL, 'SA', 'madam@gmail.com', '$2y$10$fMCzU.NIDtcUE.VkzZ0/ieLBmZ2uHv/cTnRq76UQwZoENXs8S6WW6', '1020305060', NULL, '', NULL, NULL, NULL, '1611752912837904642.jpg', 'Active', NULL, '0', 5, 'android', 'eJEH2oF0RYmLlsjmF2Ps2_:APA91bGFEZQSyaaUTuxaMjAbQ8c5FMYSIcSR6HGEGm9ZeWg-b7SLDKk6odd69_D4clXH_kvtptKFqBLXvBwPneYcDG1TwBHijNBIbWjvHGK-9VcQ-mar_RZW3vfFylWGxuBbUP9rCtQd', '1', '1', '2020-12-29 11:42:26', '2021-01-27 13:08:32'),
(187, 'suk', 'hal', NULL, 'SA', 'sukhal@gmail.com', '$2y$10$io.99pnAWUScoQSrWopr0ewW92F3514ERnrxD/wClSKGGWvfEAEfC', '123456', NULL, '', NULL, NULL, NULL, 'image_1611300434.jpg', 'Active', NULL, '0', 5, NULL, NULL, '1', '1', '2020-12-30 05:08:49', '2021-01-22 07:27:14'),
(189, 'Sandyy', 'Biswas', 'Female', NULL, 'a@a.c', '$2y$10$yhOpZZTAsTCwKgSRWFSamebxbS/HzKkYuzNX7fSgdW/3nXEpkre2.', '9123629586', NULL, 'NL', NULL, NULL, NULL, '', 'Active', NULL, '0', 5, NULL, NULL, '1', '1', '2020-12-30 19:42:30', '2020-12-31 10:28:00'),
(190, 'Candy234', 'Das', NULL, 'CU', 'r@r.r', '$2y$10$Ii9A1wFhPCM4J3UgbObWp.OSURAOz/yq4483ego6Cul03ox.179Em', '1111111111', NULL, 'NL', NULL, NULL, NULL, '', 'Active', NULL, '0', 5, NULL, NULL, '1', '1', '2020-12-31 08:30:21', '2020-12-31 10:14:27'),
(191, 'Goti', 'Bera', 'Male', 'VU', 'goti@gmail.com', '$2y$10$Lp4T82cl09mv97SXSsMGWesTOxFqA/kNG/GYWhbOqPRweDEtVUf16', '8563201458', 27, 'NL', NULL, 20, NULL, NULL, 'Active', NULL, '0', 5, NULL, NULL, '1', '1', '2020-12-31 10:15:04', '2020-12-31 10:26:40'),
(192, 'Uttam', 'Bera', 'Male', 'CU', 'uttam@gmail.com', '$2y$10$9m4Z9wVSSQ3U6u788K4Q8ewjOHZvQAv2a6bAiqhUQxWRaGAVend22', '9632012547', 21, 'NL', NULL, 14, NULL, NULL, 'Active', NULL, '0', 5, NULL, NULL, '1', '1', '2020-12-31 10:29:26', '2021-01-11 05:07:24'),
(193, 'Debapriya', 'Chatterjee', NULL, NULL, 'debopriya.chaterjee@gmail.com', NULL, '9932882579', NULL, 'GP', NULL, NULL, NULL, NULL, 'Active', '116894227540384667675', '0', 20, NULL, NULL, '1', '1', '2021-01-03 11:12:33', '2021-01-03 11:13:53'),
(194, 'Custom', 'Index', NULL, 'CU', 'customblackindex@gmail.com', NULL, NULL, NULL, 'GP', NULL, NULL, NULL, NULL, 'Active', '105717811174242844633', '0', 5, NULL, NULL, '1', '1', '2021-01-06 14:04:49', '2021-01-06 14:04:49'),
(195, '6', 'y', NULL, 'VU', '6ttyy6@yyy.com', '$2y$10$3fMbmqwHc84Uyq5vp3SFVu.6HQjgicIs36kS2qq1iFrc.LR1SnZE2', '6', NULL, 'NL', NULL, NULL, NULL, '', 'Active', NULL, '0', 5, NULL, NULL, '1', '1', '2021-01-07 05:40:19', '2021-01-07 05:40:19'),
(198, 'S', 'Thomson', NULL, 'CU', 'ashsharma121@yahoo.com', '$2y$10$oTbixHkB.QCLil85YZn5yOAUMgqf./IdG39CSTLOA38mBjSvF1FBS', '###########', NULL, 'NL', NULL, NULL, NULL, '', 'Active', NULL, '0', 20, NULL, NULL, '1', '1', '2021-01-11 09:57:08', '2021-01-11 11:45:02'),
(200, 'KP', 'MART', 'Female', 'CU', 'kpmart91@yahoo.com', '$2y$10$GeCSE8l7b5bAUXjGRdXBxuOm32deTSqZG0Q.lOnLwVzEPGVmSTBTS', '679789456855', 5, 'NL', NULL, 26, NULL, '', 'Active', NULL, '0', 20, NULL, NULL, '1', '1', '2021-01-11 11:33:44', '2021-01-26 11:19:16'),
(201, 'Neelima', 'Sukhwal', NULL, 'VU', 'neelimaash1@gmail.com', NULL, '5020203020', NULL, 'NL', NULL, NULL, NULL, 'image_1610521973.jpg', 'Active', '101112742110419999459', '0', 20, 'android', 'NULL', '1', '1', '2021-01-11 11:52:29', '2021-02-12 07:02:28'),
(203, 'Chris', 'Thomson', 'Female', 'CU', 'Chris@gmail.com', '$2y$10$q/fmYvhInX4HilKBBB5Fiu2vvW.5RkEa93sDWokJBN2xn0dZH1QfK', '55555554444', 0, 'NL', NULL, 21, NULL, 'image_1610520681.JPG', 'Active', NULL, '0', 20, NULL, NULL, '1', '1', '2021-01-13 06:42:54', '2021-01-22 07:43:09'),
(207, 'Admin', 'user', 'Female', 'CU', 'admins@gmail.com', '$2y$10$NTlKrYUDmULfeZgxqYkceuIPOuwsZQgZTxVwDe79CDhGXSk9P6PL6', '45345435435', 33, 'NL', NULL, 26, NULL, '1611837068180512336.jpg', 'Active', NULL, '0', 20, NULL, NULL, '1', '1', '2021-01-15 04:22:06', '2021-01-28 12:31:08'),
(208, 'Kaira', 'S', NULL, 'AU', 'advert@gmail.com', '$2y$10$XD.csg1bSzmlYEiwfC/9du09iVB13uzAoZkfmwHL0c8Dr7eX0Jy6m', '+6797523545', NULL, 'NL', NULL, NULL, NULL, '', 'Active', NULL, '0', 20, NULL, NULL, '1', '1', '2021-01-15 09:25:35', '2021-01-15 09:25:35'),
(209, 'KP', 'thomson', 'Male', 'CU', 'womar.madred7@dskin.com', '$2y$10$MfaP8YL1GtBYMQzn6ZZ4K.pLa4zrURX4tkfFycefv09OKAVB52QE2', '98856555655', 44, 'NL', NULL, 21, NULL, '', 'Active', NULL, '0', 20, 'android', 'dJ7EHeVwS9mppYVm8Dk7xQ:APA91bEgeFbqC68SN9WNv19gFvFa9IoNMh5qkJor49CwyniFsrjgQVqfHpjhul6-P2hAaSG0XJ2Zu3c8xmtU95tsy0vZtScHWpc-TJvqv5feP3S-4HTfLS3ONGgcSipqLBmmJM9p3nLY', '1', '1', '2021-01-21 04:22:03', '2021-01-22 07:44:39'),
(215, 'john', 'martin', 'Male', 'CU', 'moderator122@svl.com', '$2y$10$diaIwsWNTpPRWz0E04OtWOTAIR0/cafqHMoei/WYNwlRGId7f71Vu', '76875445456', 55, 'NL', NULL, 21, NULL, '16112209601138826387.jpg', 'Active', NULL, '0', 20, NULL, NULL, '1', '1', '2021-01-21 08:50:29', '2021-01-22 07:45:25'),
(216, 'John', 'Martin', 'Male', 'CU', 'neelima.bms@outlook.com', '$2y$10$dJ30xobnpOlN7Ae1hH/JVeUKy39XQo7xW3xdVUhvikj3Nvmtdmb3G', '9098789098', 44, 'NL', NULL, 8, NULL, 'image_1612419363.png', 'Active', NULL, '0', 7, 'android', 'cbFhEH6STAWioB0oISthvO:APA91bElyLcVma9Cp5jg2ARdBwKlB5AYn1Q77MABhKS8XBWMdfd-QW_T7wldQDToNjx-uq9epXnsKrHvp82y0lhMlxik4_9mSLn51_3Epe6fnnUJ7fHqlKu3TgpZeSEzj5IfOWXQcUxZ', '1', '1', '2021-01-21 12:06:59', '2021-02-04 12:49:02'),
(217, 'New user', 'added by moderator', 'Male', 'VU', 'newmoderator@gmail.com', '$2y$10$S8eV2KIB4diXweCP5qeJ3uaisciWIQIAGchQP8BtWsG7PORQycv7W', '435345435435', 44, 'NL', NULL, 18, NULL, NULL, 'Active', NULL, '0', 20, NULL, NULL, '1', '1', '2021-01-22 05:08:20', '2021-01-22 05:08:20'),
(218, 'John', 'Martin', 'Male', 'CU', 'test13@gmail.com', '$2y$10$7kqeuk6szlf0a7C6pqO/vOyRiDQ46DIsSDuastZt7zz19wdYbrv4y', '+919098789098', 44, 'NL', NULL, 26, NULL, NULL, 'Active', NULL, '0', 12, 'android', 'cy7y1Q9eSbqgsnOOKx4_GF:APA91bEwHGiwOPXykkLtelAxwZMMuTi66LkSIv1iORpdIg-1iR4Ah2aW79OV6DNZpM_Gf4S7LmSG5o88bFmPw3ie1qA2hUulOaeO_TdI48w9Cl5h9lxEzGfClkDhT3EpgOfiO0BTuBNI', '1', '1', '2021-01-22 05:31:01', '2021-01-29 12:42:05'),
(219, 'test', 'test', 'Male', 'CU', 'test55@gmail.com', '$2y$10$RzQAKEOa4WA.LhWLqjWLLOKbIGaJ47aD/M4EXjFMV7vm7vpmxI3jG', '354354354535', 55, 'NL', NULL, 8, NULL, NULL, 'Active', NULL, '0', 20, NULL, NULL, '1', '1', '2021-01-22 05:31:38', '2021-01-22 07:48:02'),
(220, 'KPY', 'Thomson\'s', 'Female', 'VU', 'neelima.bms@gmail.com', '$2y$10$qwHmSGNk20ph/xiF1D8al.V6fxa2H9nDlvt7Zk7SyYqNQEpwmzWoO', '6797412356', 12, 'NL', NULL, 26, NULL, 'image_1613034494.png', 'Active', NULL, '1', 8, 'android', 'NULL', '1', '1', '2021-01-22 05:37:03', '2021-02-17 07:20:06'),
(223, 'Madam', 'Halder for First SA then User', 'Male', 'VU', 'madam000785@gmail.com', '$2y$10$NJP5jVmwSTRe7p9tSY5SjOjJkyxOAL02maxbnalJCZok/ZB34GB.a', '2040502010', 25, 'NL', NULL, 26, NULL, '', 'Active', NULL, '0', 20, NULL, NULL, '1', '1', '2021-01-25 07:20:58', '2021-01-26 11:20:52'),
(224, 'new', 'user', 'Female', 'CU', 'new@gmail.com', '$2y$10$JD6vFkgVSKde9uq7pDsvB.550gmareFYHV7n7NemKrI3K8FeLUw.e', '324324324234', 33, 'NL', NULL, 26, NULL, NULL, 'Active', NULL, '0', 20, NULL, NULL, '1', '1', '2021-01-26 11:09:14', '2021-01-26 11:09:14'),
(226, 'John', 'Martin', 'Male', 'CU', 'alaska@outlook.com', '$2y$10$qpw670dTUad4r3bmViSxaO2/E6OvotYY.D7hM6yEK1oVMZem14nLa', '9098789098', 44, 'NL', NULL, 27, NULL, NULL, 'Active', NULL, '0', 20, NULL, NULL, '1', '1', '2021-01-26 11:13:25', '2021-01-26 11:13:25'),
(227, 'Alaska', 'User', 'Male', 'CU', 'alaska@gmail.com', '$2y$10$jKnu3bgmH8B6i7301NXUlexQUTqNLkfWXnqQZcWv34LUXjbyoe3Bq', '3333333333333', 33, 'NL', NULL, 27, NULL, NULL, 'Inactive', NULL, '0', 20, NULL, NULL, '1', '1', '2021-01-26 11:16:49', '2021-01-28 11:15:12'),
(229, 'John', 'Martin', NULL, 'SA', 'neelima.bms@outlook.com', '$2y$10$tenP/xlLis/HzuG/YrejY./aiLL2JJ/vSSzDWYnSOE7lu99AmRsOm', '9098789098', NULL, '', NULL, NULL, NULL, NULL, 'Active', NULL, '0', 20, NULL, NULL, '1', '1', '2021-01-27 09:14:40', '2021-01-27 09:14:40'),
(231, 'Test', 'Moderator', NULL, 'SA', 'mod@gmail.com', '$2y$10$O2g3AVTbirya25hyqJr4KOabUDxt9XkLN/NufkqqfDxe7Hm/5EfeC', '8520125478', NULL, '', NULL, NULL, NULL, 'image_1611754565.jpg', 'Active', NULL, '0', 20, NULL, NULL, '1', '1', '2021-01-27 13:16:28', '2021-01-27 13:36:05'),
(232, 'Sankar', 'Ghosh', NULL, 'SA', 'sankar@gmail.com', '$2y$10$OA2X4c.DqnkrVdL02mm7BeG6CE/z7M9/xAg0RMG0ivdvG8bLf5GEa', '1020302020', NULL, '', NULL, NULL, NULL, '16117547591227688275.jpg', 'Active', NULL, '0', 20, NULL, NULL, '1', '1', '2021-01-27 13:37:36', '2021-01-27 13:39:19'),
(233, 'pp', 'Moderator', NULL, 'SA', 'pm@gmail.com', '$2y$10$8OjzpCAr6.jZ7Vdw7J.V.utuiHG/FOTtdrMpBWoWls7vGQKUvC4j6', '1234564520', NULL, '', NULL, NULL, NULL, NULL, 'Active', NULL, '0', 20, NULL, NULL, '1', '1', '2021-01-27 13:40:09', '2021-01-27 13:40:09'),
(234, 'John', 'Martin', NULL, 'SA', 'admin@gmail.com', '$2y$10$lO.xBBBNILKHdIcoZYB4d.yqKRs/NBuQSipFeXqM78pfbbEK0ZsU.', '+919098789098', NULL, '', NULL, NULL, NULL, '1611837122596063676.png', 'Active', NULL, '0', 20, NULL, NULL, '1', '1', '2021-01-28 12:29:56', '2021-01-28 12:32:02'),
(235, 'Kathleen', 'Banks', NULL, 'SA', 'kathleen@bestcookieco.com', '$2y$10$yjvIFA2mF8t.CIH2JRtjQuzKvwrrb/BXMImav6Iaj1gXoKywCJrTa', '8888675309', NULL, '', NULL, NULL, NULL, NULL, 'Active', NULL, '0', 20, NULL, NULL, '1', '1', '2021-01-28 12:34:28', '2021-02-04 05:57:53'),
(236, 'Recommended', 'Business', 'Female', 'CU', 'rossydeb@gmail.com', '$2y$10$Bj/L17J437dqgeY6USsYXu2YeFAsvdreHz3cf.CJndfUTS8nhZMuu', '#######', 20, 'NL', NULL, 7, NULL, NULL, 'Active', NULL, '0', 20, NULL, NULL, '1', '1', '2021-01-28 14:36:05', '2021-01-29 10:58:23'),
(238, 'Ranjan', 'Bera', 'Male', 'AU', 'ranatest@gmail.com', '$2y$10$hLWp7EVVBRschVIB.jhLq.89k/1NFLEoNdvqeuwBZ0lacTInpyWnu', '6320120214', 27, 'NL', NULL, 8, NULL, NULL, 'Active', NULL, '0', 20, NULL, NULL, '1', '1', '2021-02-02 07:15:02', '2021-02-02 07:15:02'),
(239, 'Advertisement', 'Test', NULL, 'AU', 'au.user@gmail.com', '$2y$10$OfrZ1vVY6vzZmB2qfgM/Aev6HUJtVwBt75qMxX3gzm.rp5V7SnnOO', '9064861471', NULL, 'NL', NULL, NULL, NULL, '', 'Active', NULL, '0', 20, 'android', 'eJEH2oF0RYmLlsjmF2Ps2_:APA91bGFEZQSyaaUTuxaMjAbQ8c5FMYSIcSR6HGEGm9ZeWg-b7SLDKk6odd69_D4clXH_kvtptKFqBLXvBwPneYcDG1TwBHijNBIbWjvHGK-9VcQ-mar_RZW3vfFylWGxuBbUP9rCtQd', '1', '1', '2021-02-02 10:05:50', '2021-02-02 12:59:34'),
(240, 'Aretha', 'Solanke', NULL, 'CU', 'arethasolanke@googlemail.com', NULL, NULL, NULL, 'GP', NULL, NULL, NULL, NULL, 'Active', '107790478423708334308', '0', 20, 'IOS', 'NULL', '1', '1', '2021-02-02 18:14:21', '2021-02-04 20:12:35'),
(241, 'John', 'Martin', NULL, 'CU', 'pankaj092020@outlook.com', '$2y$10$3m4KSIQhv14ggSj.82PJ4u8SLVOy4iAQ9zcmI2HVPzP1ZtxaRoKiq', '09098789098', NULL, 'NL', NULL, NULL, NULL, '', 'Active', NULL, '0', 20, NULL, NULL, '1', '1', '2021-02-04 05:29:37', '2021-02-04 06:26:49'),
(243, 'mail', 'user', NULL, 'CU', 'deb2595@mailinator.com', '$2y$10$U.g8lf1lbL2OdCkovkineOdA3Zk5D2jN/Nd1ZL/GvzIBHd9s6Y0CG', '9064861471', NULL, 'NL', NULL, NULL, NULL, '', 'Active', NULL, '0', 20, 'android', 'eJEH2oF0RYmLlsjmF2Ps2_:APA91bGFEZQSyaaUTuxaMjAbQ8c5FMYSIcSR6HGEGm9ZeWg-b7SLDKk6odd69_D4clXH_kvtptKFqBLXvBwPneYcDG1TwBHijNBIbWjvHGK-9VcQ-mar_RZW3vfFylWGxuBbUP9rCtQd', '1', '1', '2021-02-04 05:57:16', '2021-02-04 05:57:20'),
(244, 'Jeorge', 'k', 'Male', 'CU', 'jeorge@gmail.com', '$2y$10$HYt1gxdddwUuI2hXishFK.v1YWE1SZqM3ELR9XJ/oRXG/Q1epvUr2', '98856877569', 123, 'NL', NULL, 8, NULL, 'image_1612420442.png', 'Active', NULL, '0', 20, 'android', 'e4P3HG9oTLCxJLsKs6BDGh:APA91bG37CsCM4DbbDWUeDXstkTnBZeISccwjYewRtOXKoxPOPDmBB45Bk8kpC0GbqT33wcjdfdYUWPMiV40rxzBzK50_lh-TgSSo7cuWGy5ob_7ug4P6D0LYvwO4T_NB3CRccgxRWYF', '1', '1', '2021-02-04 06:27:58', '2021-02-04 06:34:07'),
(245, 'K', 'M', NULL, 'CU', 'customer@gmail.com', '$2y$10$NazMFTqTgSGN8o9P9YImeeQhZ8GQPVEsl831Rdni//PV0PmWqP6Qa', '86456886899', NULL, 'NL', NULL, NULL, NULL, '', 'Active', NULL, '0', 20, 'android', 'e4P3HG9oTLCxJLsKs6BDGh:APA91bG37CsCM4DbbDWUeDXstkTnBZeISccwjYewRtOXKoxPOPDmBB45Bk8kpC0GbqT33wcjdfdYUWPMiV40rxzBzK50_lh-TgSSo7cuWGy5ob_7ug4P6D0LYvwO4T_NB3CRccgxRWYF', '1', '1', '2021-02-04 06:46:05', '2021-02-04 06:46:08'),
(246, 'A', 'K', NULL, 'CU', 'ak@gmail.com', '$2y$10$.CNGokl3feaP1Jz5JmVp6.IyUJEiIBo5IllDCP./ogbu6IBAPZFma', '8544677565', NULL, 'NL', NULL, NULL, NULL, '', 'Active', NULL, '1', 20, 'android', 'NULL', '1', '1', '2021-02-04 09:12:10', '2021-02-08 09:04:51'),
(247, 'JK', 'trimuour', NULL, 'CU', 'jk@gmail.com', '$2y$10$bY/GBgdZLGGnR9Z4CiZ6Oe.AORutYu6dFkdMxgUR5kBVG3DO5.CYy', '8588877858', NULL, 'NL', NULL, NULL, NULL, '', 'Active', NULL, '0', 20, 'android', 'eXPyaUxZQIiKtddjn8oxP2:APA91bGw9DqkS4lNojW5skzBkrhk1VnlYC09D0fTl2cyYgfrd_JdpZnu-TMMf2HJ9YOHlTDnyGOvJxg3RA9OJEzFm-N6YH1rFfwb6uLN8kMkveYERcKyszjpYKAf69tdTKidfemHitGx', '1', '1', '2021-02-04 11:05:30', '2021-02-04 11:05:33'),
(248, 'ashi', 'sukhwal', NULL, 'VU', 'ashisukhwal3@gmail.com', NULL, '+6797894698', NULL, 'NL', NULL, 8, NULL, NULL, 'Active', '117966439622751416308', '0', 20, 'android', 'eU-0dfBqRdWeiv_a20aKNq:APA91bE1paYvDw4QwjLWRQZcO7t2d9sl394CihhO2GIC6cRf9jgLlfb8Q_uEowJH8stYzrc47UmBEubIlRbQmSN9n0r3qhdTbvTU2XKbE4hIaJB7GpFkaz7rdLCuXs2k4O2NKZhmvHlm', '1', '1', '2021-02-04 13:00:56', '2021-03-11 12:00:34'),
(249, 'Aretha', 'Solanke', NULL, 'CU', 'arethasolanke@gmail.com', '$2y$10$ll13Bk/MdTWshOXpr4O0IOmCUFLm24nRYwgxzbxepaNt5FuF7wTK2', '07984021611', NULL, 'NL', NULL, NULL, NULL, '', 'Active', NULL, '1', 20, 'IOS', 'da4fdjJhbU0aqBDY-MtkZD:APA91bFuFqNq2SKcBBisjEXoZAaSuYmVyoEAJKBxGpJB1hBerr6FuWrv0FnGpnysVzvy_ITmZjv2PpJCKi3Yb-YJg6C-84c94YkkWgrLtlmL78ic2lFD6Q4WZXOmCJk08LJfdx-o_c9-', '1', '1', '2021-02-04 20:13:39', '2021-04-12 16:45:44'),
(250, 'cu', 'android', NULL, 'CU', 'cu.android@mailinator.com', '$2y$10$8csN3D6xXum4eb6p7iIVIOUkchN3Gf88Klu15gI9uZBplOv9xmYTa', '9064861471', NULL, 'NL', NULL, NULL, NULL, '', 'Active', NULL, '0', 20, 'android', 'NULL', '1', '1', '2021-02-05 07:27:09', '2021-02-05 08:01:09'),
(253, 'Palash', 'Nath', 'Male', 'CU', 'palashnath2211@gmail.com', '$2y$10$RbAwMLn0j0sHBdKAih1JZORZmpGGXZUWEwu/T7X.v7fneNBhC7N9S', '4050203020', 32, 'NL', NULL, 26, NULL, NULL, 'Active', NULL, '1', 20, NULL, NULL, '1', '1', '2021-02-05 13:04:59', '2021-02-05 13:04:59'),
(254, 'New', 'advertisement', NULL, 'AU', 'ad@gmail.com', '$2y$10$jS6XvdfXgCevtfo0kqA5/u2YyuTZ9y/BPLW/KB8tFnRKuKqVzgfZ6', '98887555888', NULL, 'NL', NULL, NULL, NULL, '', 'Active', NULL, '1', 20, 'android', 'cmHBnZ3hRhGcFrBQUiPA1Y:APA91bFpBS99EuCyBryAXIsVffT37UB8CF543nkivCqeptVXTm1e0JBtcsX7vmufM9khW2gdXs3WXqO0aLl1DCt4niSYy2utQ5gHOFLLsW81SprC6k9afev-oc7_iXqiZRgH08P-TT5D', '1', '1', '2021-02-08 09:31:44', '2021-02-08 09:31:47'),
(256, 'System', 'Test', NULL, 'SA', 'moddeb007@gmail.com', '$2y$10$51h0Pnaxeg0W36.hV3keT.EnSc5KLdWYEPxG5w5N.PRr7RxJeuTUm', '5032145870', NULL, '', NULL, NULL, NULL, NULL, 'Active', NULL, '1', 20, NULL, NULL, '1', '1', '2021-02-08 12:28:30', '2021-02-08 12:28:30'),
(257, 'Aretha', 'Solanke', NULL, 'SA', 'arethasolanke001@yahoo.co.uk', '$2y$10$V2C4AXUOWnB3DClWZcn7JOBMHDwob5CA133BctpQPPZn1Rx4.ZZq2', '07984021611', NULL, '', NULL, NULL, NULL, NULL, 'Active', NULL, '1', 20, NULL, NULL, '1', '1', '2021-02-08 12:45:24', '2021-02-08 12:45:24'),
(258, 'Aretha', 'Solanke', NULL, 'SA', 'arethasolanke@yahoo.co.uk', '$2y$10$fXIqCqSAZBtsAP9rrZPJZOxWDV5BawdP4RJYJKJ0OlOFi9/QLh1EW', '07984021611', NULL, '', NULL, NULL, NULL, 'image_1612856401.jpg', 'Active', NULL, '1', 20, NULL, NULL, '1', '1', '2021-02-08 12:49:18', '2021-02-09 07:40:02'),
(261, 'Deev', 'Test', NULL, 'SA', 'd001245@gmail.com', '$2y$10$fzJjfC7fFAqlXBR1a6cX2eWI/IgzzDCqpxwfptJmLorNBrnxpdt.a', '1020302020', NULL, '', NULL, NULL, NULL, 'image_1612789603.jpg', 'Active', NULL, '1', 20, NULL, NULL, '1', '1', '2021-02-08 13:04:45', '2021-02-08 13:06:43'),
(265, 'Debnidhi', 'Kuila', NULL, 'SA', 'debnidhi.kuila@gmail.com', '$2y$10$y9oadYGxFkMZ9KvadAyjXexy3Oh0Mr58tvq4cAn4k.xMsHpG0SIUu', '2010235687', NULL, '', NULL, NULL, NULL, NULL, 'Active', NULL, '1', 20, NULL, NULL, '1', '1', '2021-02-09 08:52:44', '2021-02-09 08:52:44'),
(267, 'Pralay', 'Kumar', 'Male', 'VU', 'testp@gmail.com', '$2y$10$AleNnuDvEc.SJLoQ8eV11ODuKHNZlpa6iuTshmhWN.si7cKv8icIC', '2356254785', 25, 'NL', NULL, 11, NULL, NULL, 'Active', NULL, '1', 20, NULL, NULL, '1', '1', '2021-02-09 08:56:29', '2021-02-09 08:56:29'),
(268, 'Pralay', 'Kumar', NULL, 'SA', 'testp@gmail.com', '$2y$10$2WtuqT1x3FdMgKT4mL659e84uhk0EA6NjkqyvQoiivqxXs3hYIhPG', '3652145874', NULL, '', NULL, NULL, NULL, NULL, 'Active', NULL, '1', 20, NULL, NULL, '1', '1', '2021-02-09 08:57:08', '2021-02-09 08:57:08'),
(269, 'Malay', 'Halder', 'Male', 'VU', 'testmalay001cbi@gmail.com', '$2y$10$dYhi84vXUGQ4QvP0CMqAP.5zB7RKQMY1Nk1CE9ol3Au9YrC/qkmQ2', '2012548532', 25, 'NL', NULL, 10, NULL, NULL, 'Active', NULL, '1', 20, NULL, NULL, '1', '1', '2021-02-09 10:03:47', '2021-02-09 10:03:47'),
(270, 'Malay', 'Halder', NULL, 'SA', 'testmalay001cbi@gmail.com', '$2y$10$PeK2jpy9ek6XygPv8kTB0uCkM.YmiKk33hQzDLjnr6RYzs8IJiRji', '8563210254', NULL, '', NULL, NULL, NULL, NULL, 'Active', NULL, '1', 20, NULL, NULL, '1', '1', '2021-02-09 10:04:40', '2021-02-09 10:04:40'),
(273, 'text', 'text', NULL, 'CU', 'abelfrench.69409@gmail.com', NULL, '5555555555', NULL, 'GP', NULL, NULL, NULL, NULL, 'Active', '116668627642004972621', '1', 20, 'android', NULL, '1', '1', '2021-02-11 08:41:55', '2021-02-11 08:41:55'),
(274, 'Ashi', 'Sharma', NULL, 'CU', 'sharmaash5833@gmail.com', NULL, '88888888888', NULL, 'GP', NULL, NULL, NULL, NULL, 'Active', '108469905969456883261', '1', 20, 'android', 'NULL', '1', '1', '2021-02-12 07:03:33', '2021-02-12 07:03:43'),
(275, 'test', 'android20', NULL, 'CU', 'android20@android.com', '$2y$10$2wG9rIpzl/uufzNVabVbPeQakUm1a.5.PSR1jaVVrt6ZhH9jyZp8e', '1234567890', NULL, 'NL', NULL, NULL, NULL, '', 'Active', NULL, '1', 15, 'android', 'NULL', '1', '1', '2021-02-18 09:48:58', '2021-02-18 11:55:36'),
(276, 'itest', 'test', NULL, 'VU', 'itest1@gmail.com', '$2y$10$EaBbIxve5pQ1XoyyWoccnObEDDR75.RXQjXtwF38dI9I13Uk9sJsq', '9007778090', NULL, 'NL', NULL, NULL, NULL, '', 'Active', NULL, '1', 10, 'IOS', 'exp9J4YMS0Myt64090VxWq:APA91bE2iaIeulz7dUr0tZtNQNPzKFB9-rn_Xrxp8xCmVa0AjMu6aoCBt1-creUhYCZbVgnEl_d-7mwktRRO6zxQeXo7M8nnLnrGggEVJSYkxlyxmks2ytTrDpx9gl3v3ft5klmay93H', '1', '1', '2021-02-18 10:18:34', '2021-02-18 10:19:18'),
(277, 'text', 'text', NULL, 'CU', 'jacobjones.33622@gmail.com', NULL, '5555555555', NULL, 'GP', NULL, NULL, NULL, NULL, 'Active', '117355340477088168423', '1', 20, 'android', NULL, '1', '1', '2021-02-18 12:04:38', '2021-02-18 12:04:38'),
(278, 'android', '2595', NULL, 'CU', 'android25@mailinator.com', '$2y$10$4woGQ4jmIdWIT.d//ZaahO1NhmHFz/yY9QXzp9Nfga4pNxRZ202eu', '1234567890', NULL, 'NL', NULL, NULL, NULL, '', 'Active', NULL, '1', 20, 'android', 'c9uGqL-ZTa6BB-sECDmNLY:APA91bHbAup-CgKKp7Hc_D1dTpwuh92rbc8cijjmY_BXpcIeawORqILEfgHoXSX_kKcwwEd37qz7b2qlXrOsG6Sy6c2PHJw0u-1RTmP6yD_1750wmP5y2RNNufVfYRIRcH_DAxrfw_Jn', '1', '1', '2021-02-19 10:10:33', '2021-02-19 10:10:36'),
(279, 'custom', 'index', NULL, 'CU', 'nathandenny41@gmail.com', '$2y$10$CTCRrkgNhL57lpV4udb3Yeo/uCIWiMRLgWkltzC2vOegrU9z7LhLK', '07808065559', NULL, 'NL', NULL, NULL, NULL, '', 'Active', NULL, '1', 20, 'IOS', 'NULL', '1', '1', '2021-03-02 11:52:00', '2021-03-02 11:52:35'),
(280, 'custom', 'black', NULL, 'CU', 'dennynathan41@gmail.com', '$2y$10$XR4Jj6eh.ezOl/hu9riI4eEI9AOsdaW0SIRxyOMDSrr8bzUfcU2aS', '078065559', NULL, 'NL', NULL, NULL, NULL, '', 'Active', NULL, '1', 20, 'IOS', 'NULL', '1', '1', '2021-03-02 11:54:30', '2021-03-02 11:54:46'),
(281, 'kevin', 'm', NULL, 'VU', 'hodent12@gmail.com', '$2y$10$9S8tqkDgJQvj9NInnnzJs.sDzgHvYcgpQwf4StDLHAtPcGiwKL0g2', '0780806559', NULL, 'NL', NULL, NULL, NULL, '', 'Active', NULL, '1', 20, 'IOS', 'eiMxgdvqEURmoy464XlZpz:APA91bGVdOJ3VolD9EJfw1mvSwU4tKiLv2B9haPE5zg-e37BJPs31MFJhcXxCG9SUP9StwhQ0PGSxNPLISu6hESth7XA9WV48VvHCTuZWEOA-KdLfxtw1PgbbJx5zts5rsOEfcBwm06Y', '1', '1', '2021-03-02 12:08:04', '2021-03-03 08:16:37'),
(282, 'Debapriya', 'Chatterjee', NULL, 'VU', 'idiya2009@gmail.com', NULL, '9932882579', NULL, 'GP', NULL, NULL, NULL, NULL, 'Active', '105778816692131360548', '1', 20, 'android', 'NULL', '1', '1', '2021-03-03 12:53:29', '2021-04-05 11:23:50'),
(283, 'akash', 'das', NULL, 'CU', 'akashmaldadas@gmail.com', '$2y$10$FXClkz1J9OVEgHleaJHKXeL5ffva1UOvD8u9xQFE1Dd0G0Cvn9bay', '8250596959', NULL, 'NL', NULL, NULL, NULL, '', 'Active', NULL, '1', 20, 'android', 'eOGB-CyQSwiaVdgaUR-nuP:APA91bH8jn7YPcQC577sGY1i-Ht0VdYIkO87Ear0WbMDIVwZt9mMS_dX8snS-ftJNh3TaYGtfuSWI1dOOB45I9vm6rHMqGgbvLNFpXh4E9cM4f5HIwmqtRGAri8FhAfgbNmQP4bQLmfW', '1', '1', '2021-03-06 05:53:32', '2021-03-06 05:53:36'),
(284, 'Pritam', 'Dasgupta', 'Male', 'CU', 'tintinscorpion@gmail.com', '$2y$10$z4icB8aoSXfu5h6RevVfseCqFHhKK49P4D7ccboLwpM7UPsGJXhJW', '+918479906042', 27, 'NL', NULL, 6, NULL, '', 'Active', NULL, '1', 20, 'android', 'NULL', '1', '1', '2021-03-06 06:06:04', '2021-03-31 17:14:05'),
(285, 'pallab', 'maiti', NULL, 'CU', 'pallab@mailinator.com', '$2y$10$KwaPGAKe/e27ouEkrkQ5uu5Tl4CzxdhzJs4dqYFHiu7nq9Eh8U.r6', '98747578798', NULL, 'NL', NULL, NULL, NULL, '', 'Active', NULL, '1', 20, 'IOS', 'NULL', '1', '1', '2021-03-06 16:02:22', '2021-04-12 07:00:43'),
(286, 'user', 'user', NULL, 'CU', 'sfg@gmail.com', '$2y$10$b6Nu86wMKDjKSSSU6MWAGerPHfHZsGUNiXqa8EsWx.PJJqFWgauVK', '5555555555', NULL, 'NL', NULL, NULL, NULL, '', 'Active', NULL, '1', 20, 'IOS', 'NULL', '1', '1', '2021-03-11 17:32:06', '2021-03-11 17:32:54'),
(287, 'Pritam', 'Dasgupta', 'Male', 'VU', 'pdasgupta1993@gmail.com', '$2y$10$DscLe.04FvYUzfl4uiaib.2Fe8mYA8jC6o3.dE4E7MZkAl28IRNuK', '8479906042', 27, 'NL', NULL, 6, NULL, 'image_1616075376.png', 'Active', NULL, '1', 20, 'IOS', 'ehnWKIAIMkxxkHe4nAF31m:APA91bGn7NMv9GKgW432aqu7--lZQgGfSF2Je6ONmRkSmpDU2nP2JMaRhgv0vJAtrC76jjke3dj5KM4ID21tmbV0f7uQIDucFbqjPrBlzuaR3FiRcgpYD7OqmO-DqSPcIxIQwQH09ft-', '1', '1', '2021-03-18 09:56:30', '2021-05-08 05:56:47'),
(288, 'Mangal', 'Pradhan', NULL, 'VU', 'pradhan.mangal86@gmail.com', '$2y$10$NolyZfk2lWsqJj5DbN/Lju0tEKvYb7chVJeyB5iyK5PmUxrad6kXi', '9679244840', NULL, 'NL', NULL, NULL, NULL, '', 'Active', NULL, '1', 20, 'android', 'eUMPDqgfSLilcb87WyZn8y:APA91bEPK07CRci2ZLP-uSVZzvvv7eYBAHi-Td6wP9MZRk1nd0x9P0n6FlbyxxLBbJbZkutjJ52xWrsAboSV1XZ1mUQuWo6huTGr35r8BSmH7yIGVljKUVRNKOjMSV1Eha7HXa6_muig', '1', '1', '2021-04-04 08:55:44', '2021-04-04 08:55:49'),
(289, 'Nilanjana', 'Ghosh', NULL, 'VU', 'nil@gmail.com', '$2y$10$KrrYsT7gKPGaSqIyWcUsn.e6WMEQ7WysslCzoIIv2g0gJLc1Fy2xe', '9732942512', NULL, 'NL', NULL, NULL, NULL, '', 'Active', NULL, '1', 20, 'android', 'eG2nF_udRH2yzdPBQvSXAT:APA91bHoTbfWdm3K1-IBoj4PmDN6Orlrs2OvYZ32QGMnKEWeTqlg2dXvMVNCsXda0qIgreplEX6ON_15geCtCETDlQd-mDRPLNVJj-SvIyauSoxbtKTZhpTCA9nyMwLI8IguH9tCmEB6', '1', '1', '2021-04-05 05:35:16', '2021-04-05 05:35:21'),
(290, 'kingshuk', 'biswas', NULL, 'VU', 'kingshuk.mat@gmail.com', '$2y$10$WSTJgKz/7w9yg1/aF4srp.YlsKvAAn9WoVxiDNOZmK6UZakm1Kwfq', '7003520826', NULL, 'NL', NULL, NULL, NULL, '', 'Active', NULL, '1', 20, 'android', 'fC8ye0HWSaaDzhNDN8YZL6:APA91bFpXEVu6M-FXTfa2W6XVtm-9xUIFfMbECTIaZELuP4J6NvgmKq7mTvXfwerOsl-uDqHIJE_b_cRt4mgLfmN-KP1XQy1cksb_W0iRkwKqWEekN4DjeQNuS1lSy9Dc2QzVAA4ymdN', '1', '1', '2021-04-05 05:56:55', '2021-04-05 05:57:01'),
(291, 'Pallab', 'Maiti', NULL, 'VU', 'pallab1@mailinator.com', '$2y$10$iEnTyI0wxmOoqnv4r/fCuO.QOvtDc14/1Fry5we2IORIu2hSOtmgO', '9874756533', NULL, 'NL', NULL, NULL, NULL, '', 'Active', NULL, '1', 20, 'IOS', 'f0M7UrU8I0IMgej3_1m1On:APA91bEr2UtkYb1nw-ATASKGmG4Syv1VfpOMKJc6lOZWnG7h7MB4efein5bEyva78YwmmDhDufX3MpBf5cPvfcNot-FQz55rcmtgc30i2XruZpgeyiMVutB1ntn03ddF6TxvKgpaJYjf', '1', '1', '2021-04-12 07:01:33', '2021-04-19 17:49:11'),
(292, 'Pritam', 'Dasgupta', NULL, 'CU', 'pritam93@mailinator.com', '$2y$10$4LWUAlpZhfoFqmR68Aa1C.VmeT8g7X5jXesCNnhIci7xVTU4AEHku', '0000000000', NULL, 'NL', NULL, NULL, NULL, '', 'Active', NULL, '1', 20, 'android', 'NULL', '1', '1', '2021-04-14 17:08:21', '2021-04-14 17:09:24'),
(293, 'Pritam', 'Dasgupta', 'Male', 'AU', 'pritam1993@mailinator.com', '$2y$10$2TEtFfRUXVQphkS/HlyDxuHOo.uUoaWe1FlRhGTzdD62ctvwhvclO', '0000000000', 29, 'NL', NULL, 26, NULL, '', 'Active', NULL, '1', 20, 'IOS', 'NULL', '1', '1', '2021-04-14 17:10:59', '2021-04-20 06:12:03');

--
-- Indexes for dumped tables
--

--
-- Indexes for table `da_action`
--
ALTER TABLE `da_action`
  ADD PRIMARY KEY (`id`);

--
-- Indexes for table `da_activities`
--
ALTER TABLE `da_activities`
  ADD PRIMARY KEY (`id`);

--
-- Indexes for table `da_advertises`
--
ALTER TABLE `da_advertises`
  ADD PRIMARY KEY (`id`);

--
-- Indexes for table `da_appsettings`
--
ALTER TABLE `da_appsettings`
  ADD PRIMARY KEY (`id`);

--
-- Indexes for table `da_businesses`
--
ALTER TABLE `da_businesses`
  ADD PRIMARY KEY (`id`);

--
-- Indexes for table `da_business_favorites`
--
ALTER TABLE `da_business_favorites`
  ADD PRIMARY KEY (`id`);

--
-- Indexes for table `da_business_images`
--
ALTER TABLE `da_business_images`
  ADD PRIMARY KEY (`id`);

--
-- Indexes for table `da_business_reviews`
--
ALTER TABLE `da_business_reviews`
  ADD PRIMARY KEY (`id`);

--
-- Indexes for table `da_categories`
--
ALTER TABLE `da_categories`
  ADD PRIMARY KEY (`id`);

--
-- Indexes for table `da_cities`
--
ALTER TABLE `da_cities`
  ADD PRIMARY KEY (`id`);

--
-- Indexes for table `da_cms`
--
ALTER TABLE `da_cms`
  ADD PRIMARY KEY (`id`);

--
-- Indexes for table `da_cms_contents`
--
ALTER TABLE `da_cms_contents`
  ADD PRIMARY KEY (`id`),
  ADD UNIQUE KEY `slug` (`cms_id`,`slug`);

--
-- Indexes for table `da_countries`
--
ALTER TABLE `da_countries`
  ADD PRIMARY KEY (`id`);

--
-- Indexes for table `da_locations`
--
ALTER TABLE `da_locations`
  ADD PRIMARY KEY (`id`);

--
-- Indexes for table `da_managements`
--
ALTER TABLE `da_managements`
  ADD PRIMARY KEY (`id`);

--
-- Indexes for table `da_migrations`
--
ALTER TABLE `da_migrations`
  ADD PRIMARY KEY (`id`);

--
-- Indexes for table `da_moderators`
--
ALTER TABLE `da_moderators`
  ADD PRIMARY KEY (`id`);

--
-- Indexes for table `da_notifications`
--
ALTER TABLE `da_notifications`
  ADD PRIMARY KEY (`id`);

--
-- Indexes for table `da_notification_details`
--
ALTER TABLE `da_notification_details`
  ADD PRIMARY KEY (`id`);

--
-- Indexes for table `da_password_resets`
--
ALTER TABLE `da_password_resets`
  ADD KEY `password_resets_email_index` (`email`(191));

--
-- Indexes for table `da_preferences`
--
ALTER TABLE `da_preferences`
  ADD PRIMARY KEY (`id`);

--
-- Indexes for table `da_proves`
--
ALTER TABLE `da_proves`
  ADD PRIMARY KEY (`id`);

--
-- Indexes for table `da_reviews`
--
ALTER TABLE `da_reviews`
  ADD PRIMARY KEY (`id`);

--
-- Indexes for table `da_settings`
--
ALTER TABLE `da_settings`
  ADD PRIMARY KEY (`id`);

--
-- Indexes for table `da_sub_categories`
--
ALTER TABLE `da_sub_categories`
  ADD PRIMARY KEY (`id`);

--
-- Indexes for table `da_tags`
--
ALTER TABLE `da_tags`
  ADD PRIMARY KEY (`id`);

--
-- Indexes for table `da_transactions`
--
ALTER TABLE `da_transactions`
  ADD PRIMARY KEY (`id`);

--
-- Indexes for table `da_users`
--
ALTER TABLE `da_users`
  ADD PRIMARY KEY (`id`);

--
-- AUTO_INCREMENT for dumped tables
--

--
-- AUTO_INCREMENT for table `da_action`
--
ALTER TABLE `da_action`
  MODIFY `id` int(11) NOT NULL AUTO_INCREMENT, AUTO_INCREMENT=6;
--
-- AUTO_INCREMENT for table `da_activities`
--
ALTER TABLE `da_activities`
  MODIFY `id` int(11) NOT NULL AUTO_INCREMENT, AUTO_INCREMENT=583;
--
-- AUTO_INCREMENT for table `da_advertises`
--
ALTER TABLE `da_advertises`
  MODIFY `id` int(11) NOT NULL AUTO_INCREMENT, AUTO_INCREMENT=12;
--
-- AUTO_INCREMENT for table `da_businesses`
--
ALTER TABLE `da_businesses`
  MODIFY `id` int(11) NOT NULL AUTO_INCREMENT, AUTO_INCREMENT=127;
--
-- AUTO_INCREMENT for table `da_business_favorites`
--
ALTER TABLE `da_business_favorites`
  MODIFY `id` int(11) NOT NULL AUTO_INCREMENT, AUTO_INCREMENT=19;
--
-- AUTO_INCREMENT for table `da_business_images`
--
ALTER TABLE `da_business_images`
  MODIFY `id` int(11) NOT NULL AUTO_INCREMENT, AUTO_INCREMENT=822;
--
-- AUTO_INCREMENT for table `da_business_reviews`
--
ALTER TABLE `da_business_reviews`
  MODIFY `id` int(11) NOT NULL AUTO_INCREMENT, AUTO_INCREMENT=23;
--
-- AUTO_INCREMENT for table `da_categories`
--
ALTER TABLE `da_categories`
  MODIFY `id` int(11) NOT NULL AUTO_INCREMENT, AUTO_INCREMENT=133;
--
-- AUTO_INCREMENT for table `da_cities`
--
ALTER TABLE `da_cities`
  MODIFY `id` int(11) NOT NULL AUTO_INCREMENT, AUTO_INCREMENT=64;
--
-- AUTO_INCREMENT for table `da_locations`
--
ALTER TABLE `da_locations`
  MODIFY `id` int(11) NOT NULL AUTO_INCREMENT, AUTO_INCREMENT=499;
--
-- AUTO_INCREMENT for table `da_managements`
--
ALTER TABLE `da_managements`
  MODIFY `id` int(11) NOT NULL AUTO_INCREMENT, AUTO_INCREMENT=12;
--
-- AUTO_INCREMENT for table `da_moderators`
--
ALTER TABLE `da_moderators`
  MODIFY `id` int(11) NOT NULL AUTO_INCREMENT, AUTO_INCREMENT=275;
--
-- AUTO_INCREMENT for table `da_notifications`
--
ALTER TABLE `da_notifications`
  MODIFY `id` int(11) NOT NULL AUTO_INCREMENT, AUTO_INCREMENT=175;
--
-- AUTO_INCREMENT for table `da_notification_details`
--
ALTER TABLE `da_notification_details`
  MODIFY `id` int(11) NOT NULL AUTO_INCREMENT, AUTO_INCREMENT=452;
--
-- AUTO_INCREMENT for table `da_preferences`
--
ALTER TABLE `da_preferences`
  MODIFY `id` int(11) NOT NULL AUTO_INCREMENT, AUTO_INCREMENT=129;
--
-- AUTO_INCREMENT for table `da_proves`
--
ALTER TABLE `da_proves`
  MODIFY `id` int(11) NOT NULL AUTO_INCREMENT;
--
-- AUTO_INCREMENT for table `da_reviews`
--
ALTER TABLE `da_reviews`
  MODIFY `id` int(11) NOT NULL AUTO_INCREMENT;
--
-- AUTO_INCREMENT for table `da_sub_categories`
--
ALTER TABLE `da_sub_categories`
  MODIFY `id` int(11) NOT NULL AUTO_INCREMENT, AUTO_INCREMENT=179;
--
-- AUTO_INCREMENT for table `da_tags`
--
ALTER TABLE `da_tags`
  MODIFY `id` int(50) NOT NULL AUTO_INCREMENT, AUTO_INCREMENT=301;
--
-- AUTO_INCREMENT for table `da_transactions`
--
ALTER TABLE `da_transactions`
  MODIFY `id` int(11) NOT NULL AUTO_INCREMENT;
--
-- AUTO_INCREMENT for table `da_users`
--
ALTER TABLE `da_users`
  MODIFY `id` int(20) UNSIGNED NOT NULL AUTO_INCREMENT, AUTO_INCREMENT=294;
/*!40101 SET CHARACTER_SET_CLIENT=@OLD_CHARACTER_SET_CLIENT */;
/*!40101 SET CHARACTER_SET_RESULTS=@OLD_CHARACTER_SET_RESULTS */;
/*!40101 SET COLLATION_CONNECTION=@OLD_COLLATION_CONNECTION */;
